symbol,company_name,industry,yahoo_symbol,latest_close,price_date,return_63d,return_126d,return_189d,return_252d,weighted_momentum,rs_rating,is_high_rs
CUPID,Cupid Limited,,CUPID.NS,289.8699951171875,2026-08-12,1.4083582057763566,2.3322221201929176,4.723452901338413,7.629651497481607,3.50040858611313,99,True
YASHO,Yasho Industries Limited,,YASHO.NS,4210.0,2026-08-12,1.482855476158063,2.0039772191797742,1.6520594563943738,1.2904168183889917,1.5824328892558532,99,True
INDSWFTLAB,Ind-Swift Laboratories Limited,,INDSWFTLAB.NS,300.0,2026-08-12,1.2406453160623,1.187386170986115,1.8788024434854846,1.9940120672355262,1.5082982627663453,99,True
HFCL,HFCL Limited,,HFCL.NS,221.52000427246094,2026-08-12,0.4978700736134172,2.0639003447051056,1.8291187182461788,1.999427181552457,1.3776372783461153,99,True
ATHERENERG,Ather Energy Limited,,ATHERENERG.NS,1569.4000244140625,2026-08-12,0.6742052310005455,1.1571026743809805,1.3785996566379248,2.9427209459690498,1.3653667477978093,99,True
SKYGOLD,SKY GOLD AND DIAMONDS LIMITED,,SKYGOLD.NS,838.7999877929688,2026-08-12,0.8798744169549149,1.5510949480969116,1.4190338508809481,1.9483303613109624,1.3356415988397305,99,True
CPPLUS,Aditya Infotech Limited,,CPPLUS.NS,3899.10009765625,2026-08-12,0.5829525711322996,1.4580151837599717,1.6005801460688867,2.439011047517493,1.3327023039221901,98,True
RPTECH,Rashi Peripherals Limited,,RPTECH.NS,848.0,2026-08-12,0.6707713927596466,1.1997405966277563,1.5798599589521412,1.984777852765606,1.2211842387729592,98,True
DEEDEV,DEE Development Engineers Limited,,DEEDEV.NS,638.7000122070312,2026-08-12,0.2738333067050114,1.9682128169294137,1.8124174154178672,1.4266716663547658,1.150993702422414,98,True
SANSERA,Sansera Engineering Limited,,SANSERA.NS,3878.300048828125,2026-08-12,0.626121613764413,0.9057985497926904,1.5069812856031835,2.0559476067764995,1.14419413394024,98,True
UNIVCABLES,Universal Cables Limited,,UNIVCABLES.NS,1700.199951171875,2026-08-12,0.7000434774436044,1.324821086243316,1.3784496113043674,1.425508168087188,1.1057731641044162,98,True
SETL,Standard Engineering Technology Limited,,SETL.NS,300.04998779296875,2026-08-12,1.2009094385900623,1.2426937951275656,0.832030712109747,0.7408330629522428,1.043475289473936,98,True
GVPIL,GE Power India Limited,,GVPIL.NS,794.0,2026-08-12,0.15153881568389105,1.3397143471732917,1.7631372999648578,1.5426998238625362,0.9897258204736936,98,True
SAKAR,Sakar Healthcare Limited,,SAKAR.NS,935.7999877929688,2026-08-12,0.3431892800295899,1.01789754780155,1.3123300211669977,1.777266519931116,0.9587745297917688,98,True
SHILPAMED,Shilpa Medicare Limited,,SHILPAMED.NS,805.2000122070312,2026-08-12,0.68311041488278,1.370326709662582,1.04677179638926,0.9610208298679814,0.9488680331370767,98,True
AEROFLEX,Aeroflex Industries Limited,,AEROFLEX.NS,446.54998779296875,2026-08-12,0.20526937935984568,1.2938220407758885,1.435826410277496,1.514481093297627,0.9309336606141407,98,True
INDOTECH,Indo Tech Transformers Limited,,INDOTECH.NS,3539.0,2026-08-12,0.3612585327841751,1.4600306270397203,1.2264863164517146,1.2179744636185554,0.9254016945356682,97,True
SBCL,Shivalik Bimetal Controls Limited,,SBCL.NS,1026.6500244140625,2026-08-12,0.7075260281314968,0.9978518557230003,1.0444194769436885,0.986475939097085,0.8887598656053536,97,True
PAISALO,Paisalo Digital Limited,,PAISALO.NS,68.75,2026-08-12,0.4712176476240102,1.004957660087677,1.1238802060101576,1.245894576020791,0.8634335474733292,97,True
WELCORP,Welspun Corp Limited,,WELCORP.NS,1867.5999755859375,2026-08-12,0.43147543670895483,1.2463600882253356,1.0354131021932598,1.146885181674202,0.8583218491021415,97,True
INDOBORAX,Indo Borax & Chemicals Limited,,INDOBORAX.NS,449.04998779296875,2026-08-12,0.7845710483759272,1.0148739063198455,0.9320533483894051,0.7027101085723635,0.8437558920066937,97,True
PARAS,Paras Defence and Space Technologies Limited,,PARAS.NS,1280.699951171875,2026-08-12,0.6998936948109424,0.9241286029862845,0.8228010186078181,0.9728874728578556,0.8239208968147687,97,True
VINDHYATEL,Vindhya Telelinks Limited,,VINDHYATEL.NS,2563.0,2026-08-12,0.6163826359603615,1.2358085745145608,0.9219462353652053,0.7051992339470512,0.819143863149508,97,True
RRKABEL,R R Kabel Limited,,RRKABEL.NS,2789.60009765625,2026-08-12,0.43138089924483025,0.9750226109817854,1.0616527194218022,1.1930210153761145,0.8184916288538726,97,True
KMEW,Knowledge Marine & Engineering Works Limited,,KMEW.NS,2593.0,2026-08-12,0.3110526524338948,0.47212442605851157,0.888290192398536,2.1063192572626535,0.8177678361174983,97,True
AEGISLOG,Aegis Logistics Limited,,AEGISLOG.NS,1264.5,2026-08-12,0.8856897574274134,0.7647502568217479,0.651816354183983,0.7850702359395432,0.7946032723600203,97,True
UNIPARTS,Uniparts India Limited,,UNIPARTS.NS,813.5499877929688,2026-08-12,0.5316662491582802,0.5909527977975026,0.7327453000048294,1.5725379913530149,0.7919137174943816,96,True
APARINDS,Apar Industries Limited,,APARINDS.NS,18000.0,2026-08-12,0.42292490118577075,0.9010402914928446,1.1099519399835893,1.0715847623431927,0.7856853592382337,96,True
MBAPL,Madhya Bharat Agro Products Limited,,MBAPL.NS,165.75,2026-08-12,0.5495670378748778,0.7857549499721597,1.0445729118640785,0.9727801326332663,0.780448414043852,96,True
AETHER,Aether Industries Limited,,AETHER.NS,1612.699951171875,2026-08-12,0.45092213330802977,0.6435996036571578,1.2013377080473266,1.1550076886274705,0.780357853389603,96,True
SENORES,Senores Pharmaceuticals Limited,,SENORES.NS,1492.4000244140625,2026-08-12,0.42085976969869265,0.8014364203317905,0.9507222380584142,1.2356378573957962,0.7659032110366772,96,True
BETA,Beta Drugs Limited,,BETA.NS,2559.0,2026-08-12,1.0119505864298395,0.811809654323397,0.5142011834319526,0.4790198082405295,0.7657863637711116,96,True
TDPOWERSYS,TD Power Systems Limited,,TDPOWERSYS.NS,1480.0999755859375,2026-08-12,0.12982941177018725,0.7384949253424464,0.9046671967279567,1.9199886210555626,0.7645619133332682,96,True
AVALON,Avalon Technologies Limited,,AVALON.NS,1963.9000244140625,2026-08-12,0.4843171798445127,0.863459511262402,0.9316415863425329,1.0535369629834705,0.7634544840554862,96,True
LAURUSLABS,Laurus Labs Limited,,LAURUSLABS.NS,1850.0,2026-08-12,0.39770325938623063,0.9163263667475294,0.8787073919931057,1.2109990315791563,0.7602878618184505,96,True
HAPPYFORGE,Happy Forgings Limited,,HAPPYFORGE.NS,2022.699951171875,2026-08-12,0.4624147856599321,0.7632908517855042,1.020510612493677,1.0792456874051348,0.757575344600836,96,True
THANGAMAYL,Thangamayil Jewellery Limited,,THANGAMAYL.NS,5328.0,2026-08-12,0.48653484168209604,0.4431308527308737,0.6472648075023562,1.7237477271667823,0.7574426141528409,95,True
SOTL,Savita Oil Technologies Limited,,SOTL.NS,695.9000244140625,2026-08-12,0.7006353950497388,0.8836107766159613,0.7919402947777183,0.6426545776847521,0.7438952878355819,95,True
BLUSPRING,Bluspring Enterprises Limited,,BLUSPRING.NS,121.51000213623047,2026-08-12,0.7884898111539633,1.0442463819578678,0.6264222142318896,0.46028125793964536,0.741585895287466,95,True
KERNEX,Kernex Microsystems (India) Limited,,KERNEX.NS,2170.5,2026-08-12,0.5450597412853286,0.8138893901758391,0.6729612757485885,1.0991295938104448,0.735219948461106,95,True
FCL,Fineotex Chemical Limited,,FCL.NS,42.650001525878906,2026-08-12,0.6764937354769913,0.7486675929963471,0.6944776081287456,0.8015244838526221,0.7195314311863394,95,True
SPORTKING,Sportking India Limited,,SPORTKING.NS,203.52999877929688,2026-08-12,0.3769704495030184,0.874815800999299,1.055650887667436,0.8780121701169408,0.7124839515579425,95,True
GRWRHITECH,Garware Hi-Tech Films Limited,,GRWRHITECH.NS,7132.5,2026-08-12,0.32000224468047334,0.6657325399166709,1.0623102501084287,1.185444463744464,0.710698348626102,95,True
FILATEX,Filatex India Limited,,FILATEX.NS,83.51000213623047,2026-08-12,0.9705049559109038,0.6010353217125972,0.42678974676092896,0.5447005478441194,0.7027071056278906,95,True
BLSE,BLS E-Services Limited,,BLSE.NS,316.6499938964844,2026-08-12,0.6484460405709516,0.8808736248382942,0.5994577313553533,0.6926388470074258,0.6939724568685953,95,True
RISHABH,Rishabh Instruments Limited,,RISHABH.NS,668.2999877929688,2026-08-12,0.3999179822482388,0.5043660843182924,0.7990627624797411,1.3647997017820725,0.6936129026153168,95,True
SYRMA,Syrma SGS Technology Limited,,SYRMA.NS,1473.300048828125,2026-08-12,0.45403409704231423,0.6847341896262149,0.7728176047999096,1.0777409345352593,0.6886721846092025,94,True
TFCILTD,Tourism Finance Corporation of India Limited,,TFCILTD.NS,115.0999984741211,2026-08-12,0.520475602565976,0.666907941884457,0.6734515922784048,1.0575385454669441,0.6877698569523516,94,True
IOLCP,IOL Chemicals and Pharmaceuticals Limited,,IOLCP.NS,158.4199981689453,2026-08-12,0.4953746886740438,0.9835389892966175,0.8081922210665573,0.6386108583441137,0.6842182892110752,94,True
MOREPENLAB,Morepen Laboratories Limited,,MOREPENLAB.NS,73.45999908447266,2026-08-12,0.7515498686185111,0.840180422192977,0.584897551301713,0.48170845339724777,0.681977232825792,94,True
KIRLOSENG,Kirloskar Oil Engines Limited,,KIRLOSENG.NS,2056.0,2026-08-12,0.18397139362648063,0.6319879384403109,1.1623623877695506,1.2446710101861291,0.6813928247297903,94,True
MARINE,Marine Electricals (India) Limited,,MARINE.NS,347.0,2026-08-12,0.5862857142857143,0.7746637455446099,0.4629005247235165,0.9954287896400873,0.6811128976959285,94,True
CYIENTDLM,Cyient DLM Limited,,CYIENTDLM.NS,688.9500122070312,2026-08-12,0.6551351644613364,0.8834063291356784,0.5792550423083811,0.5903739445828411,0.6726611289899146,94,True
SUVEN,Suven Life Sciences Limited,,SUVEN.NS,330.54998779296875,2026-08-12,0.5654747684009873,1.0865420503316585,0.8120271412722813,0.2520832870945786,0.6563204031000986,94,True
IBULLSLTD,Indiabulls Limited,,IBULLSLTD.NS,26.889999389648438,2026-08-12,0.3976091325122548,1.5037243913133587,0.2792577927712032,0.6848370504622183,0.6526074999142579,94,True
KRISHANA,Krishana Phoschem Limited,,KRISHANA.NS,186.25,2026-08-12,0.39167427145656686,0.8127496533543705,0.8339755185555833,0.8201147607193298,0.6500376951084834,94,True
SANGHVIMOV,Sanghvi Movers Limited,,SANGHVIMOV.NS,500.45001220703125,2026-08-12,0.6532870565751718,0.6678887937577134,0.40832982583725386,0.7842350992192177,0.6334055663929058,93,True
PRECWIRE,Precision Wires India Limited,,PRECWIRE.NS,421.8500061035156,2026-08-12,0.12353651795371268,0.6327698030248428,0.8371509236337076,1.4365711443282425,0.6307129813788437,93,True
STYLAMIND,Stylam Industries Limited,,STYLAMIND.NS,3544.699951171875,2026-08-12,0.33570724468754043,0.6008218728296728,0.8303728162029904,1.045294559520988,0.6295807475857464,93,True
RPEL,Raghav Productivity Enhancers Limited,,RPEL.NS,1281.5999755859375,2026-08-12,0.5538196119708525,0.6846309694420694,0.2855061599225919,1.064952315597314,0.6285457337807361,93,True
ASTRAMICRO,Astra Microwave Products Limited,,ASTRAMICRO.NS,1665.4000244140625,2026-08-12,0.504970234191668,0.8197115408662443,0.5876072682688871,0.7192525896615167,0.6273023734359968,93,True
RATEGAIN,Rategain Travel Technologies Limited,,RATEGAIN.NS,934.25,2026-08-12,0.49396343883220073,0.575729400455463,0.3842791023916483,1.1866588648332357,0.6269188490689497,93,True
EMIL,Electronics Mart India Limited,,EMIL.NS,193.61000061035156,2026-08-12,0.6148970022187545,0.8297892928608881,0.42245242628870394,0.6204385267044445,0.6204948500583092,93,True
CHENNPETRO,Chennai Petroleum Corporation Limited,,CHENNPETRO.NS,1379.5,2026-08-12,0.4268161460059179,0.5793017169190935,0.4053192240122092,1.2632181863916085,0.6202942838669494,93,True
ACUTAAS,Acutaas Chemicals Limited,,ACUTAAS.NS,3153.39990234375,2026-08-12,0.15466858379485537,0.5382438548018293,0.7958880679416973,1.4379136206491885,0.6162765421964853,93,True
CEMPRO,Cemindia Projects Limited,,CEMPRO.NS,1261.699951171875,2026-08-12,0.4061794863300543,0.9223840744771254,0.5625084893503014,0.7332540031368742,0.6061011079248819,93,True
PGIL,Pearl Global Industries Limited,,PGIL.NS,2481.89990234375,2026-08-12,0.4927170322338603,0.38901454392845447,0.7748429445194303,0.8780007130809717,0.6054584531993155,92,True
GANDHAR,Gandhar Oil Refinery (India) Limited,,GANDHAR.NS,236.5,2026-08-12,0.5915503761422869,0.5376237188630053,0.7735095576107884,0.501455948629556,0.5991379954775847,92,True
EBGNG,GNG Electronics Limited,,EBGNG.NS,574.3499755859375,2026-08-12,0.3702731336023404,0.7093749273390997,0.6845577211394303,0.8584371405013356,0.5985832112369093,92,True
MWL,Mangalam Worldwide Limited,,MWL.NS,41.599998474121094,2026-08-12,0.17248080143176714,0.49603991894499533,0.9065295795838977,1.2211144565859633,0.5937291115956782,92,True
PANAMAPET,Panama Petrochem Limited,,PANAMAPET.NS,480.54998779296875,2026-08-12,0.6201954750643301,0.5681186772749063,0.7455503418124094,0.3864608012430957,0.5881041540918144,92,True
KDDL,KDDL Limited,,KDDL.NS,3850.60009765625,2026-08-12,0.7136627047869382,0.5096248760608468,0.5144219546975186,0.44889618989105573,0.5800536860446596,92,True
GNA,GNA Axles Limited,,GNA.NS,552.5999755859375,2026-08-12,0.499153623292075,0.24971546391752586,0.7792865125933415,0.8620302299763529,0.577867890614274,92,True
CONFIPET,Confidence Petroleum India Limited,,CONFIPET.NS,73.81999969482422,2026-08-12,0.19818209646992213,1.162906457210398,0.8276801389044726,0.4851949970459528,0.5744291572201335,92,True
NRBBEARING,NRB Bearing Limited,,NRBBEARING.NS,461.6499938964844,2026-08-12,0.3307869761284621,0.6761852198137901,0.7443025503915683,0.7439649153711643,0.5652053275666894,92,True
QUESS,Quess Corp Limited,,QUESS.NS,334.20001220703125,2026-08-12,0.6623683574166062,0.5750731187079616,0.6015369162929622,0.2926480392379054,0.5587989578144084,92,True
SONACOMS,Sona BLW Precision Forgings Limited,,SONACOMS.NS,804.5,2026-08-12,0.40674457718401724,0.5191834698658095,0.6526332913830581,0.8034081466989762,0.5577428124631757,91,True
IZMO,IZMO Limited,,IZMO.NS,946.5999755859375,2026-08-12,0.4429877676614902,0.12831511033143772,0.13849294808866253,1.629444376627604,0.556445594074137,91,True
SAILIFE,Sai Life Sciences Limited,,SAILIFE.NS,1465.0,2026-08-12,0.34292782767776697,0.5965562761316747,0.6327667874059626,0.8507990936678194,0.5531955625121981,91,True
VADILALIND,Vadilal Industries Limited,,VADILALIND.NS,7246.5,2026-08-12,0.7289796865596141,0.5473724346884352,0.37322342239909045,0.3836285825603767,0.5524367625534262,91,True
MARKSANS,Marksans Pharma Limited,,MARKSANS.NS,312.6000061035156,2026-08-12,0.5068691766792741,0.6717471357844502,0.6119219198142853,0.45836247820096787,0.5511539774316503,91,True
GLAND,Gland Pharma Limited,,GLAND.NS,2891.199951171875,2026-08-12,0.559194180675064,0.5449708121858039,0.5485846345047058,0.5020075843909029,0.5427902784863081,91,True
HONASA,Honasa Consumer Limited,,HONASA.NS,467.3999938964844,2026-08-12,0.3203389658092779,0.5758596907559006,0.7030423505461585,0.7802323962210507,0.5399624738283331,91,True
KTKBANK,The Karnataka Bank Limited,,KTKBANK.NS,313.70001220703125,2026-08-12,0.27468510535136437,0.517658523650496,0.7675232125236935,0.8576021509126615,0.5384308195579159,91,True
AKUMS,Akums Drugs and Pharmaceuticals Limited,,AKUMS.NS,750.0,2026-08-12,0.457677528705144,0.6128988858226281,0.6621735137087381,0.50004257322977,0.5380940060342849,91,True
NETWEB,Netweb Technologies India Limited,,NETWEB.NS,4837.39990234375,2026-08-12,0.2603606577210742,0.5229094456403909,0.3854695953460392,1.2574437347758618,0.537308818240888,91,True
ARVIND,Arvind Limited,,ARVIND.NS,566.8499755859375,2026-08-12,0.2565949189011101,0.5374286867873541,0.7436172406759225,0.8800994215122304,0.5348670373555455,91,True
SHRIPISTON,SPR Auto Technologies Limited,,SHRIPISTON.NS,4478.7001953125,2026-08-12,0.32445557257022895,0.46893683751829096,0.6844696990218009,0.8553659068920605,0.531536717714522,90,True
BAJAJCON,Bajaj Consumer Care Limited,,BAJAJCON.NS,534.0,2026-08-12,-0.006419224353282349,0.3942558746736293,0.8996797879945739,1.3739663652715555,0.5310127158466389,90,True
ADANIENSOL,Adani Energy Solutions Limited,,ADANIENSOL.NS,1599.0,2026-08-12,0.226603275503505,0.5726579788541923,0.6162943694836307,1.0123333112625614,0.5308984421214789,90,True
DEEPINDS,Deep Industries Limited,,DEEPINDS.NS,696.0999755859375,2026-08-12,0.5621632990378129,0.7476776221940569,0.4628558719289142,0.31257992938132695,0.5294880043159849,90,True
APOLLO,Apollo Micro Systems Limited,,APOLLO.NS,379.8500061035156,2026-08-12,0.2895943705504478,0.5634904748915821,0.3740278145440954,1.1215576148176192,0.5276529290708385,90,True
INOXINDIA,INOX India Limited,,INOXINDIA.NS,1911.199951171875,2026-08-12,0.3353093329521546,0.638128936600171,0.6246376316819773,0.6723461703325573,0.521146280903803,90,True
SHAILY,Shaily Engineering Plastics Limited,,SHAILY.NS,3434.0,2026-08-12,0.2404724702633585,0.5525815734652106,0.3981514854695529,1.168108741589823,0.5199573482102607,90,True
TBZ,Tribhovandas Bhimji Zaveri Limited,,TBZ.NS,238.0,2026-08-12,0.8455334026778369,0.4067025034911502,0.25019701688542106,0.23323306481294437,0.516239878109038,90,True
SBC,SBC Exports Limited,,SBC.NS,40.220001220703125,2026-08-12,0.19988068828882266,0.31566900955883037,0.6011146447848026,1.260820638047218,0.5154731337936993,90,True
BELRISE,Belrise Industries Limited,,BELRISE.NS,261.3500061035156,2026-08-12,0.24773225306219326,0.43622577540424423,0.7305654794712104,0.9146616908231839,0.5153834903646051,90,True
HSCL,Himadri Speciality Chemical Limited,,HSCL.NS,762.4000244140625,2026-08-12,0.28092988704664523,0.6571179429875773,0.6625309566010646,0.6927588372357123,0.514853502183529,89,True
QMSMEDI,QMS Medical Allied Services Limited,,QMSMEDI.NS,129.5,2026-08-12,0.5621230110541551,0.41530054644808745,0.3820704825799828,0.6468400552833271,0.5136914212839415,89,True
TMB,Tamilnad Mercantile Bank Limited,,TMB.NS,856.1500244140625,2026-08-12,0.3027866048669807,0.23354348267505687,0.7035164998246954,1.0162783814820187,0.5117823147431465,89,True
CENTUM,Centum Electronics Limited,,CENTUM.NS,3785.0,2026-08-12,0.258967182022142,0.5889744562631689,0.5659333222630691,0.7888993199501895,0.4923482925041423,89,True
IDEAFORGE,Ideaforge Technology Limited,,IDEAFORGE.NS,810.2999877929688,2026-08-12,-0.010260198227453166,0.8627585926275143,0.7437055444534122,0.872876457238182,0.49176403957284043,89,True
NEULANDLAB,Neuland Laboratories Limited,,NEULANDLAB.NS,22510.0,2026-08-12,0.3593490572702833,0.6702415260037231,0.3116734764857805,0.7575871119347157,0.4916400457929572,89,True
JAYBARMARU,Jay Bharat Maruti Limited,,JAYBARMARU.NS,132.27999877929688,2026-08-12,0.5464110049510793,0.30685632467904833,0.4933393096061294,0.5404582316213136,0.48669517516173,89,True
SJS,S.J.S. Enterprises Limited,,SJS.NS,2430.300048828125,2026-08-12,0.2793654394284406,0.33537143468088404,0.39219248475470536,1.1132465164740522,0.4799082629533046,89,True
VARROC,Varroc Engineering Limited,,VARROC.NS,836.1500244140625,2026-08-12,0.501933126804238,0.5054412219458113,0.2943818020800273,0.5888101322137171,0.47849988196960636,89,True
SHIVAUM,Shiv Aum Steels Limited,,SHIVAUM.NS,449.54998779296875,2026-08-12,0.3832307316706731,0.6347272283380683,0.49849995930989577,0.4885761185197641,0.47765295390181495,89,True
BHARATSE,Bharat Seats Limited,,BHARATSE.NS,235.2899932861328,2026-08-12,0.24905014866727582,0.40596938389862336,0.25534039869603875,1.1985647844870515,0.471594972883253,88,True
MOTHERSON,Samvardhana Motherson International Limited,,MOTHERSON.NS,169.5,2026-08-12,0.3069170641040859,0.31593607558550363,0.615035110780076,0.8096215611173065,0.47088537513821166,88,True
GRANULES,Granules India Limited,,GRANULES.NS,860.2000122070312,2026-08-12,0.1708664584113404,0.48363492697790034,0.5668305480392768,0.9619707916100948,0.47083383668999057,88,True
HIRECT,Hind Rectifiers Limited,,HIRECT.NS,1255.0,2026-08-12,0.3275354204511236,0.7715759263934134,0.5559021032455009,0.35927849676778423,0.46836547346178914,88,True
ICIL,Indo Count Industries Limited,,ICIL.NS,404.3500061035156,2026-08-12,0.39334937661907743,0.359570966425534,0.4863077531590547,0.6901982150137438,0.4645551375672975,88,True
THYROCARE,Thyrocare Technologies Limited,,THYROCARE.NS,645.0,2026-08-12,0.41381655535935713,0.6079617820584344,0.414683772524866,0.4630801289066897,0.4626717588417409,88,True
DATAPATTNS,Data Patterns (India) Limited,,DATAPATTNS.NS,4491.0,2026-08-12,0.1610446307431994,0.5845061851273552,0.632673029443902,0.7515525572811534,0.4581642066677619,88,True
SCHNEIDER,Schneider Electric Infrastructure Limited,,SCHNEIDER.NS,1431.9000244140625,2026-08-12,0.1325634494290222,0.8244251372309255,0.7434555530214038,0.4554787987204083,0.4576972775661564,88,True
BALAMINES,Balaji Amines Limited,,BALAMINES.NS,2080.89990234375,2026-08-12,0.22565305499563748,0.8576968947738253,0.6180820258132136,0.3600476083984241,0.4574265277953476,88,True
KRN,KRN Heat Exchanger and Refrigeration Limited,,KRN.NS,1331.9000244140625,2026-08-12,0.13585199739452847,0.8023004389906123,0.7015650263993134,0.5071857033108516,0.4565510326979669,88,True
SSWL,Steel Strips Wheels Limited,,SSWL.NS,312.5,2026-08-12,0.513757005930557,0.3704337221983631,0.410580524828249,0.44307149876715335,0.45031995153097587,87,True
SMLMAH,SML Mahindra Limited,,SMLMAH.NS,5172.0,2026-08-12,0.4314644830513674,0.2013102039830319,0.756656688140358,0.41765613782625244,0.44771039921047545,87,True
RADICO,Radico Khaitan Limited,,RADICO.NS,4533.0,2026-08-12,0.2983132010483467,0.6438910967196316,0.3937469542321872,0.6010210847058988,0.44705710755088224,87,True
ORCHPHARMA,Orchid Pharma Limited,,ORCHPHARMA.NS,1063.300048828125,2026-08-12,0.4921415734737056,0.5442597744229938,0.2945761008510219,0.402030609966854,0.4450299264376562,87,True
SGFIN,SG Finserve Limited,,SGFIN.NS,651.4500122070312,2026-08-12,0.12571280191017786,0.6616503825809192,0.6386618845685526,0.6637722705063245,0.44310202829523043,87,True
LLOYDSENGG,LLOYDS ENGINEERING WORKS LIMITED,,LLOYDSENGG.NS,92.41000366210938,2026-08-12,0.3091090587365055,0.6501786368233817,0.585893305923203,0.34517552724809253,0.43989311749353766,87,True
NEOGEN,Neogen Chemicals Limited,,NEOGEN.NS,2067.211658535841,2026-08-12,0.24231132298903302,0.5732542138912229,0.6693840587742577,0.4617291887907855,0.4377980214868664,87,True
NATIONALUM,National Aluminium Company Limited,,NATIONALUM.NS,420.0,2026-08-12,0.04063427564041744,0.1449671415621634,0.6330531119360028,1.313289755990806,0.43451571215396145,87,True
POWERINDIA,Hitachi Energy India Limited,,POWERINDIA.NS,35800.0,2026-08-12,0.10035346549869373,0.5941577236496416,0.6381440468564108,0.7291347930077658,0.4324286989022411,87,True
MANCREDIT,Mangal Credit and Fincorp Limited,,MANCREDIT.NS,243.44000244140625,2026-08-12,0.46588782865612766,0.5370627284771887,0.3310006045116962,0.3338901630758673,0.4267458306754015,87,True
UNIMECH,Unimech Aerospace and Manufacturing Limited,,UNIMECH.NS,1424.699951171875,2026-08-12,0.5137058358415008,0.405306735378278,0.42741206895181083,0.27069212737904835,0.42616452067842775,86,True
PARACABLES,Paramount Communications Limited,,PARACABLES.NS,68.22000122070312,2026-08-12,0.21258448730867263,0.7275259134238601,0.6819526358701351,0.29548046749672907,0.42602559828161396,86,True
ASKAUTOLTD,ASK Automotive Limited,,ASKAUTOLTD.NS,651.2000122070312,2026-08-12,0.4240769903738675,0.45466324122236723,0.43015357253850617,0.39400697495996684,0.4253955538937151,86,True
APCOTEXIND,Apcotex Industries Limited,,APCOTEXIND.NS,598.0499877929688,2026-08-12,0.23755418865593447,0.623915740584523,0.5323383496937615,0.49104039790898746,0.4244805730998282,86,True
FEDERALBNK,The Federal Bank  Limited,,FEDERALBNK.NS,356.8500061035156,2026-08-12,0.2685745523961778,0.26430471604434236,0.5127814109408797,0.8074320230297529,0.42433345096146613,86,True
FINCABLES,Finolex Cables Limited,,FINCABLES.NS,1280.050048828125,2026-08-12,0.21805121238038505,0.5480106555023534,0.6282516174723505,0.506311365284065,0.4237352126039078,86,True
OFSS,Oracle Financial Services Software Limited,,OFSS.NS,11679.0,2026-08-12,0.2955074875207986,0.6362828497816919,0.4576060312365322,0.4233034675903291,0.42164146473003006,86,True
ACMESOLAR,Acme Solar Holdings Limited,,ACMESOLAR.NS,372.6000061035156,2026-08-12,0.350000022114187,0.5731475469781928,0.4810501720340681,0.34728488487445763,0.42029652962301856,86,True
QPOWER,Quality Power Electrical Equipments Limited,,QPOWER.NS,1294.5,2026-08-12,0.17821066490381154,0.6269716084698216,0.4415367483296213,0.6665305726039823,0.41829205184220963,86,True
ATALREAL,Atal Realtech Limited,,ATALREAL.NS,35.5,2026-08-12,0.23650300007148406,0.354444915682234,0.4372469191687296,0.8195796813701313,0.4168555032728126,86,True
RAMCOSYS,Ramco Systems Limited,,RAMCOSYS.NS,619.9000244140625,2026-08-12,0.6270341848138123,0.1314108355388348,0.05201531508538393,0.6296005109367895,0.41341900623772665,85,True
SKMEGGPROD,SKM Egg Products Export (India) Limited,,SKMEGGPROD.NS,257.3800048828125,2026-08-12,0.4256910575702544,0.3613668052811907,0.22518152384514956,0.6115251044006387,0.40989110973349757,85,True
REDINGTON,Redington Limited,,REDINGTON.NS,339.3999938964844,2026-08-12,0.5674178550713445,0.28321827229250207,0.20310054156221158,0.42826381606169917,0.4098836680118204,85,True
AZAD,Azad Engineering Limited,,AZAD.NS,2479.5,2026-08-12,0.18172722223883553,0.5562040569970965,0.5374837694998758,0.585865046370323,0.4086014634689933,85,True
GHCLTEXTIL,GHCL Textiles Limited,,GHCLTEXTIL.NS,115.93000030517578,2026-08-12,0.3321155510646674,0.46547776767370186,0.498031435125988,0.4141416613751365,0.4083763932608322,85,True
PRICOLLTD,Pricol Limited,,PRICOLLTD.NS,783.25,2026-08-12,0.27419877085702904,0.34106671752494355,0.33601672836039054,0.8150389152057553,0.40810398056102953,85,True
ANANDRATHI,Anand Rathi Wealth Limited,,ANANDRATHI.NS,2189.0,2026-08-12,0.22184697068990733,0.48025543323933984,0.42195494254623545,0.6910032565340498,0.407381514739888,85,True
CRAFTSMAN,Craftsman Automation Limited,,CRAFTSMAN.NS,10511.0,2026-08-12,0.24358367923976765,0.3426672804138553,0.554364750766188,0.6297060430964383,0.40278108655120337,85,True
LUMAXTECH,Lumax Auto Technologies Limited,,LUMAXTECH.NS,2039.300048828125,2026-08-12,0.2504904556789673,0.2482778589118666,0.47581857355392776,0.7799960022946317,0.4010146692236721,85,True
STOVEKRAFT,Stove Kraft Limited,,STOVEKRAFT.NS,799.0999755859375,2026-08-12,0.4469895438405387,0.4878049002221174,0.24586832736082043,0.3732146835317707,0.4001733997591572,85,True
TALBROAUTO,Talbros Automotive Components Limited,,TALBROAUTO.NS,418.0,2026-08-12,0.29692837676588657,0.45949723780748664,0.4504058842091665,0.49057669230544043,0.3988673135707734,84,True
BHEL,Bharat Heavy Electricals Limited,,BHEL.NS,420.0,2026-08-12,0.05788311459109052,0.5260950300915244,0.4742997334434853,0.8482906793575136,0.39289033441494087,84,True
PAYTM,One 97 Communications Limited,,PAYTM.NS,1610.0,2026-08-12,0.42326738816785525,0.3863772774526797,0.2081645126040852,0.511311298418758,0.3904775729622467,84,True
TINNARUBR,Tinna Rubber and Infrastructure Limited,,TINNARUBR.NS,1089.800048828125,2026-08-12,0.539265605689442,0.46685514627118696,0.19548055947198573,0.19977941342974948,0.3881292661103613,84,True
KALYANKJIL,Kalyan Jewellers India Limited,,KALYANKJIL.NS,596.7000122070312,2026-08-12,0.690128969943318,0.37520170684626963,0.17137812987152712,0.012684854527327039,0.38790452622635196,84,True
J&KBANK,The Jammu & Kashmir Bank Limited,,J&KBANK.NS,157.47999572753906,2026-08-12,0.20489670546742156,0.49553647828607716,0.46602121031375976,0.5666848044260484,0.3876071807921457,84,True
NITINSPIN,Nitin Spinners Limited,,NITINSPIN.NS,537.7999877929688,2026-08-12,0.07689225944292644,0.5601971823254801,0.6565532046935689,0.5589561046846452,0.38589820211790943,84,True
SEAMECLTD,Seamec Limited,,SEAMECLTD.NS,1521.800048828125,2026-08-12,0.0026353932476734787,0.17495375710231165,0.8331626863496677,0.9114488502944085,0.38496721604834694,84,True
ALIVUS,Alivus Life Sciences Limited,,ALIVUS.NS,1354.800048828125,2026-08-12,0.2969558495999294,0.42348310882913065,0.471649016681573,0.4324862877640281,0.38430602249491813,84,True
RAIN,Rain Industries Limited,,RAIN.NS,209.3800048828125,2026-08-12,0.3337155077170164,0.26140127690661097,0.6926435735517442,0.2900805895629657,0.38231129109107076,84,True
AEROENTER,Aeroflex Enterprises Limited,,AEROENTER.NS,129.88999938964844,2026-08-12,0.27668569016063804,0.5815171524828324,0.4566558490172139,0.3180424405692446,0.3819173644781134,84,True
JNKINDIA,JNK India Limited,,JNKINDIA.NS,409.20001220703125,2026-08-12,0.24018789837253762,0.609123111664873,0.5211896364573652,0.2880414442869055,0.3797459978308438,83,True
ABB,ABB India Limited,,ABB.NS,7710.0,2026-08-12,0.2224988508646446,0.33435596820006697,0.5732991267885352,0.5331932719664265,0.3771692137368636,83,True
BHARATFORG,Bharat Forge Limited,,BHARATFORG.NS,2081.5,2026-08-12,0.09132572700549324,0.29504492308290553,0.5734737049971186,0.8344764980011519,0.3771293160184325,83,True
EXIDEIND,Exide Industries Limited,,EXIDEIND.NS,490.6499938964844,2026-08-12,0.41240868826747956,0.45513945296212244,0.30769558617473214,0.297713281059814,0.3770731393463256,83,True
MINDACORP,Minda Corporation Limited,,MINDACORP.NS,738.0,2026-08-12,0.4051789467763456,0.2541357079994586,0.2513739466615914,0.5584452141971032,0.3748625524821689,83,True
WHEELS,Wheels India Limited,,WHEELS.NS,1360.0,2026-08-12,-0.06777240838542276,0.5613921396714063,0.5359542248936193,0.9095014714023484,0.3742606038393057,83,True
TATVA,Tatva Chintan Pharma Chem Limited,,TATVA.NS,1730.0,2026-08-12,0.3142900067049177,0.44733533784767765,0.16844524417566875,0.6099999727352787,0.3708721136336921,83,True
SPARC,Sun Pharma Advanced Research Company Limited,,SPARC.NS,202.2100067138672,2026-08-12,0.235624896153517,0.43870510368756777,0.5425281284825227,0.38537953831606586,0.3675725125586381,83,True
GABRIEL,Gabriel India Limited,,GABRIEL.NS,1476.800048828125,2026-08-12,0.3564213010894248,0.4817077535805392,0.17288621653798275,0.46413223092486655,0.36631376064444765,83,True
WABAG,VA Tech Wabag Limited,,WABAG.NS,1903.5999755859375,2026-08-12,0.37670022925153535,0.45545285774991795,0.3525972348689139,0.26281802373881913,0.36485371497214436,83,True
UJJIVANSFB,Ujjivan Small Finance Bank Limited,,UJJIVANSFB.NS,72.37999725341797,2026-08-12,0.2964355163814014,0.1327072852119533,0.41838132441388365,0.6739129149817464,0.36357451147407727,82,True
RBA,Restaurant Brands Asia Limited,,RBA.NS,93.81999969482422,2026-08-12,0.38500151540458605,0.4409460730354866,0.4023915927495436,0.16315392307497323,0.3552989239338351,82,True
NAVINFLUOR,Navin Fluorine International Limited,,NAVINFLUOR.NS,8356.5,2026-08-12,0.19505120482285276,0.3200620426642433,0.39593789136617175,0.656711714977751,0.35256281173077436,82,True
WSTCSTPAPR,West Coast Paper Mills Limited,,WSTCSTPAPR.NS,624.5499877929688,2026-08-12,0.3438089817462249,0.403450298417217,0.4130867819231261,0.23699174111997223,0.348229356990553,82,True
VIJAYA,Vijaya Diagnostic Centre Limited,,VIJAYA.NS,1525.0,2026-08-12,0.14730669276319186,0.49246429655368784,0.49715299092046594,0.45253951992759633,0.3473540385856268,82,True
MANINDS,Man Industries (India) Limited,,MANINDS.NS,598.6500244140625,2026-08-12,0.0687315867570879,0.5870890907752291,0.5758095131140839,0.4100813605628777,0.3420886275932733,82,True
SUNDRMFAST,Sundram Fasteners Limited,,SUNDRMFAST.NS,1210.0,2026-08-12,0.4210217263652378,0.30859898815242603,0.2812963529087087,0.2666575682902157,0.33971927241636524,82,True
DYCL,Dynamic Cables Limited,,DYCL.NS,454.0,2026-08-12,0.47631141261417187,0.4242797712102644,0.1992352842355889,0.11771385999500672,0.33877034813384077,82,True
AUROPHARMA,Aurobindo Pharma Limited,,AUROPHARMA.NS,1667.0,2026-08-12,0.10265904627545064,0.48296418130520435,0.4435399458907612,0.5604378301102986,0.3384520099714331,82,True
ARFIN,Arfin India Limited,,ARFIN.NS,84.73999786376953,2026-08-12,-0.07367736385913914,0.10814694012097692,0.5196192907343036,1.190431771023714,0.33416865483214325,82,True
DIVISLAB,Divi's Laboratories Limited,,DIVISLAB.NS,8600.0,2026-08-12,0.2773409771113098,0.412523668641426,0.2905124241715509,0.4079178271215871,0.3331271748314367,81,True
RAMRAT,Ram Ratna Wires Limited,,RAMRAT.NS,473.95001220703125,2026-08-12,0.13411740994018095,0.4661221100520936,0.5320787245536367,0.3916981620372295,0.33162676330466434,81,True
HINDCOPPER,Hindustan Copper Limited,,HINDCOPPER.NS,547.7000122070312,2026-08-12,-0.039544038216516864,-0.08195435776468096,0.5250989927329557,1.285435549298752,0.3298984215667986,81,True
JINDALSAW,Jindal Saw Limited,,JINDALSAW.NS,269.54998779296875,2026-08-12,0.18745214374189878,0.39826984051222647,0.5734479870591473,0.29638491971176806,0.3286014069533879,81,True
TATATECH,Tata Technologies Limited,,TATATECH.NS,842.0999755859375,2026-08-12,0.37808424143751806,0.3556879093996952,0.24849591027674744,0.27960547580118833,0.32799155567053345,81,True
RATNAVEER,Ratnaveer Precision Engineering Limited,,RATNAVEER.NS,210.00999450683594,2026-08-12,0.18355495726610394,0.37127001551683914,0.38255433143698414,0.5069603443388371,0.32557892116497367,81,True
RICOAUTO,Rico Auto Industries Limited,,RICOAUTO.NS,127.98999786376953,2026-08-12,0.12429727671353774,0.008589411542822889,0.4865272953778186,0.8840165402674878,0.3255455601230409,81,True
NELCO,NELCO Limited,,NELCO.NS,974.0999755859375,2026-08-12,0.4518940942199625,0.4593875907484892,0.13896981942869147,0.12174737167346539,0.32477859405811427,81,True
GOLDIAM,Goldiam International Limited,,GOLDIAM.NS,371.54998779296875,2026-08-12,0.30850491924637535,0.21357527322501046,0.40852851029595194,0.382936055159554,0.32440993543465346,81,True
SHRIRAMFIN,Shriram Finance Limited,,SHRIRAMFIN.NS,1117.199951171875,2026-08-12,0.19790970227982507,0.07144724427940541,0.3498973170573598,0.8018108863838205,0.3237949704560472,81,True
EMCURE,Emcure Pharmaceuticals Limited,,EMCURE.NS,2009.5999755859375,2026-08-12,0.17872012834101159,0.3305965110344995,0.4671826292076471,0.43767805984793284,0.31857949135442054,80,True
IDEA,Vodafone Idea Limited,,IDEA.NS,13.5,2026-08-12,0.04247105782514082,0.17595823504450858,0.318359404467629,1.0089286341502977,0.3176376778625434,80,True
APOLLOPIPE,Apollo Pipes Limited,,APOLLOPIPE.NS,512.75,2026-08-12,-0.017672065619990907,0.6018184038647756,0.728249242917274,0.2744080569799887,0.3138263145044113,80,True
RKFORGE,Ramkrishna Forgings Limited,,RKFORGE.NS,742.0,2026-08-12,0.29279551218539024,0.3089024953921127,0.368178942704396,0.28602662493922626,0.3097398174813031,80,True
PFOCUS,Prime Focus Limited,,PFOCUS.NS,269.3999938964844,2026-08-12,0.08760596372868146,0.012591641635866235,0.5925750062916795,0.7644747630330333,0.3089706676835884,80,True
CARYSIL,CARYSIL LIMITED,,CARYSIL.NS,1189.199951171875,2026-08-12,0.2947900651819175,0.21994251750487437,0.21309799651147632,0.5017859086336234,0.30488131060276186,80,True
MAYURUNIQ,Mayur Uniquoters Ltd,,MAYURUNIQ.NS,750.75,2026-08-12,0.19470078108290978,0.28773584905660377,0.37929453763933774,0.4560143050647869,0.30248925078530964,80,True
ASIANENE,Asian Energy Services Limited,,ASIANENE.NS,405.79998779296875,2026-08-12,0.2946242526382199,0.4673657772740867,0.23568817093486838,0.2016842597641646,0.2987973426499119,80,True
TITAN,Titan Company Limited,,TITAN.NS,5099.0,2026-08-12,0.22705887108372913,0.19831609811760176,0.34186641693626485,0.49771103501346614,0.2984022584469582,80,True
ITDC,India Tourism Development Corporation Limited,,ITDC.NS,721.0499877929688,2026-08-12,0.31494487078711586,0.32826751445403857,0.2316166585679147,0.28707022968294127,0.29536882885582527,80,True
LLOYDSME,Lloyds Metals And Energy Limited,,LLOYDSME.NS,1893.5999755859375,2026-08-12,0.09269420516110971,0.5161493113326225,0.4359466653731854,0.32433902233983214,0.2923646818735719,79,False
SATIN,Satin Creditcare Network Limited,,SATIN.NS,223.41000366210938,2026-08-12,8.954864817400932e-05,0.4215449125493538,0.4707703267872221,0.5680096179208958,0.2921007909107639,79,False
CAPLIPOINT,Caplin Point Laboratories Limited,,CAPLIPOINT.NS,2472.39990234375,2026-08-12,0.23939230925554766,0.4088361185239493,0.27485464262697135,0.2855635841085429,0.2896077927541118,79,False
CARTRADE,Cartrade Tech Limited,,CARTRADE.NS,2714.60009765625,2026-08-12,0.48761509481520937,0.27422090785387043,-0.09531426737717996,0.2899639914604144,0.28882016431350477,79,False
ROLEXRINGS,Rolex Rings Limited,,ROLEXRINGS.NS,173.00999450683594,2026-08-12,0.1667790391902264,0.3149653026962256,0.5465271320208485,0.24898923744281132,0.28880795010806765,79,False
RACLGEAR,RACL Geartech Limited,,RACLGEAR.NS,1411.5,2026-08-12,0.12856804597894111,0.25758479283798175,0.43194125862261656,0.4917346373241218,0.28767935614852047,79,False
IIFL,IIFL Finance Limited,,IIFL.NS,625.75,2026-08-12,0.34613314355997704,0.19054419533108913,0.1657513865081599,0.3871273409230376,0.28713784197644815,79,False
SASKEN,Sasken Technologies Limited,,SASKEN.NS,1926.4000244140625,2026-08-12,0.13485933048266574,0.4834126595148085,0.3322512550214576,0.34971316261787266,0.287019147623894,79,False
M&MFIN,Mahindra & Mahindra Financial Services Limited,,M&MFIN.NS,395.8500061035156,2026-08-12,0.2622991373084673,0.030438384712870192,0.273819698403023,0.596041719114559,0.28497961536947736,79,False
MAHABANK,Bank of Maharashtra,,MAHABANK.NS,81.87000274658203,2026-08-12,0.06534654428645004,0.2398320018634108,0.47805411197871117,0.5751748093924227,0.284750802361489,79,False
KEI,KEI Industries Limited,,KEI.NS,5754.0,2026-08-12,0.12437713727405963,0.25343089739786495,0.41797646960295554,0.4992747071426922,0.2838872697383264,78,False
ADANIPOWER,Adani Power Limited,,ADANIPOWER.NS,206.99000549316406,2026-08-12,-0.06479011529958156,0.38872862297954125,0.3692532116183209,0.7876328167936553,0.28320688415847084,78,False
TVSMOTOR,TVS Motor Company Limited,,TVSMOTOR.NS,4375.0,2026-08-12,0.261970675660649,0.16688606555711782,0.2636843011977428,0.45692312470335117,0.28228696855590196,78,False
MCX,Multi Commodity Exchange of India Limited,,MCX.NS,2970.10009765625,2026-08-12,-0.12412264887754354,0.20212901459260757,0.564033753373486,0.8905793110478994,0.2816993562517812,78,False
SPAL,S. P. Apparels Limited,,SPAL.NS,977.0,2026-08-12,0.24992000189902774,0.2427653369701066,0.4151216185561013,0.24957898287508495,0.28146118843986967,78,False
PREMEXPLN,Premier Explosives Limited,,PREMEXPLN.NS,651.1500244140625,2026-08-12,0.24431500019769659,0.3023000488281249,0.10871792601433139,0.4997056731664107,0.279870729680852,78,False
NIBE,NIBE Limited,,NIBE.NS,1447.0,2026-08-12,0.4359432196798614,0.4100565862896308,0.20885547201336685,-0.0916687918080703,0.27982594117093,78,False
NYKAA,FSN E-Commerce Ventures Limited,,NYKAA.NS,328.04998779296875,2026-08-12,0.20429513635610475,0.16872701179105531,0.2520036697499881,0.5628870763795828,0.27844160612656715,78,False
PNBHOUSING,PNB Housing Finance Limited,,PNBHOUSING.NS,1157.5999755859375,2026-08-12,0.09092378455591454,0.3648832955041026,0.29842406693380297,0.5376749503801721,0.27656597638598135,78,False
GAEL,Gujarat Ambuja Exports Limited,,GAEL.NS,165.36000061035156,2026-08-12,0.015787256159544683,0.2162400150388175,0.5513651026514705,0.5820792154008818,0.27625176908205185,78,False
BEPL,Bhansali Engineering Polymers Limited,,BEPL.NS,120.54000091552734,2026-08-12,0.27280031798203797,0.3870215176477323,0.28082760233499604,0.1582542885062843,0.27434080889061774,77,False
ANTELOPUS,Antelopus Selan Energy Limited,,ANTELOPUS.NS,804.0,2026-08-12,0.0697891198974776,0.38144329896907214,0.416989716964266,0.4286983562860951,0.27334192240287775,77,False
MSTCLTD,Mstc Limited,,MSTCLTD.NS,588.8499755859375,2026-08-12,0.3945529321158969,0.193717949907666,0.13603230533220723,0.24683015377827533,0.2731372546499885,77,False
AIAENG,AIA Engineering Limited,,AIAENG.NS,4569.0,2026-08-12,0.1848144444539408,0.12249413070424708,0.4031693595338519,0.46177462614450704,0.2714134010580975,77,False
FLUOROCHEM,Gujarat Fluorochemicals Limited,,FLUOROCHEM.NS,4565.7998046875,2026-08-12,0.229513883044971,0.31617175113505325,0.3089272027406573,0.2721063966119819,0.2712466233155269,77,False
NAM-INDIA,Nippon Life India Asset Management Limited,,NAM-INDIA.NS,1182.300048828125,2026-08-12,0.08596079715296101,0.3121180486031163,0.3728559583763382,0.49087770030461275,0.26955466031799785,77,False
GRINDWELL,Grindwell Norton Limited,,GRINDWELL.NS,2106.199951171875,2026-08-12,0.14317534063219473,0.28602909033178214,0.33111614238090636,0.4292766119878719,0.26655450519298995,77,False
AJANTPHARM,Ajanta Pharma Limited,,AJANTPHARM.NS,3541.0,2026-08-12,0.12471320811047115,0.2359279641013492,0.41309661067711057,0.4218627857144117,0.26406275534276274,77,False
POLYPLEX,Polyplex Corporation Limited,,POLYPLEX.NS,1189.5999755859375,2026-08-12,0.3230272404887591,0.3401677945890804,0.2727130136994351,0.05427527576378188,0.26264211300596313,77,False
RAYMOND,Raymond Limited,,RAYMOND.NS,618.9500122070312,2026-08-12,0.3646787098791906,0.46896879848381934,0.13433516817245783,-0.020803613173243085,0.26237155464828305,77,False
LALPATHLAB,Dr. Lal Path Labs Ltd.,,LALPATHLAB.NS,1953.300048828125,2026-08-12,0.22480038308322592,0.34855916837763834,0.28463756918257244,0.2278309287140743,0.2621256864881474,76,False
KARURVYSYA,Karur Vysya Bank Limited,,KARURVYSYA.NS,339.8999938964844,2026-08-12,0.14543908174352316,0.052361137488224685,0.39352975440036864,0.5716011423830314,0.2616740395517342,76,False
ZENTEC,Zen Technologies Limited,,ZENTEC.NS,1824.300048828125,2026-08-12,0.17325874344595316,0.3703147163811513,0.31765984025144456,0.2733466444840662,0.2615677376017137,76,False
LUMAXIND,Lumax Industries Limited,,LUMAXIND.NS,5979.0,2026-08-12,0.14301460333960248,0.1804325890610219,0.2414923751838034,0.5980779722915677,0.2612064286431196,76,False
ZYDUSLIFE,Zydus Lifesciences Limited,,ZYDUSLIFE.NS,1205.0,2026-08-12,0.19213485378222117,0.35927291259006955,0.2845700344593418,0.2770213873553231,0.2610268083938354,76,False
FIEMIND,Fiem Industries Limited,,FIEMIND.NS,2652.0,2026-08-12,0.2442767477143588,0.08700619065421766,0.26492903473427876,0.45852885398803056,0.2598035149610489,76,False
MUFIN,Mufin Green Finance Limited,,MUFIN.NS,135.39999389648438,2026-08-12,0.2013130600329991,0.14862569605767795,0.22025950805394134,0.5258056925395198,0.2594634033434275,76,False
SOUTHBANK,The South Indian Bank Limited,,SOUTHBANK.NS,45.77000045776367,2026-08-12,0.19031675560231065,0.11912838738495979,0.1921589345067929,0.6049182337584929,0.2593678133709734,76,False
KRISHNADEF,Krishna Defence And Allied Industries Limited,,KRISHNADEF.NS,1169.0,2026-08-12,0.08266108267600591,0.19793221254271165,0.4701176791341941,0.45944050844552997,0.25856251309488953,76,False
JSWINFRA,JSW Infrastructure Limited,,JSWINFRA.NS,346.6000061035156,2026-08-12,0.30155506264887233,0.3101389654882434,0.226695023949274,0.1488610763277074,0.2577610382125939,76,False
WOCKPHARMA,Wockhardt Limited,,WOCKPHARMA.NS,1847.4000244140625,2026-08-12,0.19503201710231988,0.2927017395382854,0.387145184473918,0.21403698737807209,0.25678958911898303,76,False
BAJAJ-AUTO,Bajaj Auto Limited,,BAJAJ-AUTO.NS,11700.0,2026-08-12,0.14330592795077046,0.21389990776800505,0.3338568947279765,0.44181040785226355,0.25523581324995726,75,False
VIYASH,Viyash Scientific Limited,,VIYASH.NS,262.75,2026-08-12,0.17017016057881462,0.28164483215592084,0.14878453391778224,0.501600219542395,0.25447398135474547,75,False
SAREGAMA,Saregama India Limited,,SAREGAMA.NS,516.0499877929688,2026-08-12,0.24125072229216782,0.47022788545005345,0.24514410084076688,0.07424446645741156,0.2544235794665135,75,False
BOSCHLTD,Bosch Limited,,BOSCHLTD.NS,46480.0,2026-08-12,0.23968903588747903,0.3131031669842872,0.25498560955009486,0.22299999095511525,0.2540933678528911,75,False
ASTERDM,Aster DM Quality Care Limited,,ASTERDM.NS,827.9500122070312,2026-08-12,0.09858685780675791,0.44283263826673736,0.22714764110431163,0.4008788531019687,0.2536065696173067,75,False
GOKULAGRO,Gokul Agro Resources Limited,,GOKULAGRO.NS,237.0,2026-08-12,-0.01266452829178788,0.37176589766269474,0.3104058343480689,0.6054191363251482,0.2524523623504672,75,False
PRUDENT,Prudent Corporate Advisory Services Limited,,PRUDENT.NS,3364.199951171875,2026-08-12,0.18925138185965173,0.3038309539901556,0.2972526765946173,0.2822402667403394,0.2523653322088832,75,False
RBLBANK,RBL Bank Limited,,RBLBANK.NS,389.79998779296875,2026-08-12,0.1529132823310988,0.27094871952545807,0.21660422977069804,0.46468520250046375,0.25161294329176354,75,False
GVT&D,GE Vernova T&D India Limited,,GVT&D.NS,4406.5,2026-08-12,0.014714664234967811,0.21901624999383706,0.4114802324993967,0.5830787187016966,0.24860090593297324,75,False
DREDGECORP,Dredging Corporation of India Limited,,DREDGECORP.NS,1036.800048828125,2026-08-12,0.193301580205403,0.012302380645335065,0.23215881369911928,0.5777219969710441,0.2417572703452609,75,False
SOLARINDS,Solar Industries India Limited,,SOLARINDS.NS,18730.0,2026-08-12,0.08242274169530162,0.3961906626866716,0.3978568525233588,0.2482394534630954,0.2414264904127458,74,False
AARTIIND,Aarti Industries Limited,,AARTIIND.NS,530.9000244140625,2026-08-12,0.13865956978887395,0.13488678552300337,0.3734317453876257,0.40656713193432314,0.23844096048454,74,False
IMFA,Indian Metals & Ferro Alloys Limited,,IMFA.NS,1470.699951171875,2026-08-12,0.0015040881538301853,0.033203482266860984,0.09819585756492955,1.055292923801232,0.2379400879881366,74,False
ABCAPITAL,Aditya Birla Capital Limited,,ABCAPITAL.NS,410.95001220703125,2026-08-12,0.15063704110307263,0.1616961475817138,0.24776075479369664,0.47744030639802704,0.23763425819591655,74,False
SIEMENS,Siemens Limited,,SIEMENS.NS,4019.0,2026-08-12,0.12565830209225481,0.2980071647418312,0.32227256279195116,0.30962396954117155,0.2362440602518927,74,False
WELSPUNLIV,Welspun Living Limited,,WELSPUNLIV.NS,165.22999572753906,2026-08-12,0.1723817569670747,0.20828236761242525,0.22620537649957595,0.392012108440422,0.23425267329731453,74,False
ADANIENT,Adani Enterprises Limited,,ADANIENT.NS,2985.699951171875,2026-08-12,0.09979195601633273,0.34043930983541637,0.30178006273532665,0.32768899745881663,0.23389845641244503,74,False
UNIONBANK,Union Bank of India,,UNIONBANK.NS,187.0,2026-08-12,0.18884218760670768,0.07397699165065519,0.26144096547453577,0.4535379547097771,0.23332805740967671,74,False
IFCI,IFCI Limited,,IFCI.NS,73.51000213623047,2026-08-12,0.16147892357188742,0.13546500713384946,0.3597854285765696,0.34781813168804754,0.2332052829084483,74,False
MUTHOOTMF,Muthoot Microfin Limited,,MUTHOOTMF.NS,213.05999755859375,2026-08-12,0.1765420612249129,0.12987213916934315,0.27603758759615915,0.4034648638760401,0.23249174261827366,74,False
CGCL,Capri Global Capital Limited,,CGCL.NS,228.75,2026-08-12,0.23641968970248195,0.30744165078881114,0.15846243402328097,0.21882907899759396,0.23151450864293002,73,False
AEGISVOPAK,Aegis Vopak Terminals Limited,,AEGISVOPAK.NS,273.54998779296875,2026-08-12,0.384527105029111,0.24205395031748722,0.006984316714626626,0.13692455447332819,0.2310034063127328,73,False
JINDWORLD,Jindal Worldwide Limited,,JINDWORLD.NS,36.7400016784668,2026-08-12,0.38484737005531744,0.28282131499437124,0.06895556648922097,0.028267622422903926,0.2299478488034262,73,False
LANDMARK,Landmark Cars Limited,,LANDMARK.NS,548.0499877929688,2026-08-12,0.46107698980341905,0.24035301623278205,-0.10653738836009663,0.08160036483568445,0.2275139944630416,73,False
SANDHAR,Sandhar Technologies Limited,,SANDHAR.NS,626.5,2026-08-12,0.23217619226824016,0.11189987829799164,0.1361987164685774,0.4182712804230202,0.22614445194521393,73,False
GALAPREC,Gala Precision Engineering Limited,,GALAPREC.NS,994.5999755859375,2026-08-12,0.1617122551233101,0.2448838605539787,0.36162633850985326,0.20062765122373127,0.22611247210683671,73,False
PRIVISCL,Privi Speciality Chemicals Limited,,PRIVISCL.NS,3577.800048828125,2026-08-12,0.16043781365885557,0.30924023756434904,0.05945418116837131,0.4298176846148045,0.22387754613304722,73,False
VENUSPIPES,Venus Pipes & Tubes Limited,,VENUSPIPES.NS,1563.800048828125,2026-08-12,0.19923316627923704,0.3156655569147453,0.22305559541502484,0.17712216961736282,0.22286193090112144,73,False
STARHEALTH,Star Health and Allied Insurance Company Limited,,STARHEALTH.NS,583.5,2026-08-12,0.16304561650920024,0.2447999999999999,0.1908163265306122,0.3485093217903965,0.22204337626788184,73,False
HINDALCO,Hindalco Industries Limited,,HINDALCO.NS,1078.5,2026-08-12,0.015574895193180005,0.11892477714296579,0.36582829042513465,0.5900943061319639,0.22119943281728488,73,False
TORNTPHARM,Torrent Pharmaceuticals Limited,,TORNTPHARM.NS,4893.0,2026-08-12,0.11281370006526381,0.21000603199996815,0.2902766593625965,0.3724638999157419,0.21967479828176684,72,False
SUPRAJIT,Suprajit Engineering Limited,,SUPRAJIT.NS,523.4500122070312,2026-08-12,0.25452369612230386,0.1681819683245822,0.2110040870410974,0.20781982677015987,0.21921065487608946,72,False
VIMTALABS,Vimta Labs Limited,,VIMTALABS.NS,627.1500244140625,2026-08-12,0.39725831991235605,0.3489014801094903,-0.024690311576827995,-0.030473779822654645,0.21765080570694398,72,False
MANAPPURAM,Manappuram Finance Limited,,MANAPPURAM.NS,352.6000061035156,2026-08-12,0.14685312117041383,0.1430936114169299,0.28686405938332316,0.36105577149523915,0.216943936927264,72,False
CARBORUNIV,Carborundum Universal Limited,,CARBORUNIV.NS,1154.199951171875,2026-08-12,0.04948476471019814,0.40007505897252726,0.2712665794659088,0.30961579161398767,0.21598539189456403,72,False
WALCHANNAG,Walchandnagar Industries Limited,,WALCHANNAG.NS,236.39999389648438,2026-08-12,0.01528945891850797,0.31042129653359885,0.4355113214141566,0.28765182532821076,0.21283267222259644,72,False
LTF,L&T Finance Limited,,LTF.NS,317.20001220703125,2026-08-12,0.1414633471354283,0.09001977428621277,0.08614078791214452,0.6000889792707549,0.21183524714799376,72,False
SMSPHARMA,SMS Pharmaceuticals Limited,,SMSPHARMA.NS,374.0,2026-08-12,-0.06593405169558908,0.16801994297921308,0.27688633592863,0.7442725642221386,0.2114621479477607,72,False
TRAVELFOOD,Travel Food Services Limited,,TRAVELFOOD.NS,1389.199951171875,2026-08-12,0.2647486528534435,0.172221736385596,0.0859062754233626,0.26879159758472704,0.21128338302011454,72,False
RAMCOIND,Ramco Industries Limited,,RAMCOIND.NS,357.8500061035156,2026-08-12,0.30843493224742957,0.10204077221232577,0.12942280723383592,0.20726169304083197,0.21111902739637056,72,False
COFORGE,Coforge Limited,,COFORGE.NS,1801.5,2026-08-12,0.40834130569409743,0.1641743122778747,0.007149723495721405,0.06446954056310727,0.21049523754497967,71,False
EICHERMOT,Eicher Motors Limited,,EICHERMOT.NS,8049.0,2026-08-12,0.15949650902919976,0.11475985870903105,0.1833679336392,0.4315388792498771,0.20973193793130157,71,False
IPCALAB,IPCA Laboratories Limited,,IPCALAB.NS,1766.5999755859375,2026-08-12,0.104506715043575,0.2429766431492617,0.3182132474174264,0.27782977476728954,0.20960661908422556,71,False
ARMANFIN,Arman Financial Services Limited,,ARMANFIN.NS,2011.0,2026-08-12,0.1252238445291911,0.27109539917363157,0.2249497836462211,0.3011128569911041,0.2095211457738678,71,False
ABSLAMC,Aditya Birla Sun Life AMC Limited,,ABSLAMC.NS,1038.5999755859375,2026-08-12,0.033216390986199995,0.2696037786936134,0.44424631155972705,0.24510410951727368,0.20507739634860284,71,False
MANORAMA,Manorama Industries Limited,,MANORAMA.NS,1626.0,2026-08-12,0.2454044350531417,0.1095189355168884,0.2834477612012205,0.1359592261329623,0.20394695859147094,71,False
ANTHEM,Anthem Biosciences Limited,,ANTHEM.NS,878.4000244140625,2026-08-12,0.12433323380374728,0.30144846070191034,0.2939909024970704,0.17480178284220504,0.20378152272973607,71,False
NAUKRI,Info Edge (India) Limited,,NAUKRI.NS,1339.0,2026-08-12,0.4471855079961009,0.12709094294287882,0.005559270821826612,-0.009726700664964727,0.20345890581838852,71,False
AVL,Aditya Vision Limited,,AVL.NS,617.4000244140625,2026-08-12,0.11827576836753662,0.1926977596744226,0.11494361068002257,0.46772859472808004,0.2023843003635197,71,False
63MOONS,63 moons technologies limited,,63MOONS.NS,867.4000244140625,2026-08-12,0.3428284047095196,0.19666145220311781,0.20196770604745762,-0.08063931923944911,0.20072932968603308,71,False
NAZARA,Nazara Technologies Limited,,NAZARA.NS,352.20001220703125,2026-08-12,0.17419569219399156,0.26508627847882593,0.3736350257060612,0.01557100520224397,0.20053673875502287,70,False
AUBANK,AU Small Finance Bank Limited,,AUBANK.NS,1091.4000244140625,2026-08-12,0.10293785570698155,0.09120501414298032,0.22831104962132653,0.46984175207556644,0.1990467054507673,70,False
ADANIGREEN,Adani Green Energy Limited,,ADANIGREEN.NS,1332.300048828125,2026-08-12,-0.03386508424356416,0.36185225948308086,0.2759051054665571,0.42233375837050535,0.198472190966603,70,False
SUPRIYA,Supriya Lifescience Limited,,SUPRIYA.NS,831.0499877929688,2026-08-12,0.20695665169751853,0.20976777498405363,0.09912711893549386,0.2689534923491905,0.19835233793275503,70,False
ENTERO,Entero Healthcare Solutions Limited,,ENTERO.NS,1425.0,2026-08-12,0.19516895214471264,0.22538478810162466,0.24671916010498696,0.1230199169221542,0.19709235388363824,70,False
BALRAMCHIN,Balrampur Chini Mills Limited,,BALRAMCHIN.NS,604.7000122070312,2026-08-12,0.12064499549023022,0.29486083984375,0.3414378212051703,0.10748169605559466,0.19701406961699508,70,False
CHOLAFIN,Cholamandalam Investment and Finance Company Limited,,CHOLAFIN.NS,1917.5999755859375,2026-08-12,0.24060857108537093,0.11131572628813835,0.10218609773047871,0.29018001603836585,0.19697979644554497,70,False
VTL,Vardhman Textiles Limited,,VTL.NS,590.0,2026-08-12,-0.027926537385503103,0.20876867982434222,0.32050137896016473,0.5041706183998924,0.19551752048267865,70,False
NUVAMA,Nuvama Wealth Management Limited,,NUVAMA.NS,1696.699951171875,2026-08-12,0.1633184444099245,0.23587754331192579,0.16581115430214433,0.2446074029222387,0.19458659787123156,70,False
RELTD,Ravindra Energy Limited,,RELTD.NS,167.3000030517578,2026-08-12,0.3377579267373132,0.09475196331340774,0.03874336016237634,0.15947058587767238,0.19369635256561657,70,False
HEG,HEG Limited,,HEG.NS,674.3499755859375,2026-08-12,0.08575323476544794,0.20949070146311755,0.2752190346282988,0.30943279186020867,0.1931297994965042,69,False
ASHOKLEY,Ashok Leyland Limited,,ASHOKLEY.NS,176.6999969482422,2026-08-12,0.17360623876898051,-0.14311577848806945,0.2389287206368278,0.5101672636261259,0.19063853666256905,69,False
LODHA,Lodha Developers Limited,,LODHA.NS,1209.0,2026-08-12,0.42743378711132163,0.10793786276134054,-0.006349389485638901,-0.004215840666137227,0.19044804136644156,69,False
RELAXO,Relaxo Footwears Limited,,RELAXO.NS,417.0,2026-08-12,0.44590849107186226,0.12383779468730105,-0.02558712909145544,-0.04049183422166691,0.18991516270358066,69,False
CUMMINSIND,Cummins India Limited,,CUMMINSIND.NS,5365.0,2026-08-12,0.0032453501317615263,0.2299068014981609,0.23104902215951428,0.47906821093446394,0.18930294697113242,69,False
JSFB,Jana Small Finance Bank Limited,,JSFB.NS,546.3499755859375,2026-08-12,0.11306910215402444,0.3706722709985395,0.19212304197735275,0.1565410301543264,0.1890949094876535,69,False
CGPOWER,CG Power and Industrial Solutions Limited,,CGPOWER.NS,888.0,2026-08-12,0.05941301248832298,0.30291250224443345,0.2142163793364611,0.3057882378113723,0.18834862887378256,69,False
DYNAMATECH,Dynamatic Technologies Limited,,DYNAMATECH.NS,10674.0,2026-08-12,-0.005774962742175815,0.13926848258760915,0.17862299153421568,0.6294633233539628,0.18716097439828722,69,False
BBOX,Black Box Limited,,BBOX.NS,757.5999755859375,2026-08-12,-0.13786631512268843,0.3329814517980645,0.3742064073297988,0.49741973691051955,0.18577499315860121,69,False
CREDITACC,CREDITACCESS GRAMEEN LIMITED,,CREDITACC.NS,1545.4000244140625,2026-08-12,0.1750304758124981,0.20302043732265185,0.12868834321194722,0.2416841191777408,0.18469077026746722,69,False
SUNFLAG,Sunflag Iron And Steel Company Limited,,SUNFLAG.NS,359.6000061035156,2026-08-12,-0.03708663984682781,0.39277277471316263,0.3490903116559865,0.24160476049682855,0.18185891343446442,69,False
BAJFINANCE,Bajaj Finance Limited,,BAJFINANCE.NS,1094.199951171875,2026-08-12,0.2092111010654758,0.14014731743409792,0.09523100848845978,0.25233332793114105,0.1812267711969301,68,False
TBOTEK,TBO Tek Limited,,TBOTEK.NS,1596.5999755859375,2026-08-12,0.356499554448545,0.012685526011483761,0.0037721615064088,0.17044205275359792,0.17997976983371608,68,False
INDUSINDBK,IndusInd Bank Limited,,INDUSINDBK.NS,1017.5,2026-08-12,0.14976080904353006,0.09869347459623268,0.2336860941016885,0.2623373570901981,0.1788477087750359,68,False
ENRIN,Siemens Energy India Limited,,ENRIN.NS,3580.0,2026-08-12,0.1600401434544667,0.3341283931899739,0.1039283436700893,0.12927283223247876,0.17748197120029507,68,False
OPTIEMUS,Optiemus Infracom Limited,,OPTIEMUS.NS,558.25,2026-08-12,0.34356197352587237,0.25973148525057166,-0.003925438770832845,-0.059155602983342215,0.17675487810962826,68,False
AARTIPHARM,Aarti Pharmalabs Limited,,AARTIPHARM.NS,888.7000122070312,2026-08-12,0.24861259179070072,0.16507539423470763,0.15427864704433958,0.06632468705166894,0.17658078238242353,68,False
IDFCFIRSTB,IDFC First Bank Limited,,IDFCFIRSTB.NS,85.80000305175781,2026-08-12,0.2720185127353101,0.02724196957545577,0.06645256652278797,0.24298792511021783,0.17614389733581634,68,False
EQUITASBNK,Equitas Small Finance Bank Limited,,EQUITASBNK.NS,74.69999694824219,2026-08-12,0.09917595577645422,0.08701972673623115,0.28042503861612667,0.3123682247234747,0.1756329803257482,68,False
EXICOM,Exicom Tele-Systems Limited,,EXICOM.NS,141.72999572753906,2026-08-12,0.24564947484713717,0.3514827120776287,0.04628664331101073,-0.0127472963372528,0.17526420174913218,68,False
THELEELA,Leela Palaces Hotels & Resorts Limited,,THELEELA.NS,500.20001220703125,2026-08-12,0.20777500803743787,0.1296296883388801,0.14018691198708444,0.18939490364049938,0.17495230400826794,68,False
VOLTAMP,Voltamp Transformers Limited,,VOLTAMP.NS,10007.0,2026-08-12,0.0647010075166845,0.23807904800326019,0.24524214896324992,0.2592710885278131,0.17439886010553843,67,False
PPLPHARMA,Piramal Pharma Limited,,PPLPHARMA.NS,210.24000549316406,2026-08-12,0.20226460435521654,0.28650108829285226,0.08248380275858658,0.09585613137653914,0.1738740462276822,67,False
ENDURANCE,Endurance Technologies Limited,,ENDURANCE.NS,3019.699951171875,2026-08-12,0.18977209076430412,0.20332333343970133,0.08190048716040965,0.20451838609007011,0.17385727764375788,67,False
NIITLTD,NIIT Limited,,NIITLTD.NS,93.69999694824219,2026-08-12,0.47072670373148173,0.15950995890455455,-0.0403523398815584,-0.19307410584018103,0.17350738412915573,67,False
MAHLOG,Mahindra Logistics Limited,,MAHLOG.NS,410.0,2026-08-12,0.14292306098201912,0.034994608889492795,0.24161980014502182,0.29887426668780726,0.17226695953727203,67,False
HEROMOTOCO,Hero MotoCorp Limited,,HEROMOTOCO.NS,5895.0,2026-08-12,0.1811060366330941,0.05992935770859953,0.12566754273783998,0.30845231784756333,0.1712522583120382,67,False
SKIPPER,Skipper Limited,,SKIPPER.NS,543.7999877929688,2026-08-12,0.18166008989223625,0.3354616195750173,0.08272770093174464,0.0699326345930138,0.17028842697684965,67,False
JAYNECOIND,Jayaswal Neco Industries Limited,,JAYNECOIND.NS,90.66999816894531,2026-08-12,-0.12859206622182273,0.14670543213471654,0.2388303749755034,0.7201669463821891,0.16970372420975272,67,False
KPIL,Kalpataru Projects International Limited,,KPIL.NS,1396.800048828125,2026-08-12,0.11958419586573465,0.23714011034871674,0.10343971662665985,0.2618650539617633,0.16832265453372183,67,False
BLUEJET,Blue Jet Healthcare Limited,,BLUEJET.NS,588.8499755859375,2026-08-12,0.368145873458265,0.3307344081038135,0.016485392705345214,-0.24276514649367176,0.1681492802464034,67,False
NESTLEIND,Nestle India Limited,,NESTLEIND.NS,1507.0,2026-08-12,0.058541955463935036,0.15714825875832306,0.20055182028536644,0.36258811461138296,0.1674744209165885,66,False
TEJASNET,Tejas Networks Limited,,TEJASNET.NS,527.25,2026-08-12,0.1828379136287157,0.49978671115899087,0.0409674234945705,-0.075486566218544,0.16618867913848975,66,False
VMART,V-Mart Retail Limited,,VMART.NS,801.0999755859375,2026-08-12,0.25104855158669825,0.2691597086464721,0.03140129664399094,0.02461661251317926,0.1654549441954078,66,False
TIPSMUSIC,Tips Music Limited,,TIPSMUSIC.NS,674.2999877929688,2026-08-12,0.04275877574420606,0.17473865469158323,0.39070793641762136,0.17408047960782547,0.16500892444108844,66,False
BORANA,Borana Weaves Limited,,BORANA.NS,329.04998779296875,2026-08-12,0.02141857528236213,-0.11438568536215754,0.4150253603391292,0.4792087763864046,0.1645371203856201,66,False
POLYCAB,Polycab India Limited,,POLYCAB.NS,9289.0,2026-08-12,0.019729518998968798,0.2054342741790871,0.21849660052917597,0.3563544392459064,0.1639488703904214,66,False
YATHARTH,Yatharth Hospital & Trauma Care Services Limited,,YATHARTH.NS,868.8499755859375,2026-08-12,0.0652893594825632,0.2842361854447546,0.14533351377297854,0.2579266834086973,0.16361502031831138,66,False
HONAUT,Honeywell Automation India Limited,,HONAUT.NS,37620.0,2026-08-12,0.30203165971682044,0.16116857876417612,0.04592085523213463,0.005366145140216716,0.1633037797140337,66,False
KAJARIACER,Kajaria Ceramics Limited,,KAJARIACER.NS,1252.0999755859375,2026-08-12,0.17634342997615127,0.3231533253066803,0.12832299781908074,0.00016937309333386885,0.1608665112342795,66,False
USHAMART,Usha Martin Limited,,USHAMART.NS,499.2014745795874,2026-08-12,0.06332589262381227,0.1728078549743155,0.07113949711711265,0.4333760443148107,0.1607950363307727,66,False
GRASIM,Grasim Industries Limited,,GRASIM.NS,3307.800048828125,2026-08-12,0.1309920776498168,0.12329625615973461,0.1953687228083647,0.2137534819128657,0.15888052323611973,65,False
DSSL,Dynacons Systems & Solutions Limited,,DSSL.NS,1244.0,2026-08-12,-0.08724045952319937,0.2905233510519645,0.40843475799603746,0.2687368055815791,0.15864279911663645,65,False
TI,Tilaknagar Industries Limited,,TI.NS,530.9000244140625,2026-08-12,0.2305018180398386,0.1854415924499302,0.042615890979610604,0.10338088753609687,0.15848840140906298,65,False
CUB,City Union Bank Limited,,CUB.NS,215.85000610351562,2026-08-12,0.15897178344366525,0.012005828820985887,0.11343915007416139,0.34744777405464444,0.15816726396742445,65,False
JASH,Jash Engineering Limited,,JASH.NS,495.6499938964844,2026-08-12,0.2824061937813309,0.20513717777626894,0.08265205928720709,-0.06360281276748203,0.15779976237173116,65,False
PIDILITIND,Pidilite Industries Limited,,PIDILITIND.NS,1701.5,2026-08-12,0.16764445850291887,0.15880160654616593,0.16352213437758567,0.12347698722815292,0.15621792903154846,65,False
SUMICHEM,Sumitomo Chemical India Limited,,SUMICHEM.NS,547.3499755859375,2026-08-12,0.1960098073054397,0.2983187030048382,0.15801923278069552,-0.06863093936170583,0.15594532220694146,65,False
DIFFNKG,Diffusion Engineers Limited,,DIFFNKG.NS,362.6000061035156,2026-08-12,0.18671255306742873,0.31998540222210625,-0.03319552618230093,0.11209943161769087,0.15446288275847073,65,False
KIRLPNU,Kirloskar Pneumatic Company Limited,,KIRLPNU.NS,1499.0,2026-08-12,-0.02305133682955951,0.2768091748699646,0.4329643431354451,0.105369560616831,0.15380808099262436,65,False
TECHM,Tech Mahindra Limited,,TECHM.NS,1625.0,2026-08-12,0.21651154895494873,0.013759701330795737,0.1841115569714924,0.1367650852578084,0.1535318882939988,65,False
HCG,Healthcare Global Enterprises Limited,,HCG.NS,736.5,2026-08-12,0.1558380192885267,0.2577918458780708,-0.010014130095824303,0.202154526484166,0.15232165616869317,64,False
ACE,Action Construction Equipment Limited,,ACE.NS,1096.0999755859375,2026-08-12,0.23399940960983678,0.18876415606227281,0.09697754423048277,-0.005848489964930592,0.14957840590949975,64,False
UNITDSPR,United Spirits Limited,,UNITDSPR.NS,1535.0,2026-08-12,0.17121298360647197,0.0971138849637172,0.09849044396862028,0.20450763133640204,0.1485075854963367,64,False
JAMNAAUTO,Jamna Auto Industries Limited,,JAMNAAUTO.NS,123.76000213623047,2026-08-12,0.0651519023647642,-0.08060321242793844,0.27384220834996165,0.4130917612722178,0.1473269123847539,64,False
ANANTRAJ,Anant Raj Limited,,ANANTRAJ.NS,614.2999877929688,2026-08-12,0.2603633000742904,0.08798401776457343,0.0007471281454030088,0.1257032505916975,0.14703219933005096,64,False
SBIN,State Bank of India,,SBIN.NS,1082.0,2026-08-12,0.12333885619535656,-0.03723177022716184,0.1554632444465216,0.3680719005520061,0.1465962174324158,64,False
LLOYDSENT,Lloyds Enterprises Limited,,LLOYDSENT.NS,77.88999938964844,2026-08-12,0.10557284976261339,0.32398319407830845,0.17738509560172333,0.020448689144179077,0.14659253566988753,64,False
FINEORG,Fine Organic Industries Limited,,FINEORG.NS,5265.10009765625,2026-08-12,0.13942143448059285,0.13152972907004368,0.2555621861582127,0.054978529477085925,0.1441826627333056,64,False
INDIANB,Indian Bank,,INDIANB.NS,897.0,2026-08-12,0.11638862630956681,0.011101481539119717,0.05554613474394121,0.4145116618580895,0.14278730615205681,64,False
ETERNAL,ETERNAL LIMITED,,ETERNAL.NS,314.04998779296875,2026-08-12,0.30213946981558615,0.033739303528165676,0.02697841834312098,0.040762179926988384,0.14115176828588946,64,False
MRPL,Mangalore Refinery and Petrochemicals Limited,,MRPL.NS,175.3800048828125,2026-08-12,0.16671099213388763,-0.08022590822428377,0.0040930907548286655,0.44816435967412316,0.14109070529448867,63,False
ENGINERSIN,Engineers India Limited,,ENGINERSIN.NS,239.1999969482422,2026-08-12,-0.03059778339111574,0.3143032178113021,0.24715511485828956,0.20364120365571536,0.14078079390861511,63,False
THERMAX,Thermax Limited,,THERMAX.NS,4083.300048828125,2026-08-12,-0.08897496756026502,0.3850337786920135,0.3063074968670467,0.18695410512379174,0.1400690891124644,63,False
EPL,EPL Limited,,EPL.NS,241.5,2026-08-12,0.12174280055382125,0.0832025266009051,0.27463623571616336,0.0982872362638838,0.13992231993771895,63,False
JTLIND,JTL INDUSTRIES LIMITED,,JTLIND.NS,75.44000244140625,2026-08-12,0.09890751295857902,0.15687783316300474,0.2606952247499903,0.08158809841723724,0.13939523644947807,63,False
QUADFUTURE,Quadrant Future Tek Limited,,QUADFUTURE.NS,354.8999938964844,2026-08-12,0.2350791242671295,0.14115753664464425,0.17012861252977562,-0.0911651884853153,0.13805584184467273,63,False
COSMOFIRST,COSMO FIRST LIMITED,,COSMOFIRST.NS,909.0,2026-08-12,0.201691447173018,0.3837383987030276,0.04293861503342766,-0.14169737537772842,0.1376725065409526,63,False
ABDL,Allied Blenders and Distillers Limited,,ABDL.NS,614.1500244140625,2026-08-12,0.11545475285525164,0.2145236120193037,-0.005510089212427127,0.2469158077538962,0.13736776725425523,63,False
ZYDUSWELL,Zydus Wellness Limited,,ZYDUSWELL.NS,507.54998779296875,2026-08-12,0.012772897430622931,0.22045573108436112,0.10906974075223275,0.31636366859899145,0.13428698705936626,63,False
APOLLOHOSP,Apollo Hospitals Enterprise Limited,,APOLLOHOSP.NS,8597.0,2026-08-12,0.06365604701515615,0.1924661918020496,0.1476354610446835,0.20215226808512532,0.13391320299243417,63,False
BSE,BSE Limited,,BSE.NS,3527.0,2026-08-12,-0.11605962553326565,0.11407348912963,0.3373769600665939,0.4479945105556138,0.13346514173706128,62,False
KIRLOSBROS,Kirloskar Brothers Limited,,KIRLOSBROS.NS,1909.199951171875,2026-08-12,0.19227375168586014,0.18307354403316678,0.12415579598945148,-0.02485076602957803,0.13338521547295212,62,False
WELENT,Welspun Enterprises Limited,,WELENT.NS,574.0499877929688,2026-08-12,0.1294697227116035,0.11754483732138143,0.02574081611375112,0.26411016797662223,0.13326705336699235,62,False
GRAPHITE,Graphite India Limited,,GRAPHITE.NS,726.25,2026-08-12,-0.0519431854950545,0.0987245193112547,0.28856209033540536,0.38284701541322264,0.13324945081395476,62,False
PSPPROJECT,PSP Projects Limited,,PSPPROJECT.NS,904.0,2026-08-12,0.14903082300603754,0.1314142678347936,-0.05468993878549677,0.28802455146528727,0.13256210530533186,62,False
MEDANTA,Global Health Limited,,MEDANTA.NS,1393.5,2026-08-12,0.12152917505030181,0.20036176302376862,0.17704195562431302,0.04146556815836733,0.13238552738141052,62,False
PHOENIXLTD,The Phoenix Mills Limited,,PHOENIXLTD.NS,1905.0,2026-08-12,0.09577221742881803,0.08838481794904296,0.07426828373399541,0.2926343557776079,0.12936637846365645,62,False
DCBBANK,DCB Bank Limited,,DCBBANK.NS,188.24000549316406,2026-08-12,0.03415074839202159,-0.04412144034619758,0.1273883842733463,0.48214537907590826,0.12674276395742004,62,False
SURYODAY,Suryoday Small Finance Bank Limited,,SURYODAY.NS,160.88999938964844,2026-08-12,-0.030647966588520315,0.20184997197150323,0.1993616272964447,0.2928557008255559,0.12655427338329264,62,False
HAL,Hindustan Aeronautics Limited,,HAL.NS,4995.0,2026-08-12,0.13879890966630293,0.20828655985304634,0.035762802526024595,0.11050512559532288,0.12643046146139994,62,False
CHOICEIN,Choice International Limited,,CHOICEIN.NS,814.0,2026-08-12,0.22544222807677827,0.054677394240062016,0.024414831374437007,0.10104154394758358,0.12620364514312785,61,False
PVRINOX,PVR INOX Limited,,PVRINOX.NS,1189.5,2026-08-12,0.17783936156466607,0.10543185356055496,0.05461474798525545,0.11433795907165045,0.1260126567493586,61,False
KIMS,Krishna Institute of Medical Sciences Limited,,KIMS.NS,803.9500122070312,2026-08-12,0.05553730248418254,0.23713171102630182,0.1993883736356894,0.08195952548892405,0.12591084302385608,61,False
POLYMED,Poly Medicure Limited,,POLYMED.NS,1869.4000244140625,2026-08-12,0.24718126223584047,0.25826215646001516,-0.0940195246250275,-0.032805035132688176,0.12516002423479608,61,False
ELGIEQUIP,Elgi Equipments Limited,,ELGIEQUIP.NS,572.5,2026-08-12,0.0992263213177722,0.16149055709405458,0.18226136551626348,0.07992900439439588,0.12442671392805167,61,False
ZFCVINDIA,ZF Commercial Vehicle Control Systems India Limited,,ZFCVINDIA.NS,2613.39990234375,2026-08-12,0.08208731473987929,0.032035416181395604,0.24673230970201132,0.17871680302118365,0.12433183167686983,61,False
PTCIL,PTC Industries Limited,,PTCIL.NS,18895.0,2026-08-12,0.12550631403383372,0.017939877168408502,0.09049460379754137,0.2573196699494278,0.12335335579660903,61,False
SUYOG,Suyog Telematics Limited,,SUYOG.NS,830.5999755859375,2026-08-12,0.0448455410170141,0.3637632250774778,0.133305973417021,0.028921288283201507,0.1231363137623457,61,False
GODREJIND,Godrej Industries Limited,,GODREJIND.NS,1230.9000244140625,2026-08-12,0.08444559399376006,0.18458286337652052,0.15026637930729625,0.11031936814132148,0.12281195976253169,61,False
DEEPAKFERT,Deepak Fertilizers and Petrochemicals Corporation Limited,,DEEPAKFERT.NS,1455.699951171875,2026-08-12,0.10405760422591959,0.361103273652992,0.06613441126644415,-0.026089648047498692,0.12185264906475532,61,False
SCI,Shipping Corporation Of India Limited,,SCI.NS,297.3999938964844,2026-08-12,-0.10259505318705642,0.12867586552115884,0.1643821892306867,0.5166551175538863,0.12090461318632381,61,False
SOUTHWEST,South West Pinnacle Exploration Limited,,SOUTHWEST.NS,219.1300048828125,2026-08-12,-0.08098472303672677,0.04114602371778542,0.17792832511268775,0.5445831565850598,0.12033761186841589,60,False
CONCORDBIO,Concord Biotech Limited,,CONCORDBIO.NS,1447.0999755859375,2026-08-12,0.2822729591911237,0.13527612652614485,0.0015580166678466068,-0.10180360691075163,0.11991529093309745,60,False
APEX,Apex Frozen Foods Limited,,APEX.NS,366.75,2026-08-12,-0.21298283261802575,-0.008113590263691739,0.34365262355006565,0.6811781334134264,0.11815030029274974,60,False
TVSSCS,TVS Supply Chain Solutions Limited,,TVSSCS.NS,129.25,2026-08-12,0.14057536487889144,0.2248863164505499,0.030619537722339052,0.052867365190881754,0.11790478982431073,60,False
FUSION,Fusion Finance Limited,,FUSION.NS,203.77999877929688,2026-08-12,-0.0012742330689617942,0.06284881510601847,0.19821244195523513,0.3306778084855566,0.11783811988177734,60,False
SUNPHARMA,Sun Pharmaceutical Industries Limited,,SUNPHARMA.NS,1944.0,2026-08-12,0.037746200230092564,0.14128984024914337,0.14314771679090943,0.22732474807673309,0.1174509411153942,60,False
KPRMILL,K.P.R. Mill Limited,,KPRMILL.NS,1087.4000244140625,2026-08-12,0.1801280219068686,0.14944241343162723,-0.0012497858535049922,0.07519910024907173,0.11672955432818623,60,False
SAMMAANCAP,Sammaan Capital Limited,,SAMMAANCAP.NS,160.7899932861328,2026-08-12,0.12700634576114855,0.09210078076540618,-0.08828536669501952,0.3257750239488004,0.11672062590829685,60,False
PICCADIL,Piccadily Agro Industries Limited,,PICCADIL.NS,690.0,2026-08-12,0.16279064983410252,0.10550344149670732,0.07109591264374227,0.07778817063949717,0.11599376488963037,60,False
GULFOILLUB,Gulf Oil Lubricants India Limited,,GULFOILLUB.NS,1181.199951171875,2026-08-12,0.25359506624767847,0.016488702523796972,-0.010922952817733811,0.058168604431815485,0.11418489732664712,60,False
PNB,Punjab National Bank,,PNB.NS,118.9800033569336,2026-08-12,0.19980133776572773,-0.004231154012856786,0.0034398898535186184,0.16954561854624428,0.11367140598367231,59,False
MARICO,Marico Limited,,MARICO.NS,855.0,2026-08-12,0.02111378605516112,0.12297830644342178,0.2046422729312367,0.19533777717818834,0.11303718573263383,59,False
ONEPOINT,One Point One Solutions Limited,,ONEPOINT.NS,59.9900016784668,2026-08-12,-0.025978218382158302,0.20898837101583423,0.1274197089015292,0.2720526266447545,0.11130085395956027,59,False
RAINBOW,Rainbow Childrens Medicare Limited,,RAINBOW.NS,1482.0,2026-08-12,0.11172286705058765,0.2309280852859077,0.10052151867339987,0.000730236566478526,0.11112511492539229,59,False
CCL,CCL Products (India) Limited,,CCL.NS,1135.5,2026-08-12,0.01719963301267513,0.10130444326208132,0.09985227337489477,0.3198480715878007,0.11108081085002541,59,False
ATGL,Adani Total Gas Limited,,ATGL.NS,660.3499755859375,2026-08-12,0.07193606730924995,0.21609089770770717,0.07832291838385919,0.11612840995782214,0.11088287213357768,59,False
NPST,Network People Services Technologies Limited,,NPST.NS,1537.199951171875,2026-08-12,0.4623287885984093,0.04956983257963854,-0.1315254513153249,-0.29126455109894234,0.11028748147243798,59,False
SHYAMMETL,Shyam Metalics and Energy Limited,,SHYAMMETL.NS,986.5999755859375,2026-08-12,0.12960457822222127,0.09763577632598408,0.15927191391966478,0.025611653829115566,0.1083457001038414,59,False
PGEL,PG Electroplast Limited,,PGEL.NS,614.6500244140625,2026-08-12,0.2618559160589309,0.021352670125866613,0.16147016295532857,-0.16547333849828516,0.10821226534015436,59,False
3MINDIA,3M India Limited,,3MINDIA.NS,35935.0,2026-08-12,0.16676021479266967,-0.0008107030176747188,0.0246043554728983,0.1822741133869472,0.10791763908550203,59,False
TANLA,Tanla Platforms Limited,,TANLA.NS,596.4500122070312,2026-08-12,0.19889449689855532,0.20714968076841145,-0.016706329844764722,-0.05116377203548783,0.10741371453705392,58,False
VERANDA,Veranda Learning Solutions Limited,,VERANDA.NS,251.35000610351562,2026-08-12,0.043899025574410055,0.2759530894689881,0.09716709643136556,0.07053116951709915,0.10628988131325459,58,False
HYUNDAI,Hyundai Motor India Limited,,HYUNDAI.NS,2240.0,2026-08-12,0.23898289063238498,0.03695499352400411,-0.04015643655733703,0.056626284716644104,0.10627812458961625,58,False
INGERRAND,Ingersoll Rand (India) Limited,,INGERRAND.NS,4292.2001953125,2026-08-12,-0.019808389074615684,0.1967605710599334,0.171617443458703,0.20191977895592417,0.10613620306506585,58,False
KROSS,Kross Limited,,KROSS.NS,204.77000427246094,2026-08-12,0.08481675265701072,-0.029755975780567878,0.17758355852090912,0.21101193865585843,0.10569460534204422,58,False
GOODLUCK,Goodluck India Limited,,GOODLUCK.NS,1305.5999755859375,2026-08-12,-0.01760724184654816,0.14029104223090094,0.14758968049925603,0.27347322461367374,0.10522789273014688,58,False
FIVESTAR,Five-Star Business Finance Limited,,FIVESTAR.NS,554.4000244140625,2026-08-12,0.21275581314463565,0.26328155662249664,-0.12279307365695435,-0.04254342437646885,0.10469133697566896,58,False
SAIL,Steel Authority of India Limited,,SAIL.NS,174.0,2026-08-12,-0.09563406694484611,0.08081243594583487,0.20498620051698135,0.42818412214893464,0.10454292494441172,58,False
OBEROIRLTY,Oberoi Realty Limited,,OBEROIRLTY.NS,1799.9000244140625,2026-08-12,0.11417665580482561,0.15327967654815322,0.010808164270386111,0.12723184900419104,0.10393460028647633,58,False
GNFC,Gujarat Narmada Valley Fertilizers and Chemicals Limited,,GNFC.NS,551.0499877929688,2026-08-12,0.07135221920682189,0.12643085454331993,0.11695546969821335,0.1329259474325999,0.1038033420175554,58,False
AGARWALEYE,Dr. Agarwal's Health Care Limited,,AGARWALEYE.NS,511.45001220703125,2026-08-12,0.13630305548008836,0.11293662450806963,0.015285384033808969,0.11342115034559241,0.10284985396952956,57,False
GLENMARK,Glenmark Pharmaceuticals Limited,,GLENMARK.NS,2290.0,2026-08-12,-0.015434844082316101,0.16956077630234923,0.2601111200523505,0.11286454202410723,0.10233335004283495,57,False
ARE&M,Amara Raja Energy & Mobility Limited,,ARE&M.NS,969.4000244140625,2026-08-12,0.183578457637271,0.07478868328074983,0.020927055362424563,0.04636170312147847,0.10184687140783896,57,False
POKARNA,Pokarna Limited,,POKARNA.NS,989.25,2026-08-12,0.1866027334980349,-0.10065507097379045,0.12965933267468555,0.09321948328378804,0.0990858423961506,57,False
BECTORFOOD,Mrs. Bectors Food Specialities Limited,,BECTORFOOD.NS,242.35000610351562,2026-08-12,0.3328383856515187,0.07253111847141458,-0.058303911228765326,-0.1883311510170691,0.09831456550572353,57,False
SFL,Sheela Foam Limited,,SFL.NS,691.5,2026-08-12,0.14461563081613327,0.12967652137913133,0.042039508435209205,0.028343692527710518,0.09785819679486352,57,False
GMRAIRPORT,GMR AIRPORTS LIMITED,,GMRAIRPORT.NS,104.55000305175781,2026-08-12,0.08241026002342444,0.06890916737960673,0.09487910137890787,0.15359159461758543,0.09644007668458979,57,False
OLECTRA,Olectra Greentech Limited,,OLECTRA.NS,1383.0,2026-08-12,0.11739521253964047,0.30324167323298834,-0.01754631812788865,-0.044593908796386916,0.09517837427759875,57,False
INDGN,Indegene Limited,,INDGN.NS,565.4000244140625,2026-08-12,0.10033427495403746,0.16824212331578736,0.11077264981738555,-0.013750407631826,0.09318658308188436,57,False
CEIGALL,Ceigall India Limited,,CEIGALL.NS,319.3500061035156,2026-08-12,-0.07541976911781845,0.11543842025744766,0.2720573679406677,0.22746661652542555,0.09282457329758081,57,False
DDEVPLSTIK,Ddev Plastiks Industries Limited,,DDEVPLSTIK.NS,290.95001220703125,2026-08-12,0.20376506363521174,0.0004349557515159752,0.036177555415014995,0.0192864561811652,0.09268581892362393,56,False
POONAWALLA,Poonawalla Fincorp Limited,,POONAWALLA.NS,484.1000061035156,2026-08-12,0.17116245059950974,-0.003704440863508629,0.03340803391753977,0.08908887762320727,0.09222347437525158,56,False
JSWENERGY,JSW Energy Limited,,JSWENERGY.NS,558.75,2026-08-12,0.08853580557185903,0.15908691214661186,0.06415556505133524,0.052074139452780166,0.09047764555888907,56,False
NORTHARC,Northern Arc Capital Limited,,NORTHARC.NS,284.20001220703125,2026-08-12,0.010668562837014672,0.09455042899147648,0.08307934000618489,0.24868191821476993,0.08952976257729214,56,False
DIXON,Dixon Technologies (India) Limited,,DIXON.NS,13800.0,2026-08-12,0.25694507696511515,0.18873287966233088,-0.08572942891215052,-0.171449240301649,0.08908887287575235,56,False
METROPOLIS,Metropolis Healthcare Limited,,METROPOLIS.NS,552.4000244140625,2026-08-12,0.04659338468553309,0.10389080771178771,0.13194100113468976,0.1122780549504947,0.08825932663360767,56,False
IKS,Inventurus Knowledge Solutions Limited,,IKS.NS,1785.5999755859375,2026-08-12,0.11928785866809388,0.01575740985674523,0.06602983617070901,0.11516364603877549,0.0871053218804835,56,False
PGHL,Procter & Gamble Health Limited,,PGHL.NS,5950.5,2026-08-12,0.12273584905660373,0.1393924729338023,0.049727994310776014,3.04441406231426e-05,0.08692452189968179,56,False
SHAREINDIA,Share India Securities Limited,,SHAREINDIA.NS,165.97999572753906,2026-08-12,0.20193586361994487,0.07522836950602718,-0.036415287151418396,-0.008181071339671497,0.08690074765096542,56,False
OLAELEC,Ola Electric Mobility Limited,,OLAELEC.NS,39.86000061035156,2026-08-12,0.11715247391882522,0.27838358628030324,-0.06999533264764912,-0.00993536333476941,0.08655156762710703,56,False
BIOCON,Biocon Limited,,BIOCON.NS,427.3999938964844,2026-08-12,-0.005089267123511987,0.15324385791453476,0.11116882700602448,0.17493440144511863,0.08583371042373078,55,False
ASIANPAINT,Asian Paints Limited,,ASIANPAINT.NS,2740.0,2026-08-12,0.06070463880598154,0.1546507320015098,0.04173022949635219,0.1043628524086253,0.08443061830369009,55,False
ICICIBANK,ICICI Bank Limited,,ICICIBANK.NS,1431.699951171875,2026-08-12,0.16012045444609013,0.026498366886716918,0.0629241710069719,0.010143737979847911,0.0839614369531434,55,False
HINDZINC,Hindustan Zinc Limited,,HINDZINC.NS,584.5999755859375,2026-08-12,-0.08341174855008004,-0.036294098103937245,0.2210895493750864,0.4018160218609914,0.0839575952063961,55,False
BAJAJFINSV,Bajaj Finserv Limited,,BAJAJFINSV.NS,2020.5,2026-08-12,0.1702009081252287,-0.002798885410171925,0.016499511461764094,0.05654341981294664,0.08212917242299923,55,False
EDELWEISS,Edelweiss Financial Services Limited,,EDELWEISS.NS,118.9000015258789,2026-08-12,0.04859336948487081,-0.021157484720484176,0.09132634104031756,0.24286551777845644,0.08204422261360629,55,False
BERGEPAINT,Berger Paints (I) Limited,,BERGEPAINT.NS,559.7999877929688,2026-08-12,0.05731834912050782,0.22975359241598392,0.032637223435616036,0.033110166609651825,0.0820275361404535,55,False
INDIGO,InterGlobe Aviation Limited,,INDIGO.NS,5333.0,2026-08-12,0.23594987617285001,0.0743135503085286,-0.045718887000089414,-0.09357555588290822,0.0813837719542462,55,False
LUPIN,Lupin Limited,,LUPIN.NS,2281.0,2026-08-12,0.009374905468766848,0.042393259849793585,0.1627809814939627,0.18174008924102125,0.08113282830446225,55,False
GODREJPROP,Godrej Properties Limited,,GODREJPROP.NS,2015.0,2026-08-12,0.18122627306197003,0.1120056592991181,-0.06196902582953867,-0.009325860161910726,0.08063266388632175,55,False
MPHASIS,MphasiS Limited,,MPHASIS.NS,2537.60009765625,2026-08-12,0.25078354401727365,-0.0032393252299216524,-0.06187858767464527,-0.03591514095020243,0.0801068068359556,54,False
BALKRISIND,Balkrishna Industries Limited,,BALKRISIND.NS,2496.89990234375,2026-08-12,0.16631115012764952,-0.06459106586915508,0.08252406631748621,0.04751127908033137,0.07961331595679232,54,False
INDIAGLYCO,India Glycols Limited,,INDIAGLYCO.NS,1049.4000244140625,2026-08-12,0.029530105936984796,0.0684495858068106,0.06233720896105677,0.20415832944048784,0.07880106721646496,54,False
ALKYLAMINE,Alkyl Amines Chemicals Limited,,ALKYLAMINE.NS,1889.800048828125,2026-08-12,0.10325550423675267,0.19850412672715323,0.07883054116572086,-0.09857806858012863,0.07705352155725016,54,False
JUSTDIAL,Just Dial Limited,,JUSTDIAL.NS,687.4500122070312,2026-08-12,0.3185960379770161,-0.01256822730045859,-0.062397707635446276,-0.1770514966199228,0.07703492887964089,54,False
BANKINDIA,Bank of India,,BANKINDIA.NS,145.5,2026-08-12,0.05618517905216236,-0.1033425041294912,0.03259508999360983,0.34262255749537895,0.07684910029276446,54,False
CEATLTD,CEAT Limited,,CEATLTD.NS,3723.10009765625,2026-08-12,0.17088040200758092,-0.06129681822605393,-0.07980769259779419,0.18277367692969704,0.07668599402420216,54,False
HARIOMPIPE,Hariom Pipe Industries Limited,,HARIOMPIPE.NS,392.70001220703125,2026-08-12,0.27252107725268626,0.012896569106451317,-0.05962642129442908,-0.11564141593105248,0.07653417727726847,54,False
GREAVESCOT,Greaves Cotton Limited,,GREAVESCOT.NS,193.75999450683594,2026-08-12,0.17850065578188756,0.12677089280380716,-0.035364815148220985,-0.06768357942404735,0.07614476195906279,54,False
SAMBHV,Sambhv Steel Tubes Limited,,SAMBHV.NS,118.44999694824219,2026-08-12,0.06644455995043885,0.2147471475055105,0.04425633985330557,-0.012258182481225233,0.0759268849556937,54,False
APLAPOLLO,APL Apollo Tubes Limited,,APLAPOLLO.NS,1997.0999755859375,2026-08-12,0.05655487629644007,-0.10791976631770994,0.11507536325289647,0.2563129942147493,0.0753156687485632,54,False
PREMIERENE,Premier Energies Limited,,PREMIERENE.NS,1026.0999755859375,2026-08-12,0.045334149456795814,0.24641150045829563,0.0017131753984866993,0.03711738548747001,0.0751820720515688,53,False
DENTA,Denta Water and Infra Solutions Limited,,DENTA.NS,323.8999938964844,2026-08-12,0.23273070940622032,0.05832382556927418,-0.19906033930506406,0.04480927345992458,0.07390683570731506,53,False
GAIL,GAIL (India) Limited,,GAIL.NS,177.9499969482422,2026-08-12,0.0975759673655987,0.08143417592201141,0.00634372560105545,0.0826403055718401,0.07311402836522088,53,False
JKPAPER,JK Paper Limited,,JKPAPER.NS,388.8999938964844,2026-08-12,0.018996463031429878,0.18838806385480322,0.008819698823565147,0.12135528020913822,0.07131119379007328,53,False
AVANTEL,Avantel Limited,,AVANTEL.NS,158.22999572753906,2026-08-12,0.05389212245756636,0.0538220782134895,-0.037533530477987465,0.2293910426187653,0.07069276705388002,53,False
NMDC,NMDC Limited,,NMDC.NS,85.9000015258789,2026-08-12,-0.0602778898970161,0.04045211040888752,0.1678488726386349,0.25521399291604885,0.06859183923390783,53,False
JINDRILL,Jindal Drilling And Industries Limited,,JINDRILL.NS,596.2000122070312,2026-08-12,0.024398646403833713,0.21574229124660138,0.07326734870752705,0.004346656637054247,0.06843071787977002,53,False
FEDFINA,Fedbank Financial Services Limited,,FEDFINA.NS,151.83999633789062,2026-08-12,0.0017152296061173633,0.03971516925773888,0.10678616251750106,0.1916496509171739,0.06831628838092971,53,False
SONATSOFTW,Sonata Software Limited,,SONATSOFTW.NS,323.45001220703125,2026-08-12,0.2337312524546442,0.0327428921041546,-0.1112915373213097,-0.05146607008519688,0.06748955792138729,53,False
GMDCLTD,Gujarat Mineral Development Corporation Limited,,GMDCLTD.NS,603.2000122070312,2026-08-12,-0.07569715787156206,-0.003551603973924733,0.0055008962471569944,0.4845571390137642,0.06702242310877447,53,False
IFBIND,IFB Industries Limited,,IFBIND.NS,1359.9000244140625,2026-08-12,0.22172316435296757,0.10813239775268069,-0.2453384992152816,0.01918607108530135,0.0650852596657271,52,False
360ONE,360 ONE WAM LIMITED,,360ONE.NS,1161.0,2026-08-12,0.061437144059256266,0.004593541452621253,0.08667374441233622,0.11059677467381546,0.0649476697314571,52,False
SHANTIGOLD,Shanti Gold International Limited,,SHANTIGOLD.NS,231.6999969482422,2026-08-12,0.10755258283090074,0.07527381447144776,0.007041007928959564,0.025856709121176547,0.06465533943667708,52,False
NIVABUPA,Niva Bupa Health Insurance Company Limited,,NIVABUPA.NS,84.08999633789062,2026-08-12,0.05336332718432635,0.06254734630298286,0.10644732023540304,0.043429707892348235,0.06383020575987737,52,False
GLAXO,GlaxoSmithKline Pharmaceuticals Limited,,GLAXO.NS,2620.199951171875,2026-08-12,0.1017296979454807,0.0243999355522746,0.08504559787389554,0.003510117394445622,0.06328300934231543,52,False
ADANIPORTS,Adani Ports and Special Economic Zone Limited,,ADANIPORTS.NS,1665.0,2026-08-12,-0.06856607162758377,0.07545961207482477,0.134032198456965,0.24276577634319807,0.06302508872396406,52,False
NIACL,The New India Assurance Company Limited,,NIACL.NS,181.08999633789062,2026-08-12,0.10642046426552043,0.1481669490183286,-0.0009765550192916139,-0.05045825242407731,0.06191461402120012,52,False
V2RETAIL,V2 Retail Limited,,V2RETAIL.NS,219.82000732421875,2026-08-12,-0.03689098302794025,0.11930346762761523,-0.037776273754902445,0.2977153793983196,0.06109212144303038,52,False
KRISHIVAL,Krishival Foods Limited,,KRISHIVAL.NS,405.70001220703125,2026-08-12,0.10109919599912875,0.20403619976056908,-0.18386641073074406,0.07381023866106129,0.05923568393782877,52,False
TRITURBINE,Triveni Turbine Limited,,TRITURBINE.NS,581.0999755859375,2026-08-12,-0.04259005865589516,0.16371276355902364,0.08860932307498115,0.1277329253279853,0.05897497893003996,52,False
TIMETECHNO,Time Technoplast Limited,,TIMETECHNO.NS,208.10000610351562,2026-08-12,0.1683135628125516,0.04096844725814264,-0.014444650159279648,-0.06972282491252502,0.05868561956228824,51,False
JSWSTEEL,JSW Steel Limited,,JSWSTEEL.NS,1269.0999755859375,2026-08-12,-0.0018849663612132694,0.02595411124056124,0.07124599292551914,0.19871290582005696,0.058428615452742166,51,False
AIIL,Authum Investment & Infrastructure Limited,,AIIL.NS,554.7999877929688,2026-08-12,0.09752717664286603,0.11439184692429594,0.01251959214694498,-0.03291034221840583,0.05781109002771343,51,False
CANBK,Canara Bank,,CANBK.NS,132.0,2026-08-12,0.06468631713940587,-0.07134519145694673,-0.032055209009227315,0.2532572075945132,0.05584588828143018,51,False
INDHOTEL,The Indian Hotels Company Limited,,INDHOTEL.NS,724.0,2026-08-12,0.10815139446399624,0.035121208585717545,0.042242024579200343,-0.02030935123456379,0.05467133417166933,51,False
GESHIP,The Great Eastern Shipping Company Limited,,GESHIP.NS,1281.9000244140625,2026-08-12,-0.14949704361978922,-0.02838569257320489,0.19267614342199435,0.4069251237150784,0.05444429746485789,51,False
NSLNISP,NMDC Steel Limited,,NSLNISP.NS,43.93000030517578,2026-08-12,0.0029680609675726277,0.033890293476706246,0.0011394538706352986,0.22435894641636955,0.05306496313977127,51,False
UNOMINDA,UNO Minda Limited,,UNOMINDA.NS,1232.4000244140625,2026-08-12,0.1002943252316697,0.003259558263821294,-0.05788026767275689,0.1157196143361019,0.05233751107810114,51,False
AARTIDRUGS,Aarti Drugs Limited,,AARTIDRUGS.NS,432.0,2026-08-12,0.17471108089734866,0.1383399209486167,-0.08554897096468683,-0.14200216199965876,0.05204218995579368,51,False
LXCHEM,Laxmi Organic Industries Limited,,LXCHEM.NS,172.85000610351562,2026-08-12,0.13544629014041254,0.13514863887157524,-0.08741782920300523,-0.06347788818976119,0.05102910035192678,51,False
RAYMONDREL,Raymond Realty Limited,,RAYMONDREL.NS,580.9000244140625,2026-08-12,0.055979483690481446,0.21899856556625097,0.01780151093936011,-0.09575261109195088,0.05060128655892463,50,False
PRESTIGE,Prestige Estates Projects Limited,,PRESTIGE.NS,1588.6938979192312,2026-08-12,0.18514380050679846,-0.0006282591133233151,-0.09547368744738027,-0.02268741248089301,0.050299648394400064,50,False
GRAVITA,Gravita India Limited,,GRAVITA.NS,1815.0999755859375,2026-08-12,0.07523251101044437,0.06707817494764101,0.04568494326944483,-0.013210855988688874,0.050003456849857145,50,False
MANBA,Manba Finance Limited,,MANBA.NS,131.44000244140625,2026-08-12,0.1741029135745391,0.02576238966184463,-0.05637309647645006,-0.06794664713845988,0.049929694639202576,50,False
PERSISTENT,Persistent Systems Limited,,PERSISTENT.NS,5474.0,2026-08-12,0.1682040562409277,-0.06462116402549034,-0.08593658146253713,0.06371763066292013,0.04991359953134961,50,False
GANECOS,Ganesha Ecosphere Limited,,GANECOS.NS,1069.5999755859375,2026-08-12,0.05182412224076871,0.27076150656256637,0.10245306341811844,-0.22943284867888714,0.04948599315666703,50,False
YATRA,Yatra Online Limited,,YATRA.NS,118.98999786376953,2026-08-12,0.25968662944153165,-0.19731520875276387,-0.2797651895877449,0.2033778435370701,0.04913414081592493,50,False
ATUL,Atul Limited,,ATUL.NS,6896.5,2026-08-12,-0.023872362270526915,0.04312257785108087,0.2038399714706598,0.04524639681649045,0.04889284431943546,50,False
MOSCHIP,Moschip Technologies Limited,,MOSCHIP.NS,205.19000244140625,2026-08-12,0.015892696216299296,0.026411878758309637,-0.09568088161775179,0.2802770136112356,0.04855868063687841,50,False
ARIS,Arisinfra Solutions Limited,,ARIS.NS,135.5500030517578,2026-08-12,-0.017112613644284624,0.4841782583394969,-0.11190461432644594,-0.09542877857395238,0.04852392763010588,50,False
AGIIL,Agi Infra Limited,,AGIIL.NS,300.6000061035156,2026-08-12,-0.28283428252237197,0.2324723805901192,0.1619636332407779,0.41339108734014074,0.04843170722525879,49,False
SAPPHIRE,Sapphire Foods India Limited,,SAPPHIRE.NS,231.74000549316406,2026-08-12,0.2916063307221375,0.02110600841300858,-0.09299410765884908,-0.26988024590591875,0.04828886325850316,49,False
SMARTWORKS,Smartworks Coworking Spaces Limited,,SMARTWORKS.NS,488.5,2026-08-12,0.11682671883074836,0.04693526277328397,-0.17112069188714474,0.1317039427947937,0.04823439026848593,49,False
DEVYANI,Devyani International Limited,,DEVYANI.NS,139.5500030517578,2026-08-12,0.18182588827718482,0.020475342243201577,-0.017530205238457275,-0.12775799574730062,0.04776778356236267,49,False
AADHARHFC,Aadhar Housing Finance Limited,,AADHARHFC.NS,502.0,2026-08-12,0.08154692793544882,0.060078160575244954,0.01939280649048669,-0.006530749797525881,0.047206814627820684,49,False
TEMBO,Tembo Global Industries Limited,,TEMBO.NS,61.0,2026-08-12,0.05884393948503641,0.08589231559359312,-0.24874966878954563,0.28025773631266215,0.0470176524173565,49,False
PNGJL,P N Gadgil Jewellers Limited,,PNGJL.NS,617.0,2026-08-12,0.07510014593559489,0.03185883000931011,-0.07176171405300702,0.11927437641723349,0.04591435684894528,49,False
INDIGOPNTS,Indigo Paints Limited,,INDIGOPNTS.NS,1122.0999755859375,2026-08-12,0.1388409514744795,0.08793867464120098,-0.06689956340743197,-0.06986333666576272,0.04577153550339305,49,False
SANATHAN,Sanathan Textiles Limited,,SANATHAN.NS,475.8500061035156,2026-08-12,0.09870699468376887,0.07488139368060742,-0.03026290143487964,-0.0216899422807435,0.0440685078665044,49,False
SUDARSCHEM,Sudarshan Chemical Industries Limited,,SUDARSCHEM.NS,1044.699951171875,2026-08-12,0.20811276062788053,0.08793397177012485,-0.013474922069865003,-0.27358229119903144,0.043420455951397895,49,False
BORORENEW,BOROSIL RENEWABLES LIMITED,,BORORENEW.NS,573.4500122070312,2026-08-12,0.14644141985682735,0.14690002441406258,-0.17996564819502903,-0.04329331189533803,0.04330478080747005,48,False
ASHAPURMIN,Ashapura Minechem Limited,,ASHAPURMIN.NS,637.2999877929688,2026-08-12,-0.0025043614962468874,0.005839665955809981,-0.015752914605453694,0.2279100162615546,0.04259760892388342,48,False
DATAMATICS,Datamatics Global Services Limited,,DATAMATICS.NS,862.9500122070312,2026-08-12,0.1633189894954199,0.08424423386885893,-0.003061418037948127,-0.1994511666883716,0.0416739256266758,48,False
CASTROLIND,Castrol India Limited,,CASTROLIND.NS,188.3800048828125,2026-08-12,0.07291710934581164,0.06629810776720269,0.04548080904038887,-0.051568146132141335,0.0412089978734147,48,False
ANGELONE,Angel One Limited,,ANGELONE.NS,291.0,2026-08-12,-0.048721046710444194,0.056518579925556756,0.12295524554600568,0.12270020128684167,0.040946386667503144,48,False
KRBL,KRBL Limited,,KRBL.NS,373.1499938964844,2026-08-12,0.10122469285861668,0.0047119009928895395,-0.012438830570625004,0.009147993358168183,0.040774089899533225,48,False
PCBL,PCBL Chemical Limited,,PCBL.NS,316.45001220703125,2026-08-12,0.16977154366943625,0.09194591697872712,-0.07968352165497727,-0.15142817441696987,0.040075461649130506,48,False
MIDHANI,Mishra Dhatu Nigam Limited,,MIDHANI.NS,408.45001220703125,2026-08-12,0.0009803318858705445,0.0840011847476616,0.06705482411731789,0.04566740421765836,0.03973681537087579,48,False
HCLTECH,HCL Technologies Limited,,HCLTECH.NS,1365.4000244140625,2026-08-12,0.21785254971096935,-0.10638418389635063,-0.09813334477193258,-0.03271071640165002,0.0396953708704011,48,False
PARADEEP,Paradeep Phosphates Limited,,PARADEEP.NS,147.17999267578125,2026-08-12,0.22181631906348587,0.16642885021251708,-0.07294030128324347,-0.3410250729286033,0.03921922282552841,48,False
STAR,Strides Pharma Science Limited,,STAR.NS,993.7999877929688,2026-08-12,-0.134563972743453,0.13139208439208971,0.07905923459941366,0.25072466729367715,0.03840960815965491,47,False
LT,Larsen & Toubro Limited,,LT.NS,4020.0,2026-08-12,0.038440719384470246,-0.026321727665843064,0.026362804620736924,0.11469265615978319,0.038323034376723505,47,False
AGI,AGI Greenpac Limited,,AGI.NS,706.0,2026-08-12,0.21829163071613467,0.07026449461153006,-0.08702959893358564,-0.2316463471379565,0.03763436199445146,47,False
HOMEFIRST,Home First Finance Company India Limited,,HOMEFIRST.NS,1181.199951171875,2026-08-12,0.10310466531995122,0.014550921515025461,0.00928734314355295,-0.04289044930011465,0.03743142919967324,47,False
POLICYBZR,PB Fintech Limited,,POLICYBZR.NS,1739.0,2026-08-12,0.030030178111448036,0.15578893275123162,-0.03308312482624409,0.002016709881878409,0.03695657480595241,47,False
WANBURY,Wanbury Limited,,WANBURY.NS,262.75,2026-08-12,0.025966394916040914,0.018016248688577763,0.07972054000373463,0.03039215686274499,0.03601234707742784,47,False
XPROINDIA,Xpro India Limited,,XPROINDIA.NS,1092.0,2026-08-12,0.007927161513718639,0.09278984480848518,0.0930629743878737,-0.028431659720658753,0.03465509650062748,47,False
PETRONET,Petronet LNG Limited,,PETRONET.NS,279.8500061035156,2026-08-12,0.07389390143146812,-0.06790120131362132,0.04617636307962747,0.044482740357317585,0.034109140997252,47,False
SCHAEFFLER,Schaeffler India Limited,,SCHAEFFLER.NS,4135.0,2026-08-12,0.026156417458162773,0.05241141784268133,0.023374343327706715,0.041370487870652006,0.03389381679147312,47,False
VINCOFE,Vintage Coffee And Beverages Limited,,VINCOFE.NS,146.4199981689453,2026-08-12,0.1452483372425153,-0.0035388884158232825,-0.11453799208694848,-0.004431398144917442,0.033597679167468274,47,False
CCAVENUE,AvenuesAI Limited,,CCAVENUE.NS,16.049999237060547,2026-08-12,0.17324553209169768,-0.14308597814604074,-0.08754979546152952,0.04970564271443023,0.03311218665805107,46,False
DELHIVERY,Delhivery Limited,,DELHIVERY.NS,470.25,2026-08-12,-0.011560693641618491,0.07867871735872267,0.09335036811606368,0.009661835748792313,0.03171390678806834,46,False
TITAGARH,TITAGARH RAIL SYSTEMS LIMITED,,TITAGARH.NS,829.0,2026-08-12,0.08607364503830062,0.053701938353987844,-0.04062027147048186,-0.02806004668516704,0.031433782054988035,46,False
JUBLINGREA,Jubilant Ingrevia Limited,,JUBLINGREA.NS,716.2000122070312,2026-08-12,-0.01802222488340388,0.0881455479930009,0.08397297527241299,0.018395871851170753,0.03089398906995538,46,False
MANKIND,Mankind Pharma Limited,,MANKIND.NS,2433.10009765625,2026-08-12,-0.027926449198461878,0.16869216186480807,0.08785656416894283,-0.047782123355005535,0.030582740856364324,46,False
BAJAJHLDNG,Bajaj Holdings & Investment Limited,,BAJAJHLDNG.NS,11579.0,2026-08-12,0.1372603898332998,0.0579261823903221,-0.035630107831928326,-0.14507504975869812,0.030348360893259062,46,False
SHK,S H Kelkar and Company Limited,,SHK.NS,170.88999938964844,2026-08-12,0.265476954131314,-0.016859756458870057,-0.06899634679403865,-0.2960369322288948,0.02981217455616489,46,False
TRENT,Trent Limited,,TRENT.NS,2987.0,2026-08-12,0.09407285751869088,0.0723451010584133,0.03969626940182547,-0.1539321870681981,0.029250979685884484,46,False
MOTILALOFS,Motilal Oswal Financial Services Limited,,MOTILALOFS.NS,901.0,2026-08-12,0.06842169221185457,0.09750896717543545,-0.08153258170570443,-0.010380822792612876,0.028487789420165464,46,False
GOKEX,Gokaldas Exports Limited,,GOKEX.NS,762.25,2026-08-12,0.10840480801173169,-0.013587835651892588,-0.12525822969474443,0.0549443123351161,0.02658157260238849,46,False
BEML,BEML Limited,,BEML.NS,1900.5999755859375,2026-08-12,0.06432517677554839,0.0778518165458475,-0.055617905593907446,-0.020081274952353123,0.026160597910136738,46,False
TATACOMM,Tata Communications Limited,,TATACOMM.NS,1736.199951171875,2026-08-12,0.04284981802672294,0.04483997613087265,-0.04783279609304136,0.047526248089232004,0.026046612836101837,45,False
PFIZER,Pfizer Limited,,PFIZER.NS,5017.60009765625,2026-08-12,0.029124929170356362,0.07029771248300576,-0.007975643958650247,0.009404235058923183,0.025995232384798284,45,False
CIPLA,Cipla Limited,,CIPLA.NS,1463.0,2026-08-12,0.03116068143750117,0.10030932869347953,-0.025199601975417374,-0.009574035458466246,0.025571410826919654,45,False
IIFLCAPS,IIFL Capital Services Limited,,IIFLCAPS.NS,335.0,2026-08-12,-0.023181256521524807,-0.007573691220899126,0.05960408093056668,0.12108639559542844,0.02535085445240928,45,False
M&M,Mahindra & Mahindra Limited,,M&M.NS,3403.60009765625,2026-08-12,0.10125925832889182,-0.06432806391093893,-0.08262174365715347,0.07107932488213131,0.02532960679436451,45,False
GREENPLY,Greenply Industries Limited,,GREENPLY.NS,275.54998779296875,2026-08-12,0.08566450677366344,0.1512771447651744,-0.08234633871390984,-0.116562024548581,0.02473955901000209,45,False
IGIL,International Gemological Institute Limited,,IGIL.NS,343.25,2026-08-12,0.050818938967365,0.04706429844064197,-0.001450024320955312,-0.024121032558231503,0.024626223899237035,45,False
AJAXENGG,Ajax Engineering Limited,,AJAXENGG.NS,565.0999755859375,2026-08-12,0.07341620758421952,0.12907088029158342,-0.019434343994910508,-0.13441066597458895,0.024411657098104597,45,False
CAMS,Computer Age Management Services Limited,,CAMS.NS,777.4000244140625,2026-08-12,-0.0001063723139322903,0.055637763436568344,0.026223444784981176,0.03833007914003539,0.023995708546744068,45,False
DLF,DLF Limited,,DLF.NS,661.75,2026-08-12,0.18228183270764942,-0.0025926619286781305,-0.12439304961656861,-0.11793829113821075,0.02392793254636827,45,False
SENCO,Senco Gold Limited,,SENCO.NS,345.6499938964844,2026-08-12,0.032715809053152745,-0.030698827400043815,0.06380545297248674,0.01832978673284913,0.02337360608231951,44,False
INFOBEAN,InfoBeans Technologies Limited,,INFOBEAN.NS,162.8800048828125,2026-08-12,0.08456979187992864,-0.27781391319102555,0.07071372127971642,0.15303275748147804,0.023014429866005243,44,False
VAIBHAVGBL,Vaibhav Global Limited,,VAIBHAVGBL.NS,232.85000610351562,2026-08-12,0.10449312028615387,-0.08954689856761688,-0.09465494856401901,0.08931888347094796,0.022820655382323963,44,False
BRITANNIA,Britannia Industries Limited,,BRITANNIA.NS,5645.5,2026-08-12,0.06169482062640275,-0.022810501294173613,-0.0354554455214271,0.048027404295758025,0.022630219746592566,44,False
NH,Narayana Hrudayalaya Ltd.,,NH.NS,1837.0,2026-08-12,-1.541637229374171e-05,0.0262382972333437,0.046777088785332044,0.03558978304418048,0.02171486726365375,44,False
ZEEL,Zee Entertainment Enterprises Limited,,ZEEL.NS,97.5199966430664,2026-08-12,0.10391669329556352,0.04132402620536091,-0.01275564033003962,-0.13171049718637773,0.02093825505601413,44,False
STYLEBAAZA,Baazar Style Retail Limited,,STYLEBAAZA.NS,353.20001220703125,2026-08-12,-0.09342914098110411,0.015234315618079197,0.13314083533765042,0.1413798619297839,0.020579346184661063,44,False
BANDHANBNK,Bandhan Bank Limited,,BANDHANBNK.NS,176.0,2026-08-12,-0.09492957974145122,0.055852165230283246,0.16602621673019957,0.06908919757340315,0.020221684010196708,44,False
LINDEINDIA,Linde India Limited,,LINDEINDIA.NS,6777.5,2026-08-12,-0.07657866979167949,0.03918474691643259,0.1626979902122856,0.052230916909408176,0.020191262890953472,44,False
LTFOODS,LT Foods Limited,,LTFOODS.NS,426.70001220703125,2026-08-12,0.042384282019842345,0.032172275053001576,0.05083549130508236,-0.07031366203677691,0.01949253367219834,44,False
HEXT,Hexaware Technologies Limited,,HEXT.NS,578.9000244140625,2026-08-12,0.1957038763029222,0.00655229632824339,-0.1240221013905819,-0.17736925847690077,0.01931373781332102,43,False
PANACEABIO,Panacea Biotec Limited,,PANACEABIO.NS,398.0,2026-08-12,0.029887404394183692,0.06289220730469114,0.003403519788955256,-0.030686814213877645,0.01907674433362723,43,False
AFFLE,Affle 3i Limited,,AFFLE.NS,1672.9000244140625,2026-08-12,0.1325570726859262,0.005288173161006382,-0.0360147511356077,-0.1420585653273364,0.018465800413982936,43,False
LTM,LTM Limited,,LTM.NS,4762.10009765625,2026-08-12,0.21608682204489593,-0.14766529944554618,-0.15490432518812536,-0.038234323054809116,0.01827393928026225,43,False
ATULAUTO,Atul Auto Limited,,ATULAUTO.NS,504.0,2026-08-12,-0.026839204013918705,-0.027308740224539663,0.033422159903595317,0.1322026438513233,0.01692753110050831,43,False
PRIMO,Primo Chemicals Limited,,PRIMO.NS,24.290000915527344,2026-08-12,0.012505258327278224,0.09070500297450446,0.08826170464330008,-0.11960852550959533,0.016873739752553133,43,False
PASHUPATI,Pashupati Cotspin Limited,,PASHUPATI.NS,83.9000015258789,2026-08-12,-0.0801446950111655,0.0011932991703988982,0.03014306391127297,0.21293812758055441,0.016797020127979057,43,False
ASAHIINDIA,Asahi India Glass Limited,,ASAHIINDIA.NS,891.5,2026-08-12,0.08765933440592577,-0.08835261504961267,-0.07888616780685986,0.06911345480464526,0.015438668152004854,43,False
APLLTD,Alembic Pharmaceuticals Limited,,APLLTD.NS,841.6500244140625,2026-08-12,0.08936052891235335,0.06517963520501491,-0.06846875194848767,-0.1012073571765687,0.014844916780933047,43,False
TIINDIA,Tube Investments of India Limited,,TIINDIA.NS,2839.0,2026-08-12,-0.003421614266618911,0.16482703458306647,-0.05215928521742508,-0.033961943137679085,0.014372515538944898,43,False
ALKEM,Alkem Laboratories Limited,,ALKEM.NS,5480.0,2026-08-12,0.000694054598486149,-0.047739209594966914,-0.02560725904811123,0.13799351661355108,0.013207031433489048,42,False
ECLERX,eClerx Services Limited,,ECLERX.NS,1810.199951171875,2026-08-12,0.22055153460353072,-0.09149312362766626,-0.16613314151619663,-0.11986744676676253,0.012721871459287201,42,False
ULTRACEMCO,UltraTech Cement Limited,,ULTRACEMCO.NS,11891.0,2026-08-12,0.05629971038556403,-0.06828578024434839,0.026106923441489238,-0.011348911620903901,0.011814330469473,42,False
CARERATING,CARE Ratings Limited,,CARERATING.NS,1687.5999755859375,2026-08-12,-0.05476881359455099,0.0508795007401861,0.06938665985138082,0.045083804723326626,0.011162467625158313,42,False
HINDOILEXP,Hindustan Oil Exploration Company Limited,,HINDOILEXP.NS,162.36000061035156,2026-08-12,-0.040368826363839316,0.0411029418887181,0.07097621420601263,0.021132079310387075,0.010494716535487836,42,False
APOLLOTYRE,Apollo Tyres Limited,,APOLLOTYRE.NS,445.1499938964844,2026-08-12,0.1348434418754969,-0.11731911491766356,-0.1337157136911481,0.033385243437180856,0.010407459715872605,42,False
MAMATA,Mamata Machinery Limited,,MAMATA.NS,425.20001220703125,2026-08-12,0.06344659500571526,-0.0005848172602075374,0.018908333341865147,-0.0946137299327745,0.010120595232062726,42,False
MARUTI,Maruti Suzuki India Limited,,MARUTI.NS,13875.0,2026-08-12,0.06000661012004893,-0.07471627041885887,-0.10422834107287693,0.10943219606902743,0.010100160963477902,42,False
MAHSEAMLES,Maharashtra Seamless Limited,,MAHSEAMLES.NS,610.9500122070312,2026-08-12,-0.0524234009972373,0.11660419436386116,0.10269835875409172,-0.06795087102200015,0.009300976020295627,42,False
JSWDULUX,JSW Dulux Limited,,JSWDULUX.NS,3099.39990234375,2026-08-12,0.07180660924537885,0.04148552650749959,-0.047974570744072076,-0.09281995210686012,0.008860844429465026,42,False
AXISBANK,Axis Bank Limited,,AXISBANK.NS,1230.0,2026-08-12,-0.011127485194626918,-0.0926891228245843,0.006910960945146316,0.143791725145628,0.007151718575387232,41,False
BHARTIARTL,Bharti Airtel Limited,,BHARTIARTL.NS,1945.0,2026-08-12,0.03362982957871963,-0.020793415055974762,-0.03565671731311226,0.024382761013658882,0.007038457560402223,41,False
MSUMI,Motherson Sumi Wiring India Limited,,MSUMI.NS,41.040000915527344,2026-08-12,0.039073563992606086,-0.028112177697798835,-0.10306597253370431,0.08766133487947236,0.00692606252663628,41,False
OIL,Oil India Limited,,OIL.NS,472.0,2026-08-12,-0.08933048212122074,-0.01970198907407783,0.10814308587389276,0.1220663234121504,0.006369291193904773,41,False
INDIQUBE,Indiqube Spaces Limited,,INDIQUBE.NS,183.7899932861328,2026-08-12,0.09640271987474747,0.05626432923064839,-0.09844995224237063,-0.12489291711612238,0.005145379924330062,41,False
SANDUMA,Sandur Manganese & Iron Ores Limited,,SANDUMA.NS,202.88999938964844,2026-08-12,-0.09299171894269265,-0.039492100871901914,-0.013208722408511231,0.26278411600071805,0.004819970966983923,41,False
PAGEIND,Page Industries Limited,,PAGEIND.NS,38295.0,2026-08-12,0.04414864701361432,0.10701324517444943,-0.025963554906342723,-0.15065879581189479,0.003737637696688119,41,False
JBMA,JBM Auto Limited,,JBMA.NS,628.0999755859375,2026-08-12,-0.021041147932824078,0.040503520554989736,-0.006878071843043565,0.027007935796672378,0.0037102177285940783,41,False
TIMKEN,Timken India Limited,,TIMKEN.NS,3235.0,2026-08-12,-0.08314087024728967,0.0019536893135683187,0.07049765292200383,0.10880953365190948,0.0029958270785804646,41,False
NOCIL,NOCIL Limited,,NOCIL.NS,163.44000244140625,2026-08-12,0.0029574085969350516,0.0838081079970785,-0.023057982789511766,-0.05365750740732367,0.0026014869988226306,41,False
JYOTICNC,Jyoti CNC Automation Limited,,JYOTICNC.NS,818.8499755859375,2026-08-12,0.1576305984991917,-0.008235994219161769,-0.14004414504470752,-0.15477912272545913,0.002440387001810991,40,False
BLACKBUCK,BLACKBUCK LIMITED,,BLACKBUCK.NS,568.0499877929688,2026-08-12,0.0703786974313596,-0.09329610886996209,-0.13643964984117218,0.09863649783204487,0.0019316267967259618,40,False
CRISIL,Crisil Limited,,CRISIL.NS,4507.10009765625,2026-08-12,0.09181443838192416,-0.025152238427661677,-0.033376101054134244,-0.11728930940304327,0.0015622455758018267,40,False
LICI,Life Insurance Corporation Of India,,LICI.NS,417.0,2026-08-12,0.06807222671847057,-0.04278349757162703,-0.052243015209050614,-0.03553680998483033,0.0011162261342866353,40,False
COALINDIA,Coal India Limited,,COALINDIA.NS,409.29998779296875,2026-08-12,-0.10262244536173493,-0.024826602775518958,0.09783439523813509,0.13723541674126083,0.000999663696081423,40,False
RVTH,Revathi Equipment India Limited,,RVTH.NS,721.2999877929688,2026-08-12,0.09122539756878778,0.1526967443754994,-0.14931009903977788,-0.19009655561868177,-0.0008518230290769369,40,False
BPCL,Bharat Petroleum Corporation Limited,,BPCL.NS,317.0,2026-08-12,0.114431310937255,-0.17950046591932634,-0.12884625964626018,0.07209327576120761,-0.0014781655859737782,40,False
MMTC,MMTC Limited,,MMTC.NS,64.43000030517578,2026-08-12,0.022860749140148906,-0.026295872932124986,-0.029668692401088714,0.00015526446002422922,-0.002017560518578332,40,False
MANYAVAR,Vedant Fashions Limited,,MANYAVAR.NS,522.4000244140625,2026-08-12,0.18781273059056303,0.06395116988607441,-0.1696733622468154,-0.2809371086856711,-0.0022067679730572234,40,False
MOLDTKPAC,Mold-Tek Packaging Limited,,MOLDTKPAC.NS,685.4500122070312,2026-08-12,-0.02524175155272068,0.15606046787124495,0.003780708705685365,-0.1206162413309888,-0.0022517135718999673,40,False
HARSHA,Harsha Engineers International Limited,,HARSHA.NS,399.8999938964844,2026-08-12,-0.010623104230532254,0.009154449285224242,0.03638668744619422,-0.038153258084140385,-0.002771665962757285,39,False
NITCO,Nitco Limited,,NITCO.NS,96.80999755859375,2026-08-12,0.0060271659713952985,0.131354422155612,0.04738718207244985,-0.21439588638015983,-0.004719990041861473,39,False
SAKSOFT,Saksoft Limited,,SAKSOFT.NS,162.99000549316406,2026-08-12,0.20898628495990623,-0.03203820334866514,-0.19169288892349623,-0.2217837484235088,-0.005508454155171531,39,False
ABBOTINDIA,Abbott India Limited,,ABBOTINDIA.NS,28140.0,2026-08-12,0.030725870906872954,0.055082644727959096,-0.025432132503047322,-0.11985084048231143,-0.005749717288730749,39,False
PTC,PTC India Limited,,PTC.NS,165.41000366210938,2026-08-12,-0.11660799557729895,0.001966626777088143,0.1510587632673248,0.05007524193903823,-0.00602307183422935,39,False
KNAGRI,KN Agri Resources Limited,,KNAGRI.NS,201.27999877929688,2026-08-12,0.03913268947071846,0.19411486529791389,-0.10542222764756948,-0.19808765426574948,-0.006225927534793632,39,False
NAVA,NAVA LIMITED,,NAVA.NS,586.7000122070312,2026-08-12,-0.057786336857827636,0.03555358337890313,0.06715540291876243,-0.019475250313232606,-0.006467787546244465,39,False
AXISCADES,AXISCADES Technologies Limited,,AXISCADES.NS,1543.4000244140625,2026-08-12,-0.250157903220775,0.24618492080263432,0.08483874139643222,0.13218902559912693,-0.007420623728671312,39,False
COROMANDEL,Coromandel International Limited,,COROMANDEL.NS,2079.5,2026-08-12,0.11562042826193752,-0.08250329938226253,-0.04048401888518982,-0.14586375326569812,-0.007522043001855078,39,False
RITES,RITES Limited,,RITES.NS,223.5,2026-08-12,0.06455110639634243,-0.01531114181128801,-0.07736201291389921,-0.07524530253110728,-0.00776324889272193,39,False
VOLTAS,Voltas Limited,,VOLTAS.NS,1290.0,2026-08-12,0.05147686327630718,-0.12303302999271382,-0.007476274226605462,-0.011569976146201588,-0.0078251107625813,39,False
MAZDOCK,Mazagon Dock Shipbuilders Limited,,MAZDOCK.NS,2552.0,2026-08-12,0.028285901277591785,0.049547137082628145,-0.06995446127695981,-0.07795961913431515,-0.008359028154692645,38,False
RECLTD,REC Limited,,RECLTD.NS,346.0,2026-08-12,0.01190493934449166,-0.006860778740389262,-0.012112326690737363,-0.05290557297162557,-0.009613759942753774,38,False
CDSL,Central Depository Services (India) Limited,,CDSL.NS,1339.0,2026-08-12,0.13863156248082875,-0.0354671593667355,-0.15596598529427386,-0.13632846246125752,-0.010099696432121878,38,False
EIEL,Enviro Infra Engineers Limited,,EIEL.NS,203.1300048828125,2026-08-12,0.050853604117236495,0.1655382505484777,-0.10079676683880712,-0.21888092898305167,-0.010486447407781617,38,False
BRIGADE,Brigade Enterprises Limited,,BRIGADE.NS,592.9500122070312,2026-08-12,0.15268395596947948,-0.011297689382848586,-0.18077780838826984,-0.16636013724531984,-0.010613544615495865,38,False
KFINTECH,Kfin Technologies Limited,,KFINTECH.NS,922.0,2026-08-12,0.15625346593644185,-0.08598977928532447,-0.14588784128332855,-0.13669760738096626,-0.01121365921534712,38,False
JSL,Jindal Stainless Limited,,JSL.NS,737.9000244140625,2026-08-12,-0.01547695208263844,-0.06310303797927441,-0.002883778172508622,0.022255867817343677,-0.014936970499943247,38,False
IEX,Indian Energy Exchange Limited,,IEX.NS,125.94999694824219,2026-08-12,0.005428277507768309,0.01428768739587416,-0.0707586003636469,-0.029817883231068154,-0.015086448236660855,38,False
RELIGARE,Religare Enterprises Limited,,RELIGARE.NS,237.5,2026-08-12,0.07015729211042276,-0.10373973073496479,-0.06734731713151298,-0.04560982851169504,-0.015276458431465459,38,False
KSB,Ksb Limited,,KSB.NS,788.0499877929688,2026-08-12,-0.07408058935680517,0.08019120725072937,0.035692429915710644,-0.04711554059250089,-0.01587861642793425,38,False
BANCOINDIA,Banco Products (I) Limited,,BANCOINDIA.NS,628.6500244140625,2026-08-12,0.03336903039828809,-0.010871404472445279,-0.1974519622910491,0.06117186121995477,-0.016082688949392687,37,False
NLCINDIA,NLC India Limited,,NLCINDIA.NS,276.75,2026-08-12,-0.21556119734787704,0.07122118622715212,0.0680816446905288,0.2100161390298263,-0.016360684949649366,37,False
CANFINHOME,Can Fin Homes Limited,,CANFINHOME.NS,821.9500122070312,2026-08-12,-0.023636886041455196,-0.09431753198763548,-0.0667132796182478,0.12649766617034452,-0.01636138350368983,37,False
CONCOR,Container Corporation of India Limited,,CONCOR.NS,512.0499877929688,2026-08-12,-0.009993611131499991,2.9800301030613596e-05,-0.00616468750807031,-0.05849639348066904,-0.016923700590141744,37,False
NHPC,NHPC Limited,,NHPC.NS,76.8499984741211,2026-08-12,0.00351998211515947,0.0014334195128182792,-0.04197871119388552,-0.053767005478314034,-0.01745446658581247,37,False
TATAINVEST,Tata Investment Corporation Limited,,TATAINVEST.NS,679.0,2026-08-12,0.009692735721426038,0.02547043247395786,-0.12353688244321959,-0.011225193495600583,-0.01798123440440205,37,False
GARUDA,Garuda Construction and Engineering Limited,,GARUDA.NS,183.49000549316406,2026-08-12,0.020522816344691774,-0.028382316320464174,-0.16606823382653646,0.06149487935484799,-0.018382007620553822,37,False
TATASTEEL,Tata Steel Limited,,TATASTEEL.NS,186.1999969482422,2026-08-12,-0.12359361005182468,-0.08639025938385492,0.0497126039546667,0.1902045452639083,-0.018732066053785863,37,False
JPPOWER,Jaiprakash Power Ventures Limited,,JPPOWER.NS,17.729999542236328,2026-08-12,-0.09263056747621279,0.16644735294200697,-0.01554695630689018,-0.06388600621449214,-0.019649348906360192,37,False
BASF,BASF India Limited,,BASF.NS,3992.0,2026-08-12,0.04245148264002774,0.04228927869199817,-0.1065032373839293,-0.12127274402029509,-0.02011674748643415,37,False
INDUSTOWER,Indus Towers Limited,,INDUSTOWER.NS,383.3999938964844,2026-08-12,-0.07513884786820191,-0.13355324075510877,-0.006917056425951418,0.1887914056725688,-0.020391317448979034,36,False
VGUARD,V-Guard Industries Limited,,VGUARD.NS,332.0,2026-08-12,0.04064951059520139,-0.030571937976427876,-0.07080722508550996,-0.08832957038347566,-0.021681942451002148,36,False
CHALET,Chalet Hotels Limited,,CHALET.NS,823.0,2026-08-12,0.04887526208206694,-0.06726353173696786,-0.07823260065622795,-0.06090867525687571,-0.02173085669718753,36,False
GRSE,Garden Reach Shipbuilders & Engineers Limited,,GRSE.NS,2576.39990234375,2026-08-12,-0.04076845898257375,0.02425061714567245,-0.07263355526819582,0.018607438226328155,-0.022262483572268545,36,False
JINDALSTEL,JINDAL STEEL LIMITED,,JINDALSTEL.NS,1112.0,2026-08-12,-0.09740259740259738,-0.06664430316183001,0.029439039312699533,0.11476336666098441,-0.023449418398668164,36,False
DEEPAKNTR,Deepak Nitrite Limited,,DEEPAKNTR.NS,1718.4000244140625,2026-08-12,-0.05483547430737157,0.02875359972662328,0.002933179575922207,-0.04758698154296892,-0.025114230171033314,36,False
FORCEMOT,FORCE MOTORS LTD,,FORCEMOT.NS,19269.0,2026-08-12,-0.05339948909412462,-0.18431189942005677,0.09763600113927651,0.06723079507641039,-0.025248816278523822,36,False
HDBFS,HDB Financial Services Limited,,HDBFS.NS,688.75,2026-08-12,0.023360074929551722,-0.04491582345676337,-0.0562042272457165,-0.07858862177206394,-0.026597704523088076,36,False
REFEX,Refex Industries Limited,,REFEX.NS,293.79998779296875,2026-08-12,0.0609758973659309,0.22936015409847132,-0.17968522402253773,-0.3059839972963818,-0.026871454497717287,36,False
TATAPOWER,Tata Power Company Limited,,TATAPOWER.NS,379.45001220703125,2026-08-12,-0.06191327225796872,0.03203479918893537,-0.03488041664218389,-0.009722920654500422,-0.02727901652473728,36,False
IDBI,IDBI Bank Limited,,IDBI.NS,82.45999908447266,2026-08-12,0.17163970307583432,-0.23676417636329705,-0.16546907072258188,-0.07855625150420309,-0.027502018487682682,35,False
SILVERTUC,Silver Touch Technologies Limited,,SILVERTUC.NS,205.8800048828125,2026-08-12,0.3901417717627311,0.5524054626973103,-0.7507505994154813,-0.7254194752087861,-0.028696213680298982,35,False
BEL,Bharat Electronics Limited,,BEL.NS,405.1499938964844,2026-08-12,-0.0423698670659739,-0.06831199470965599,-0.04650796002645596,0.053184573284672076,-0.02927502311667754,35,False
BANKBARODA,Bank of Baroda,,BANKBARODA.NS,251.0,2026-08-12,-0.008728556973592427,-0.10756552959531807,-0.09351637067442187,0.07051579035807065,-0.029604644771770834,35,False
KOTAKBANK,Kotak Mahindra Bank Limited,,KOTAKBANK.NS,390.5,2026-08-12,0.010655401834105405,-0.08880922437329708,-0.06278652298003018,-0.018186399585173763,-0.029694268654058047,35,False
HIKAL,Hikal Limited,,HIKAL.NS,212.83999633789062,2026-08-12,0.05648758683993482,0.12578335089156334,-0.08261958887608967,-0.305346805135003,-0.029841573887931943,35,False
PRINCEPIPE,Prince Pipes And Fittings Limited,,PRINCEPIPE.NS,269.20001220703125,2026-08-12,0.06910249779344468,0.015619160516751718,-0.1399360632363219,-0.1722243982656131,-0.03166726107965878,35,False
SAMHI,Samhi Hotels Limited,,SAMHI.NS,164.50999450683594,2026-08-12,0.12224570991624573,-0.023679557822932074,-0.12382829505863413,-0.2558802553631627,-0.03177933768244749,35,False
ANURAS,Anupam Rasayan India Limited,,ANURAS.NS,1204.4000244140625,2026-08-12,-0.12470928458280339,-0.08702238554195907,0.11394753866632645,0.06067813686839507,-0.03236305583456886,35,False
MOBIKWIK,One Mobikwik Systems Limited,,MOBIKWIK.NS,207.00999450683594,2026-08-12,0.09587083745632996,-0.06957620838749878,-0.16896832824319086,-0.11726579098614232,-0.03281373054083441,35,False
MASTEK,Mastek Limited,,MASTEK.NS,1819.0999755859375,2026-08-12,0.1736885908325898,-0.07008484766795275,-0.17076716435251904,-0.2717478227791488,-0.033044530626888204,34,False
ELLEN,Ellenbarrie Industrial Gases Limited,,ELLEN.NS,323.79998779296875,2026-08-12,0.1757443535553478,0.17170248106192987,-0.28505190515198586,-0.403793035631002,-0.03313075052207249,34,False
ZOTA,Zota Health Care LImited,,ZOTA.NS,1249.5999755859375,2026-08-12,0.034608316830562424,-0.10010082273071275,-0.18358813830009946,0.04764171382734128,-0.033366122708469226,34,False
CARRARO,Carraro India Limited,,CARRARO.NS,518.0,2026-08-12,-0.09130776056059198,-0.09740376726963029,0.02462666898951582,0.0873397023717819,-0.0336105834059033,34,False
MGL,Mahanagar Gas Limited,,MGL.NS,1117.9000244140625,2026-08-12,0.027859552692432787,-0.043637754277781715,-0.067017704362213,-0.11425861071920906,-0.03383899279486764,34,False
STYRENIX,Styrenix Performance Materials Limited,,STYRENIX.NS,2215.5,2026-08-12,-0.045416489900474755,0.12506029972636856,-0.02333202783583277,-0.18488773923918267,-0.03479848942991928,34,False
PATELENG,Patel Engineering Limited,,PATELENG.NS,29.190000534057617,2026-08-12,0.1115765529184285,-0.043891258514580866,-0.16241027798800267,-0.19230766388948817,-0.035091218911042936,34,False
ASTRAL,Astral Limited,,ASTRAL.NS,1464.0,2026-08-12,-0.05597114140776316,-0.04451112997341733,-0.05900504303060761,0.03676660517402652,-0.03573837012910495,34,False
FSL,Firstsource Solutions Limited,,FSL.NS,274.5,2026-08-12,0.15530300062537905,-0.04285592521545756,-0.2056328012627473,-0.24160862191017696,-0.03589826942752474,34,False
PNBGILTS,PNB Gilts Limited,,PNBGILTS.NS,80.41000366210938,2026-08-12,0.06729503013884397,-0.024623953410720545,-0.07680820814249989,-0.21584922758600678,-0.03653826577230786,34,False
DLINKINDIA,D-Link (India) Limited,,DLINKINDIA.NS,425.95001220703125,2026-08-12,-0.07153962247282375,0.09107081911863091,0.0020934248453443605,-0.13290851584821772,-0.03656470336597799,33,False
AAVAS,Aavas Financiers Limited,,AAVAS.NS,1416.199951171875,2026-08-12,0.022748610609353737,0.054426309965531106,-0.12537055714032186,-0.15832641642663348,-0.03675468847654335,33,False
CESC,CESC Limited,,CESC.NS,162.42999267578125,2026-08-12,-0.09806210240004176,0.05030713925863095,-0.050672198237614374,0.012332660981633436,-0.03683132055948671,33,False
JKTYRE,JK Tyre & Industries Limited,,JKTYRE.NS,386.5,2026-08-12,0.03263815846334239,-0.3170841971672288,-0.1379290910214651,0.20341807574080328,-0.03726377910424118,33,False
FORTIS,Fortis Healthcare Limited,,FORTIS.NS,900.0,2026-08-12,-0.06506022079658957,0.010208894751751796,-0.08708609056269923,0.019179563768807917,-0.03756361472706373,33,False
ARKADE,Arkade Developers Limited,,ARKADE.NS,129.66000366210938,2026-08-12,0.13497904487645473,0.03322978619273509,-0.22591042589785448,-0.26596465064465014,-0.037737440119372016,33,False
GMMPFAUDLR,GMM Pfaudler Limited,,GMMPFAUDLR.NS,997.2999877929688,2026-08-12,0.11377787756936053,0.019711865437020304,-0.19804348237932656,-0.23838279193714418,-0.03783173074814588,33,False
INDIACEM,The India Cements Limited,,INDIACEM.NS,384.79998779296875,2026-08-12,-0.03836063060764794,-0.17327322440414827,-0.015353122281003162,0.07501040556022676,-0.03806744046804411,33,False
SPANDANA,Spandana Sphoorty Financial Limited,,SPANDANA.NS,244.6999969482422,2026-08-12,-0.06388675339776584,-0.08128405728986265,0.05044000924632197,-0.03357030056259247,-0.03843757108033297,33,False
SHREECEM,SHREE CEMENT LIMITED,,SHREECEM.NS,25570.0,2026-08-12,0.026690595886992075,-0.033498058519558116,-0.0517305694017558,-0.16134026024009207,-0.03863753927748437,33,False
NACLIND,NACL Industries Limited,,NACLIND.NS,171.27000427246094,2026-08-12,0.059970307783125065,0.18133542088336574,-0.05018856856791121,-0.44689162716497166,-0.03916083185665341,32,False
EMSLIMITED,EMS Limited,,EMSLIMITED.NS,382.0,2026-08-12,0.17665180096014987,0.019346230820546984,-0.21817438553394364,-0.3504342624139768,-0.03919176304141475,32,False
DMART,Avenue Supermarts Limited,,DMART.NS,4040.0,2026-08-12,-0.07311817308638058,0.009444817672604522,-0.007907261813754674,-0.05242171924475192,-0.039424101911732644,32,False
POWERMECH,Power Mech Projects Limited,,POWERMECH.NS,2407.0,2026-08-12,-0.01392871773863169,0.06105355962089476,0.004632955510950776,-0.23497959081057274,-0.03943010223119812,32,False
IOC,Indian Oil Corporation Limited,,IOC.NS,140.60000610351562,2026-08-12,0.045508704420067936,-0.20109601782732667,-0.14906252334699144,0.05816449091529008,-0.040195328283778434,32,False
SANOFICONR,Sanofi Consumer Healthcare India Limited,,SANOFICONR.NS,4478.5,2026-08-12,-0.06593130395711666,0.06305249193493623,-0.01282545687925396,-0.12222142682964643,-0.0407713999376395,32,False
BDL,Bharat Dynamics Limited,,BDL.NS,1340.0,2026-08-12,0.011015523854688292,0.03076923076923066,-0.1230135989742629,-0.14201906987297563,-0.04244647807372626,32,False
UCOBANK,UCO Bank,,UCOBANK.NS,26.170000076293945,2026-08-12,0.038904308116680664,-0.08504144035742067,-0.15372154262223625,-0.05447775614231043,-0.0430864245777212,32,False
JIOFIN,Jio Financial Services Limited,,JIOFIN.NS,256.04998779296875,2026-08-12,0.1012169862792911,-0.050149396138013835,-0.1582498128941513,-0.2102923282196163,-0.04325151293863985,32,False
ANUHPHR,Anuh Pharma Limited,,ANUHPHR.NS,77.18000030517578,2026-08-12,0.0007315450330021012,-0.05106791404457689,-0.03547351830964163,-0.13432855106823316,-0.043881378671289495,32,False
HINDPETRO,Hindustan Petroleum Corporation Limited,,HINDPETRO.NS,390.0,2026-08-12,0.06441049808036592,-0.1544715447154471,-0.20065586210533015,0.00495141962583423,-0.04427099820684224,31,False
JUBLCPL,Jubilant Agri and Consumer Products Limited,,JUBLCPL.NS,1935.5,2026-08-12,0.06043176187754473,0.0008273310748947438,-0.23805210723388437,-0.10546746606352708,-0.044365743693485456,31,False
PCJEWELLER,PC Jeweller Limited,,PCJEWELLER.NS,9.800000190734863,2026-08-12,0.17224887478404005,-0.062200921568818957,-0.20711970364492638,-0.29799425759631304,-0.04456342664839567,31,False
SBILIFE,SBI Life Insurance Company Limited,,SBILIFE.NS,1830.0,2026-08-12,-0.018503620273531807,-0.0920359455736135,-0.08248944606668795,-0.015343613903636921,-0.045375249218200395,31,False
RELIANCE,Reliance Industries Limited,,RELIANCE.NS,1329.0,2026-08-12,-0.000939306278816443,-0.08457675634402395,-0.10596980742310347,-0.03521153283265299,-0.04552734183148266,31,False
DRREDDY,Dr. Reddy's Laboratories Limited,,DRREDDY.NS,1200.0,2026-08-12,-0.09657363530501717,-0.038527087345624156,-0.003210889077400192,0.0056712229323812036,-0.045842804820135495,31,False
ESCORTS,Escorts Kubota Limited,,ESCORTS.NS,3126.0,2026-08-12,0.053720323293191985,-0.16902460548758957,-0.12083075789395914,-0.05239553264533603,-0.04696204988810016,31,False
HAVELLS,Havells India Limited,,HAVELLS.NS,1265.0,2026-08-12,0.05101322072902392,-0.07413476208123837,-0.1166570088533081,-0.14685620734128735,-0.04712430736355719,31,False
CIEINDIA,CIE Automotive India Limited,,CIEINDIA.NS,412.45001220703125,2026-08-12,-0.10482905652299246,-0.024642369547209997,-0.03175268645110485,0.027454955021731342,-0.047719642804513684,31,False
SIRCA,Sirca Paints India Limited,,SIRCA.NS,435.8999938964844,2026-08-12,0.004017526269441296,-0.08777002888389229,-0.1494119666157394,-0.010070019343164094,-0.04784339246078265,31,False
SAGILITY,SAGILITY LIMITED,,SAGILITY.NS,43.310001373291016,2026-08-12,0.03355236757989699,-0.11409799368789997,-0.1321631779420399,-0.06251144667661179,-0.04833357662935154,31,False
IONEXCHANG,ION Exchange (India) Limited,,IONEXCHANG.NS,376.8500061035156,2026-08-12,-0.034089422019823346,-0.025723841787654744,0.01399169189406635,-0.16256065331632497,-0.04849432944991201,30,False
SBFC,SBFC Finance Limited,,SBFC.NS,93.54000091552734,2026-08-12,0.02341355967092107,-0.05054807041438869,-0.15256384088530284,-0.08865937771078025,-0.04898883393372593,30,False
IOB,Indian Overseas Bank,,IOB.NS,33.84000015258789,2026-08-12,0.001479705111152363,-0.04917111527106166,-0.13519041071117832,-0.06364137454079022,-0.0490086980601451,30,False
CHAMBLFERT,Chambal Fertilizers & Chemicals Limited,,CHAMBLFERT.NS,442.29998779296875,2026-08-12,-0.003653678970392371,-0.012107493779869527,-0.03393060968420625,-0.19329097169421694,-0.049327286619815496,30,False
NTPC,NTPC Limited,,NTPC.NS,339.45001220703125,2026-08-12,-0.1411764397039058,-0.07481597750366209,0.047031372635398805,0.05658377548832738,-0.050710741757549506,30,False
TRIDENT,Trident Limited,,TRIDENT.NS,24.65999984741211,2026-08-12,0.019085253181433837,-0.08434314658330411,-0.10517571897366818,-0.10230367864813228,-0.05073040756844738,30,False
IGCL,Indogulf Cropsciences Limited,,IGCL.NS,72.36000061035156,2026-08-12,0.17562959394452893,-0.03494268644014076,-0.2739313872023993,-0.2971345045621483,-0.0509498780631261,30,False
LTTS,L&T Technology Services Limited,,LTTS.NS,3578.89990234375,2026-08-12,0.035522909551019,-0.0727226895593508,-0.11802904362849576,-0.1358967874887781,-0.051120540314917334,30,False
NATCOPHARM,Natco Pharma Limited,,NATCOPHARM.NS,915.2999877929688,2026-08-12,-0.2366775027697674,0.08253679139120385,0.15835073222088591,-0.025799153559977528,-0.051653327097484526,30,False
KIRIINDUS,Kiri Industries Limited,,KIRIINDUS.NS,434.45001220703125,2026-08-12,0.11297554864600379,-0.07307445937268575,-0.1754602541722028,-0.24219427619468092,-0.05295557848951238,30,False
GUJTHEM,Gujarat Themis Biosyn Limited,,GUJTHEM.NS,352.6499938964844,2026-08-12,-0.047664041259305456,0.04195592015747063,-0.2157233433040605,-0.0012677282522333133,-0.05407264678348682,29,False
MOTISONS,Motisons Jewellers Limited,,MOTISONS.NS,13.649999618530273,2026-08-12,0.16071423068570323,-0.15164701745917453,-0.16154797034330748,-0.2804427984917768,-0.054441864984570466,29,False
SUNDARMFIN,Sundaram Finance Limited,,SUNDARMFIN.NS,4490.0,2026-08-12,-0.02049087515549297,-0.15172404759080194,-0.053699783448946214,-0.026807889194241485,-0.05464269410899512,29,False
DOMS,DOMS Industries Limited,,DOMS.NS,2238.10009765625,2026-08-12,-0.011221516387784458,-0.07596713289349522,-0.11161828512752092,-0.06554706719288939,-0.05511510359789489,29,False
ITI,ITI Limited,,ITI.NS,283.79998779296875,2026-08-12,-0.0102877496321927,-0.04121625745618662,-0.1026087342514822,-0.11395567090558989,-0.055671232375528824,29,False
XTGLOBAL,Xtglobal Infotech Limited,,XTGLOBAL.NS,31.90999984741211,2026-08-12,0.024727054362744694,-0.002812504768371582,-0.17179610914173082,-0.15626856533636735,-0.05628461410419608,29,False
INDOFARM,Indo Farm Equipment Limited,,INDOFARM.NS,148.89999389648438,2026-08-12,0.1447680903509838,0.0067613254987684,-0.3768049283852952,-0.2012659834834779,-0.05635468113360742,29,False
GENUSPOWER,Genus Power Infrastructures Limited,,GENUSPOWER.NS,304.95001220703125,2026-08-12,-0.028666984074092183,0.0858109509694398,-0.1100247551758089,-0.20335498729367163,-0.05698055192964502,29,False
TEGA,Tega Industries Limited,,TEGA.NS,1634.0,2026-08-12,0.030719705842357614,-0.08979498415574627,-0.15577370188581763,-0.10403469021132317,-0.057632792913634365,29,False
ARVINDFASN,Arvind Fashions Limited,,ARVINDFASN.NS,444.1499938964844,2026-08-12,0.02838477409872664,-0.09822568542783128,-0.110375348938764,-0.1450015344718033,-0.05936660412818906,29,False
AVANTIFEED,Avanti Feeds Limited,,AVANTIFEED.NS,868.25,2026-08-12,-0.3363851123144731,-0.2238861407880901,0.26472016479564586,0.33175892269269913,-0.060035455585738265,28,False
DALBHARAT,Dalmia Bharat Limited,,DALBHARAT.NS,1841.4000244140625,2026-08-12,0.06905736486475478,-0.15890305751771405,-0.10162149150108479,-0.17795233101394137,-0.06007243006064614,28,False
GPPL,Gujarat Pipavav Port Limited,,GPPL.NS,149.7899932861328,2026-08-12,-0.008341673221901602,-0.186366168820717,-0.14066894966376564,0.03927299229054726,-0.06088909452754771,28,False
TORNTPOWER,Torrent Power Limited,,TORNTPOWER.NS,1319.0,2026-08-12,-0.09715658897628843,-0.09825814678568334,0.00036143650271669436,-0.014892693689258385,-0.061420516384960384,28,False
MFSL,Max Financial Services Limited,,MFSL.NS,1516.0,2026-08-12,-0.054862842892768104,-0.13232598307755528,-0.07306634056863348,0.007375889033066629,-0.06154842407973167,28,False
HUDCO,Housing & Urban Development Corporation Limited,,HUDCO.NS,192.72999572753906,2026-08-12,-0.06086272795305936,0.007368505173402262,-0.14474170403204856,-0.05361764371135691,-0.06254325969522438,28,False
RATNAMANI,Ratnamani Metals & Tubes Limited,,RATNAMANI.NS,2240.39990234375,2026-08-12,-0.16450687560220756,0.12313694331049785,-0.07478121190471798,-0.037456092947851904,-0.06362282254929744,28,False
FACT,Fertilizers and Chemicals Travancore Limited,,FACT.NS,819.5499877929688,2026-08-12,-0.07154188687067908,0.006509042423050282,-0.06556068730437414,-0.12087358309480234,-0.06460180034349687,28,False
JKCEMENT,JK Cement Limited,,JKCEMENT.NS,5393.5,2026-08-12,-0.009228636399188583,-0.07015211913352726,-0.02043347189530753,-0.21411415765715702,-0.06463140429687379,28,False
UTKARSHBNK,Utkarsh Small Finance Bank Limited,,UTKARSHBNK.NS,14.109999656677246,2026-08-12,0.045959962644809726,0.012195127791336136,-0.12577446156987793,-0.3035538254060529,-0.06504264677899506,28,False
POWERGRID,Power Grid Corporation of India Limited,,POWERGRID.NS,269.45001220703125,2026-08-12,-0.11901256553895478,-0.08459314890493896,0.01802700106883548,-0.025541769868022146,-0.06602660975640703,27,False
NUVOCO,Nuvoco Vistas Corporation Limited,,NUVOCO.NS,333.8999938964844,2026-08-12,0.02172584568152902,-0.041343653175904826,-0.10924372826533402,-0.22330774915785612,-0.06608868784720738,27,False
HERITGFOOD,Heritage Foods Limited,,HERITGFOOD.NS,357.6499938964844,2026-08-12,0.09048773876772898,-0.028963376110848982,-0.2511395074577578,-0.23174142194644665,-0.0661737655959191,27,False
ONESOURCE,Onesource Specialty Pharma Limited,,ONESOURCE.NS,1539.199951171875,2026-08-12,-0.16110752659127514,0.289976545557334,-0.12151134488936022,-0.17874293497368599,-0.0664985574976525,27,False
SUPREMEIND,Supreme Industries Limited,,SUPREMEIND.NS,3459.89990234375,2026-08-12,-0.00693531833918426,-0.055906484328783757,-0.100623089060066,-0.16336708772580244,-0.06675345955860415,27,False
JMFINANCIL,JM Financial Limited,,JMFINANCIL.NS,129.6699981689453,2026-08-12,-0.016055630371757945,-0.06243961003556264,-0.09811575502777692,-0.1423314229519077,-0.06699960975175263,27,False
CLEAN,Clean Science and Technology Limited,,CLEAN.NS,804.9000244140625,2026-08-12,0.04989238737614832,0.009468927145293682,-0.13050299226059248,-0.3233164706560886,-0.06891315220381816,27,False
COLPAL,Colgate Palmolive (India) Limited,,COLPAL.NS,2005.0,2026-08-12,-0.06081679232787518,-0.07071194897044819,-0.07032871445477373,-0.08468661655325294,-0.06947217292684504,27,False
BAJAJHCARE,Bajaj Healthcare Limited,,BAJAJHCARE.NS,327.45001220703125,2026-08-12,0.15238437177767827,-0.13851616167074143,-0.24095962716771901,-0.27385172904369215,-0.06971175486535922,27,False
PFC,Power Finance Corporation Limited,,PFC.NS,376.5,2026-08-12,-0.1474557253582186,-0.06396889899152369,0.04203037755208561,-0.035911897952488725,-0.07055237402167282,27,False
BAJAJHIND,Bajaj Hindusthan Sugar Limited,,BAJAJHIND.NS,17.8700008392334,2026-08-12,0.0028059004077145566,0.011891335992965102,-0.157075462446556,-0.21346824915044493,-0.07060811495772135,26,False
MRF,MRF Limited,,MRF.NS,130660.0,2026-08-12,0.017475572222326985,-0.11941169712464894,-0.17064323984543184,-0.10582878748752267,-0.07218651600258989,26,False
SWSOLAR,Sterling and Wilson Renewable Energy Limited,,SWSOLAR.NS,202.5399932861328,2026-08-12,0.01381516930473592,-0.033683266277654944,-0.12141589225426985,-0.23613049991166424,-0.07271986396682344,26,False
COCHINSHIP,Cochin Shipyard Limited,,COCHINSHIP.NS,1506.0,2026-08-12,-0.05550329256820319,-0.01478475464274065,-0.13764075200826154,-0.10493660160578355,-0.07367373867863843,26,False
ADVENZYMES,Advanced Enzyme Technologies Limited,,ADVENZYMES.NS,301.6499938964844,2026-08-12,-0.16714375570592055,0.01389381246271415,-0.02005024830697988,-0.029312894218664787,-0.07395136829495433,26,False
MAXHEALTH,Max Healthcare Institute Limited,,MAXHEALTH.NS,1007.5,2026-08-12,-0.03886245018433343,-0.011952546082779625,-0.07861013633342329,-0.20270915669615186,-0.07419934789620433,26,False
HAPPSTMNDS,Happiest Minds Technologies Limited,,HAPPSTMNDS.NS,390.0,2026-08-12,0.09001620244561748,0.0004277419795246651,-0.21902349336456706,-0.3335112094274052,-0.07441491118424254,26,False
FINOPB,Fino Payments Bank Limited,,FINOPB.NS,160.4600067138672,2026-08-12,0.3453509787047966,-0.3143320921956335,-0.4071309427952975,-0.34251176108431747,-0.07465456773313106,26,False
GICRE,General Insurance Corporation of India,,GICRE.NS,355.8500061035156,2026-08-12,-0.08155892401064213,-0.10669009501397098,-0.0751136943378411,-0.03160343993799197,-0.07530501546221767,26,False
RCF,Rashtriya Chemicals and Fertilizers Limited,,RCF.NS,124.11000061035156,2026-08-12,-0.004172323313215376,-0.08582764584523772,-0.15495114228518547,-0.1290832156217101,-0.07564133007571282,26,False
ITCHOTELS,ITC Hotels Limited,,ITCHOTELS.NS,168.32000732421875,2026-08-12,0.08968105228760503,-0.09568401612304511,-0.18397260295253282,-0.2781577042276351,-0.07569044374560059,25,False
HDFCAMC,HDFC Asset Management Company Limited,,HDFCAMC.NS,2490.0,2026-08-12,-0.05882682979901843,-0.09668361341434184,-0.07136435426159138,-0.10161125332534215,-0.07746257611986246,25,False
LICHSGFIN,LIC Housing Finance Limited,,LICHSGFIN.NS,508.0,2026-08-12,-0.07138285104531839,-0.02784420272292376,-0.11111111111111116,-0.106248261746833,-0.07759385553430094,25,False
GTLINFRA,GTL Infrastructure Limited,,GTLINFRA.NS,1.2300000190734863,2026-08-12,-0.08888889085118168,0.0884955966936618,-0.1151078908403097,-0.18543044580011458,-0.07796410432982517,25,False
TATACONSUM,TATA CONSUMER PRODUCTS LIMITED,,TATACONSUM.NS,1061.9000244140625,2026-08-12,-0.13218354512776054,-0.07057324097634687,-0.07378868896117885,0.01717844309024663,-0.07831011542056003,25,False
KANSAINER,Kansai Nerolac Paints Limited,,KANSAINER.NS,207.85000610351562,2026-08-12,-0.052886644121808435,-0.010652062898891312,-0.1461291637748081,-0.1314965807956079,-0.07881021914258485,25,False
ABREL,Aditya Birla Real Estate Limited,,ABREL.NS,1375.4000244140625,2026-08-12,0.06648939291770772,-0.057787317210884925,-0.21412406211775625,-0.2647432260253748,-0.08073516390372011,25,False
TARIL,Transformers And Rectifiers (India) Limited,,TARIL.NS,292.45001220703125,2026-08-12,-0.02775922847338852,0.037130295810970715,0.036321756047551945,-0.42226391711855227,-0.08086606444136134,25,False
NTPCGREEN,NTPC Green Energy Limited,,NTPCGREEN.NS,92.45999908447266,2026-08-12,-0.14380960354206251,0.0334189988037874,-0.05662690471165899,-0.09751096301951556,-0.08166761520230244,25,False
THOMASCOOK,Thomas Cook  (India)  Limited,,THOMASCOOK.NS,107.08000183105469,2026-08-12,0.13025125866088105,-0.06959766062829253,-0.30095308166191914,-0.3029298996858434,-0.08259562493085859,25,False
JUBLFOOD,Jubilant Foodworks Limited,,JUBLFOOD.NS,484.70001220703125,2026-08-12,0.05360019731143262,-0.12331420696135764,-0.16200588228590285,-0.23536505178767142,-0.08269694928241333,24,False
NATCAPSUQ,Natural Capsules Limited,,NATCAPSUQ.NS,159.0800018310547,2026-08-12,0.04520371235718312,-0.0449661113275045,-0.19396026885342987,-0.2662022844334374,-0.0829442479800011,24,False
INFY,Infosys Limited,,INFY.NS,1176.0999755859375,2026-08-12,0.07377122901338895,-0.19779007429338358,-0.21482715557595466,-0.1509886072787051,-0.0832126758242531,24,False
SRF,SRF Limited,,SRF.NS,2585.0,2026-08-12,-0.03702854856165816,-0.12559107184827334,-0.1144091928088905,-0.10654169015320536,-0.0841198103867371,24,False
ONGC,Oil & Natural Gas Corporation Limited,,ONGC.NS,239.0500030517578,2026-08-12,-0.2014364517196836,-0.10095445945240245,0.004894653155248285,0.07719614848140766,-0.08434731225102275,24,False
APTUS,Aptus Value Housing Finance India Limited,,APTUS.NS,254.75,2026-08-12,-0.036679946149661524,-0.01254749240009223,-0.10764311103609159,-0.23789024736836006,-0.08628814862077339,24,False
SARDAEN,Sarda Energy & Minerals Limited,,SARDAEN.NS,489.45001220703125,2026-08-12,-0.10143197863377396,-0.04170335348598875,-0.07230850103155895,-0.1183568781947838,-0.08704653799597589,24,False
IRB,IRB Infrastructure Developers Limited,,IRB.NS,19.329999923706055,2026-08-12,-0.04319935211829018,-0.12246224188606658,-0.09872185442007042,-0.12866574304285838,-0.08724970871711515,24,False
POCL,Pondy Oxides & Chemicals Limited,,POCL.NS,489.6000061035156,2026-08-12,-0.2076643907877923,-0.028417222858072355,-0.11207837427322898,0.11288876365617018,-0.08858712301014315,24,False
PNCINFRA,PNC Infratech Limited,,PNCINFRA.NS,223.25999450683594,2026-08-12,0.025822436743927035,-0.037506518172173986,-0.18577686153322892,-0.2724095731296763,-0.08880961586944502,24,False
SOLARA,Solara Active Pharma Sciences Limited,,SOLARA.NS,505.6000061035156,2026-08-12,-0.12812556506722073,0.03131056828866008,-0.06491585964691271,-0.15564459517269802,-0.08910020333307843,24,False
FINPIPE,Finolex Industries Limited,,FINPIPE.NS,161.35000610351562,2026-08-12,-0.027836326343360862,-0.09698895949537711,-0.12906180023900438,-0.16696151406396875,-0.0897369852970144,23,False
SBICARD,SBI Cards and Payment Services Limited,,SBICARD.NS,656.5999755859375,2026-08-12,0.048881750137280244,-0.13970461341809293,-0.23689818325777912,-0.17275549975861826,-0.09031895923198596,23,False
HBLENGINE,HBL Engineering Limited,,HBLENGINE.NS,691.5,2026-08-12,-0.10421660850425007,-0.11151528060249416,-0.30267089217404053,0.167041721647605,-0.09111553362748598,23,False
HARDWYN,Hardwyn India Limited,,HARDWYN.NS,11.510000228881836,2026-08-12,-0.32322545263686775,-0.057660736908989874,0.03693692192088216,0.21066879487240442,-0.09130118507788776,23,False
UNIECOM,Unicommerce Esolutions Limited,,UNIECOM.NS,92.08000183105469,2026-08-12,0.07482203570809642,-0.10792481358171169,-0.28448208808621656,-0.2189991464008315,-0.0923523953305134,23,False
VBL,Varun Beverages Limited,,VBL.NS,440.5,2026-08-12,-0.12467539870577915,-0.031847222619071136,-0.060854794123393674,-0.12082413966042382,-0.0925753907628894,23,False
NBCC,NBCC (India) Limited,,NBCC.NS,92.16999816894531,2026-08-12,-0.017586884792645474,-0.09022937453140534,-0.186054850398938,-0.15387203036082897,-0.09306600497529265,23,False
KAYNES,Kaynes Technology India Limited,,KAYNES.NS,3828.0,2026-08-12,0.1699624420838488,-0.032747143333911155,-0.40701727209356364,-0.3713253407784529,-0.09423297440764603,23,False
TCS,Tata Consultancy Services Limited,,TCS.NS,2349.699951171875,2026-08-12,0.05769327352131137,-0.1976755663113422,-0.19981976684923886,-0.19683534949876325,-0.09578882712334431,23,False
BHARTIHEXA,Bharti Hexacom Limited,,BHARTIHEXA.NS,1487.0,2026-08-12,-0.03772604030260962,-0.1072680006012372,-0.1631258597425096,-0.13659506062934312,-0.09648820031566183,23,False
ERIS,Eris Lifesciences Limited,,ERIS.NS,1351.699951171875,2026-08-12,-0.008714405033986905,-0.077236654813019,-0.14756397989557946,-0.24840800127877105,-0.09812748921106867,22,False
WAAREERTL,Waaree Renewable Technologies Limited,,WAAREERTL.NS,896.9000244140625,2026-08-12,-0.04828098346908427,-0.03429337882738892,-0.23341878255208337,-0.12659460211248563,-0.09817374608602529,22,False
BLS,BLS International Services Limited,,BLS.NS,262.8800048828125,2026-08-12,0.039462282432529694,-0.09573707795719699,-0.14175631227248187,-0.3327673689736995,-0.0982672388676638,22,False
GPIL,Godawari Power And Ispat limited,,GPIL.NS,228.99000549316406,2026-08-12,-0.20461962366175546,-0.1199799661317148,-0.1679142611342026,0.20441972145140097,-0.09854275062760548,22,False
DBL,Dilip Buildcon Limited,,DBL.NS,414.95001220703125,2026-08-12,-0.06013587269075593,-0.11684578734343787,-0.13525058470559614,-0.12139499172964796,-0.09875262183203876,22,False
ICRA,ICRA Limited,,ICRA.NS,5131.5,2026-08-12,-0.028055879994869026,-0.12049379430509644,-0.16333482021626866,-0.15693938855733824,-0.09937595261368828,22,False
BAYERCROP,Bayer Cropscience Limited,,BAYERCROP.NS,4114.60009765625,2026-08-12,-0.04078280455372851,-0.11157419414695657,-0.05392833513883344,-0.250174694050721,-0.09944856648879362,22,False
SSDL,Saraswati Saree Depot Limited,,SSDL.NS,65.02999877929688,2026-08-12,0.07345653373620431,-0.1472594157140512,-0.20782066414491107,-0.28975534607587794,-0.09958447169248633,22,False
INDRAMEDCO,Indraprastha Medical Corporation Limited,,INDRAMEDCO.NS,376.95001220703125,2026-08-12,0.02501702843516318,-0.06196340305658776,-0.31650043117492066,-0.17531123711813767,-0.10074820289586395,22,False
PARAGMILK,Parag Milk Foods Limited,,PARAGMILK.NS,216.0,2026-08-12,-0.00921973559690592,-0.10835913312693501,-0.31308636789688715,-0.07103486686536442,-0.10218396781659969,22,False
PROSTARM,Prostarm Info Systems Limited,,PROSTARM.NS,142.0500030517578,2026-08-12,0.012689803415414369,-0.14215830549388297,-0.09735014641146467,-0.2988647642035146,-0.1025987218556067,21,False
FDC,FDC Limited,,FDC.NS,353.75,2026-08-12,-0.03386588584783656,-0.06884735270058995,-0.13421708567274948,-0.24497159804622537,-0.10315356162304759,21,False
BAJAJHFL,Bajaj Housing Finance Limited,,BAJAJHFL.NS,84.76000213623047,2026-08-12,0.010852757050320516,-0.07578232491138348,-0.21285287986615686,-0.2501105631104764,-0.10340805075747515,21,False
RAMCOCEM,The Ramco Cements Limited,,RAMCOCEM.NS,916.0914737953309,2026-08-12,0.002510218600784375,-0.213906728461302,-0.11062166502101844,-0.20077442898435338,-0.10405647705302101,21,False
COHANCE,Cohance Lifesciences Limited,,COHANCE.NS,444.3500061035156,2026-08-12,0.04997635464655348,0.25682370653543174,-0.35699296150391047,-0.5236640212973018,-0.10477611339453471,21,False
GILLETTE,Gillette India Limited,,GILLETTE.NS,7589.5,2026-08-12,-0.027797348363543195,-0.13760581785125847,-0.06487315203460364,-0.26918330262109147,-0.10545139384680799,21,False
GSFC,Gujarat State Fertilizers & Chemicals Limited,,GSFC.NS,160.69000244140625,2026-08-12,-0.05476469152113972,-0.11752427001412002,-0.12734874023009501,-0.17292588841130396,-0.1054656563395597,21,False
SURAKSHA,Suraksha Diagnostic Limited,,SURAKSHA.NS,270.0,2026-08-12,-0.11692559280457893,-0.060542777543521775,-0.16421603404290053,-0.06976744186046513,-0.10567548781120906,21,False
PRAJIND,Praj Industries Limited,,PRAJIND.NS,324.3500061035156,2026-08-12,-0.11452932251247938,-0.04088028236377872,0.007886000966132123,-0.27547063080534184,-0.10750471144558946,21,False
AMBER,Amber Enterprises India Limited,,AMBER.NS,6985.0,2026-08-12,-0.17595705774789128,-0.06996871047200581,-0.02232486528098543,-0.09631929620285917,-0.1081053974903266,21,False
SOBHA,Sobha Limited,,SOBHA.NS,1333.699951171875,2026-08-12,-0.041604027525023346,-0.12683918946555528,-0.18734955266801145,-0.14326230256739725,-0.10813181995020213,20,False
RHIM,RHI MAGNESITA INDIA LIMITED,,RHIM.NS,385.8999938964844,2026-08-12,-0.006180772526225287,-0.14491468128841667,-0.15907605354308818,-0.22839620980163367,-0.10894969793711784,20,False
VINATIORGA,Vinati Organics Limited,,VINATIORGA.NS,1327.4000244140625,2026-08-12,0.0034774534443151595,-0.15311981387120277,-0.1853442957376904,-0.21910686980306648,-0.11012321450466586,20,False
IGL,Indraprastha Gas Limited,,IGL.NS,154.5399932861328,2026-08-12,0.01590848176849491,-0.11182416457600197,-0.24379900629992468,-0.22799180879255154,-0.11035960322629769,20,False
MUTHOOTFIN,Muthoot Finance Limited,,MUTHOOTFIN.NS,2876.300048828125,2026-08-12,-0.1313945359506924,-0.252802515780869,-0.14418299116246758,0.10097187688332165,-0.11176054039227995,20,False
BIKAJI,Bikaji Foods International Limited,,BIKAJI.NS,609.5999755859375,2026-08-12,-0.08707476414518744,-0.08938851720018459,-0.13656686012107633,-0.16641174712003226,-0.11330333054633362,20,False
ELECON,Elecon Engineering Company Limited,,ELECON.NS,441.45001220703125,2026-08-12,-0.0869186926911123,-0.05606080182504658,-0.13769487868717523,-0.19942891911369898,-0.11340439700162909,20,False
NEWGEN,Newgen Software Technologies Limited,,NEWGEN.NS,535.2000122070312,2026-08-12,0.14586417431967424,-0.022590600828010343,-0.43564145129462006,-0.4009059327052652,-0.11348192723770945,20,False
CENTRALBK,Central Bank of India,,CENTRALBK.NS,31.280000686645508,2026-08-12,-0.08404101642743733,-0.1624807546132242,-0.15169650054540607,-0.09061580966141292,-0.11457501953498357,20,False
VSTIND,VST Industries Limited,,VSTIND.NS,218.1999969482422,2026-08-12,-0.12162379225194808,-0.050147519860946455,-0.09519599445169902,-0.19324563942254258,-0.11636734764781684,20,False
HCC,Hindustan Construction Company Limited,,HCC.NS,20.040000915527344,2026-08-12,-0.0639887408523434,-0.014749224916912218,-0.2119543580403107,-0.22893416344708317,-0.11672304562179858,19,False
UBL,United Breweries Limited,,UBL.NS,1388.300048828125,2026-08-12,0.022210174200669952,-0.13676661203471985,-0.21692573702093743,-0.2768288489291708,-0.11722016991669765,19,False
CHOLAHLDNG,Cholamandalam Financial Holdings Limited,,CHOLAHLDNG.NS,1550.699951171875,2026-08-12,-0.06397820393170395,-0.10205169043531714,-0.19900690312671032,-0.16071376896668965,-0.11794575407842502,19,False
ACI,Archean Chemical Industries Limited,,ACI.NS,506.04998779296875,2026-08-12,-0.053887556130018166,-0.10690167015850616,-0.19352708822659426,-0.18486434204555013,-0.11861364253813737,19,False
INTELLECT,Intellect Design Arena Limited,,INTELLECT.NS,703.25,2026-08-12,0.034116085284693565,-0.06643333809216456,-0.35387742586556625,-0.2502385210251843,-0.1204634228827056,19,False
BRIGHOTEL,Brigade Hotel Ventures Limited,,BRIGHOTEL.NS,59.40999984741211,2026-08-12,-0.024946667489751384,-0.03695896952589228,-0.2648186902327886,-0.26079385570334956,-0.12249297008830665,19,False
IREDA,Indian Renewable Energy Development Agency Limited,,IREDA.NS,117.80000305175781,2026-08-12,-0.07317069656973174,-0.08396809704255248,-0.20541728776615076,-0.18084943725278047,-0.12331524304018945,19,False
SWIGGY,Swiggy Limited,,SWIGGY.NS,279.3500061035156,2026-08-12,0.09377452145413279,-0.21475753730564828,-0.29143942649710686,-0.2989962205683422,-0.12352882829256635,19,False
BSOFT,BIRLASOFT LIMITED,,BSOFT.NS,313.29998779296875,2026-08-12,0.011217921883123205,-0.31702062746307524,-0.16386441659175732,-0.1623320333676357,-0.12415624673124438,19,False
UTIAMC,UTI Asset Management Company Limited,,UTIAMC.NS,917.0999755859375,2026-08-12,-0.011212313645232563,-0.12339393829077938,-0.18685168595339907,-0.2883664141226372,-0.12420733313145615,19,False
PENIND,Pennar Industries Limited,,PENIND.NS,159.6999969482422,2026-08-12,0.053082778606985626,-0.1420436366611304,-0.31119261270607923,-0.2757041454507405,-0.12455496752079578,18,False
AWL,AWL Agri Business Limited,,AWL.NS,194.24000549316406,2026-08-12,-0.02240681802525868,-0.06955119122425923,-0.2872616051880015,-0.22116200109957518,-0.12455768671247065,18,False
HINDUNILVR,Hindustan Unilever Limited,,HINDUNILVR.NS,2063.0,2026-08-12,-0.08283424966173603,-0.15064241223421793,-0.14151021414169496,-0.16569367684310554,-0.12470296050849809,18,False
JYOTISTRUC,Jyoti Structures Limited,,JYOTISTRUC.NS,11.050000190734863,2026-08-12,-0.11316210618742517,-0.039965250130291285,-0.022123893431876263,-0.3363363096755273,-0.12494993312250904,18,False
BALUFORGE,Balu Forge Industries Limited,,BALUFORGE.NS,463.0,2026-08-12,-0.031684605437356184,-0.07149301981919809,-0.2425977273914065,-0.24771919580504187,-0.1250358307780718,18,False
ROUTE,ROUTE MOBILE LIMITED,,ROUTE.NS,518.5499877929688,2026-08-12,0.037314098894193126,-0.08961033018748132,-0.21858225659780173,-0.39552584036614846,-0.12581804587260906,18,False
ANUP,The Anup Engineering Limited,,ANUP.NS,1870.0999755859375,2026-08-12,-0.04902111589832825,-0.0738870250257132,-0.22004420333247832,-0.2374408538351802,-0.12588286279800565,18,False
MOIL,MOIL Limited,,MOIL.NS,280.54998779296875,2026-08-12,-0.0860075691942187,-0.11609958037848533,-0.23590527782838644,-0.11140678059811882,-0.1270853554386856,18,False
IXIGO,Le Travenues Technology Limited,,IXIGO.NS,178.3699951171875,2026-08-12,0.07698345837396325,-0.18130077975516457,-0.3532632233070212,-0.25827512356047044,-0.12777444197494595,18,False
KNRCON,KNR Constructions Limited,,KNRCON.NS,133.5,2026-08-12,0.030410639978781795,-0.09644670050761417,-0.24826846808422154,-0.35756955041611227,-0.12829268781007688,18,False
BBL,Bharat Bijlee Limited,,BBL.NS,2297.89990234375,2026-08-12,-0.09200938764595368,-0.08913152182191542,-0.20181502698312181,-0.16845279460951057,-0.12868362374129103,17,False
JUBLPHARMA,Jubilant Pharmova Limited,,JUBLPHARMA.NS,890.5999755859375,2026-08-12,-0.0958838073952859,-0.05027512985209992,-0.21362385373510062,-0.18948786436160436,-0.12903089254787536,17,False
GLOBUSSPR,Globus Spirits Limited,,GLOBUSSPR.NS,875.0,2026-08-12,-0.03132955626636735,-0.09095630242925057,-0.2350061526081616,-0.2572763449043697,-0.1291795824949033,17,False
PROTEAN,Protean eGov Technologies Limited,,PROTEAN.NS,558.0999755859375,2026-08-12,0.05103573556673724,-0.1517593050665904,-0.33795969681383453,-0.2694887017694222,-0.13142724650327453,17,False
ELECTCAST,Electrosteel Castings Limited,,ELECTCAST.NS,73.55999755859375,2026-08-12,-0.10248903879588123,-0.07015551774666018,-0.1150144955737673,-0.26974649938048934,-0.13197891805853584,17,False
WIPRO,Wipro Limited,,WIPRO.NS,183.94000244140625,2026-08-12,-0.020838200161218623,-0.19626416974801053,-0.21037756118010797,-0.21243047095835843,-0.13214972044178283,17,False
ICICIGI,ICICI Lombard General Insurance Company Limited,,ICICIGI.NS,1635.0,2026-08-12,-0.1057061748506436,-0.14054882644173727,-0.17779268244621704,-0.1349476767451827,-0.13294030706688487,17,False
BCG,Brightcom Group Limited,,BCG.NS,9.869999885559082,2026-08-12,0.0670270146550358,-0.1802325650472817,-0.2650782083932427,-0.3578399506149338,-0.13381933894907733,17,False
TEXRAIL,Texmaco Rail & Engineering Limited,,TEXRAIL.NS,107.76000213623047,2026-08-12,-0.07287276069925241,-0.08978796611386264,-0.20047482480921985,-0.23399415301917392,-0.13400049306815226,17,False
DCXINDIA,DCX Systems Limited,,DCXINDIA.NS,177.00999450683594,2026-08-12,-0.09365083594020585,0.030445894543628338,-0.17454769403296255,-0.34025343809026154,-0.1343313818920015,17,False
VIPIND,VIP Industries Limited,,VIPIND.NS,310.25,2026-08-12,0.025450380160981112,-0.22640566153025743,-0.20254463504803355,-0.29712278140004056,-0.13503446353127388,16,False
ICICIPRULI,ICICI Prudential Life Insurance Company Limited,,ICICIPRULI.NS,506.3999938964844,2026-08-12,-0.051237106517359465,-0.20970854060941024,-0.18655771627524298,-0.1786691558787391,-0.13548192515962226,16,False
JWL,Jupiter Wagons Limited,,JWL.NS,259.04998779296875,2026-08-12,-0.05851356155062348,-0.1699776266359685,-0.16797821514465783,-0.23527678880304426,-0.1380519507369835,16,False
SUNTV,Sun TV Network Limited,,SUNTV.NS,478.20001220703125,2026-08-12,-0.1064187790505775,-0.21673563075901825,-0.13306584483719763,-0.12829439036574608,-0.13818668481262342,16,False
SUZLON,Suzlon Energy Limited,,SUZLON.NS,47.349998474121094,2026-08-12,-0.12054237853033967,-0.007129380632807769,-0.18107923341342302,-0.2625759360029125,-0.13837386142196453,16,False
DIGITIDE,Digitide Solutions Limited,,DIGITIDE.NS,103.86000061035156,2026-08-12,0.10854944928948673,-0.12516846746595367,-0.2879961329476044,-0.4960698809577574,-0.1384271165584684,16,False
HITECH,Hi-Tech Pipes Limited,,HITECH.NS,77.75,2026-08-12,-0.08118651056011128,-0.14579210209273574,-0.27043257743599225,-0.11579010204616391,-0.1388775605390229,16,False
TATACHEM,Tata Chemicals Limited,,TATACHEM.NS,673.1500244140625,2026-08-12,-0.08732852793370238,-0.045124776138011136,-0.18853179222733873,-0.2872787651866745,-0.13911847788388584,16,False
CROMPTON,Crompton Greaves Consumer Electricals Limited,,CROMPTON.NS,247.85000610351562,2026-08-12,-0.16929708218063744,-0.04138661294419477,-0.10128709429938498,-0.21455843876262004,-0.13916526207349494,16,False
GMRP&UI,GMR Power and Urban Infra Limited,,GMRP&UI.NS,96.94999694824219,2026-08-12,-0.14881478797685144,-0.07384412814671526,-0.17136754745092142,-0.15312723527824468,-0.13919369736591683,16,False
HLEGLAS,HLE Glascoat Limited,,HLEGLAS.NS,326.45001220703125,2026-08-12,0.028674983231439688,-0.1699719747286822,-0.35266702338083455,-0.2350955337406011,-0.14007691307744768,16,False
GOCOLORS,Go Fashion (India) Limited,,GOCOLORS.NS,323.3500061035156,2026-08-12,0.21263834053955621,-0.1202557016934247,-0.4597326547978018,-0.5489608103057377,-0.14073449714357036,15,False
EUREKAFORB,Eureka Forbes Limited,,EUREKAFORB.NS,458.54998779296875,2026-08-12,-0.10404455113340194,-0.13505617905087952,-0.17549228146473828,-0.18696810675005537,-0.14112113390649544,15,False
BOMDYEING,Bombay Dyeing & Mfg Company Limited,,BOMDYEING.NS,115.83000183105469,2026-08-12,-0.053741406457141094,-0.0689034060732584,-0.24576883333664523,-0.2919059656204255,-0.14281220358892227,15,False
CAMPUS,Campus Activewear Limited,,CAMPUS.NS,219.02999877929688,2026-08-12,-0.07429280151545548,-0.21935850170954907,-0.1970463167789287,-0.15815260701241662,-0.14462860570636107,15,False
GODFRYPHLP,Godfrey Phillips India Limited,,GODFRYPHLP.NS,2199.0,2026-08-12,-0.07989347849471207,0.017774979974121363,-0.26232686953385365,-0.3231278392118404,-0.14549333715219936,15,False
GALLANTT,Gallantt Ispat Limited,,GALLANTT.NS,590.8499755859375,2026-08-12,-0.20680634149435095,0.02872812866957486,-0.09972575563673114,-0.24513318597534106,-0.14594869918623984,15,False
SERVOTECH,Servotech Renewable Power System Limited,,SERVOTECH.NS,83.98999786376953,2026-08-12,-0.09881973590178705,-0.025864107229890965,-0.17737513105783087,-0.337208689065121,-0.1476174798312834,15,False
SCODATUBES,Scoda Tubes Limited,,SCODATUBES.NS,133.6300048828125,2026-08-12,-0.09070496204459455,-0.06428116261268602,-0.22930961789489257,-0.26685685109734436,-0.1483715111388224,15,False
WAAREEENER,Waaree Energies Limited,,WAAREEENER.NS,2668.0,2026-08-12,-0.11714096624751824,-0.1567102981150057,-0.19604654930123522,-0.15599713468708432,-0.14860718291967234,15,False
SIGNATURE,Signatureglobal (India) Limited,,SIGNATURE.NS,807.9500122070312,2026-08-12,-0.05092209116356761,-0.11331211437312938,-0.23648643972031114,-0.29313209780662186,-0.14895496684543952,15,False
RTNPOWER,RattanIndia Power Limited,,RTNPOWER.NS,8.449999809265137,2026-08-12,-0.08943964952467864,-0.08251902559543811,-0.18278533031256539,-0.30107529341458317,-0.14905178967438878,14,False
GHCL,GHCL Limited,,GHCL.NS,432.1499938964844,2026-08-12,-0.061034238882717085,-0.1555471790241476,-0.28285984979888135,-0.20322772677221135,-0.15274064667213488,14,False
BLUESTARCO,Blue Star Limited,,BLUESTARCO.NS,1490.0,2026-08-12,-0.09691958819329616,-0.23148012080151703,-0.15886338283276635,-0.18067996136615183,-0.1529725282774055,14,False
TMPV,Tata Motors Passenger Vehicles Limited,,TMPV.NS,343.0,2026-08-12,-0.03002301655863182,-0.08832136599170326,-0.15150816960590285,-0.4650498285929908,-0.15298507946157214,14,False
RAILTEL,Railtel Corporation Of India Limited,,RAILTEL.NS,284.8552270473915,2026-08-12,-0.10621680522244326,-0.17226463057146524,-0.187376100951666,-0.19355511619608912,-0.15312589163282136,14,False
SJVN,SJVN Limited,,SJVN.NS,67.11000061035156,2026-08-12,-0.13316969520065547,-0.06383150367235946,-0.17129054850652692,-0.2671992460923992,-0.15373213773451933,14,False
ORIENTTECH,Orient Technologies Limited,,ORIENTTECH.NS,260.0,2026-08-12,-0.05694599750413376,-0.25746107516179373,-0.30792499509761795,-0.09004133525001468,-0.15386388010353877,14,False
ACC,ACC Limited,,ACC.NS,1335.0,2026-08-12,-0.014731122531302931,-0.20801905043712288,-0.2723543876425225,-0.26134643635074206,-0.15423642389859865,14,False
ZENSARTECH,Zensar Technologies Limited,,ZENSARTECH.NS,494.45001220703125,2026-08-12,0.03697266977546754,-0.18687086161846356,-0.30293531344712454,-0.3566710994914243,-0.15450638700121547,14,False
INTERARCH,Interarch Building Solutions Limited,,INTERARCH.NS,1715.0,2026-08-12,-0.029977375565610864,-0.18391625029740666,-0.3196334219776156,-0.21027884038034916,-0.15475665275731865,14,False
LEMONTREE,Lemon Tree Hotels Limited,,LEMONTREE.NS,109.16000366210938,2026-08-12,-0.018610083901388186,-0.17844503895831865,-0.31582575008351454,-0.24241788856646596,-0.1547817690822151,13,False
SURYAROSNI,Surya Roshni Limited,,SURYAROSNI.NS,224.5500030517578,2026-08-12,-0.07535516817717258,-0.10169219524266648,-0.24500793669523602,-0.27709656898503954,-0.15490140745545744,13,False
HDFCBANK,HDFC Bank Limited,,HDFCBANK.NS,729.0,2026-08-12,-0.03445308757995569,-0.2052153166688947,-0.25274048759319834,-0.25723440095266537,-0.15681927607493396,13,False
AMBUJACEM,Ambuja Cements Limited,,AMBUJACEM.NS,421.0,2026-08-12,-0.02459041372291937,-0.2143288432017625,-0.24117314757414954,-0.2857535160076461,-0.15808726684587937,13,False
DELTACORP,Delta Corp Limited,,DELTACORP.NS,60.709999084472656,2026-08-12,-0.12458543013339174,-0.13382790331731187,-0.15221339803065526,-0.2600853525114887,-0.15905950282524786,13,False
RENUKA,Shree Renuka Sugars Limited,,RENUKA.NS,21.989999771118164,2026-08-12,-0.09132235215487039,-0.15063730052035473,-0.22186837958181282,-0.2406767794786141,-0.1591654327781045,13,False
VMM,Vishal Mega Mart Limited,,VMM.NS,108.0,2026-08-12,-0.09236068628517724,-0.14826500472625337,-0.21288539672460394,-0.2528536996202667,-0.1597450947282957,13,False
MCLOUD,Magellanic Cloud Limited,,MCLOUD.NS,29.0,2026-08-12,0.16700199415791017,0.046931379106669446,-0.5038494504453863,-0.6796117331373344,-0.1605051632320462,13,False
ASIANTILES,Asian Granito India Limited,,ASIANTILES.NS,53.119998931884766,2026-08-12,-0.12343233878843451,-0.27153044067810794,-0.2130370528609664,-0.07262569720786527,-0.16081157366476173,13,False
DABUR,Dabur India Limited,,DABUR.NS,411.25,2026-08-12,-0.10928965866141482,-0.19841212812804998,-0.19879749229436894,-0.19028557073077113,-0.16121490169520397,13,False
MANINFRA,Man Infraconstruction Limited,,MANINFRA.NS,108.55000305175781,2026-08-12,-0.0711799598595555,-0.12089945906508992,-0.19023213146820128,-0.3530653885722844,-0.16131137976493734,12,False
VENTIVE,Ventive Hospitality Limited,,VENTIVE.NS,591.5,2026-08-12,-0.09445806958661762,-0.23583746614798018,-0.17440157733003803,-0.2080600071421509,-0.1614430379586809,12,False
WEBELSOLAR,Websol Energy System Limited,,WEBELSOLAR.NS,85.29000091552734,2026-08-12,-0.17546404773298419,0.18837961411228643,-0.33189723900311796,-0.3148297026393304,-0.16185508459922607,12,False
EIDPARRY,EID Parry India Limited,,EIDPARRY.NS,772.5,2026-08-12,-0.021470659250032553,-0.16886331717221092,-0.24648845416254783,-0.3544208459291244,-0.16254278715278964,12,False
BATAINDIA,Bata India Limited,,BATAINDIA.NS,715.1500244140625,2026-08-12,0.04374577039534633,-0.21129617085787922,-0.3079912973705127,-0.3871900586553976,-0.16379719721861935,12,False
PRABHA,Prabha Energy Limited,,PRABHA.NS,158.60000610351562,2026-08-12,-0.06242608967830798,-0.07516472667068785,-0.23444510544341124,-0.3845556903734276,-0.16380354036882855,12,False
UPL,UPL Limited,,UPL.NS,570.5,2026-08-12,-0.08893262948958203,-0.22785209470870038,-0.234369194536713,-0.1834682910866383,-0.16471096786224315,12,False
IRCTC,Indian Railway Catering And Tourism Corporation Limited,,IRCTC.NS,513.5499877929688,2026-08-12,-0.04179498815910021,-0.188269269915325,-0.26815480355651933,-0.28372395647113546,-0.16474760125223606,12,False
GLOBALE,Globale Tessile Limited,,GLOBALE.NS,10.779999732971191,2026-08-12,-0.18641511449274029,-0.08875741314509855,-0.1327434056069604,-0.23109847496462155,-0.16508590454043223,12,False
EUROBOND,Euro Panel Products Limited,,EUROBOND.NS,162.33999633789062,2026-08-12,-0.10802199814345814,-0.09966170186910228,-0.21805310023299407,-0.3014629922486137,-0.16704435812752527,12,False
SANOFI,Sanofi India Limited,,SANOFI.NS,3243.60009765625,2026-08-12,0.0079866360335763,-0.1967085439820644,-0.28492453910905735,-0.3738679981635177,-0.16790556183749739,11,False
SHARDACROP,Sharda Cropchem Limited,,SHARDACROP.NS,797.8499755859375,2026-08-12,-0.16751729051303443,-0.32927927548882363,0.04986102886746102,-0.22672116700028377,-0.16823479892954307,11,False
INDIAMART,Indiamart Intermesh Limited,,INDIAMART.NS,1784.5999755859375,2026-08-12,-0.06152020774189304,-0.18426589838177188,-0.2511681351399001,-0.28281550672780986,-0.16825799114665357,11,False
CYIENT,Cyient Limited,,CYIENT.NS,840.5,2026-08-12,-0.03468474995249049,-0.22455947867114434,-0.27449287872248596,-0.2824372747903602,-0.1701718264177943,11,False
SAFARI,Safari Industries (India) Limited,,SAFARI.NS,1477.0,2026-08-12,0.014208204321195295,-0.31864314999961707,-0.2774564206146024,-0.2915663164151602,-0.17184989567739783,11,False
KALPATARU,Kalpataru Limited,,KALPATARU.NS,285.29998779296875,2026-08-12,-0.13793631282752572,-0.14695775936655564,-0.2313081167056671,-0.2104608192223495,-0.17291986418992475,11,False
INDIASHLTR,India Shelter Finance Corporation Limited,,INDIASHLTR.NS,681.9000244140625,2026-08-12,-0.16412356778374482,-0.07886980216591022,-0.20882490324397196,-0.25179375954239624,-0.17354712010395362,11,False
BIRLACORPN,Birla Corporation Limited,,BIRLACORPN.NS,904.4000244140625,2026-08-12,-0.10061646510840261,-0.16781087109526194,-0.22979647031696793,-0.26994757977977557,-0.1737575702817621,11,False
ITC,ITC Limited,,ITC.NS,276.1499938964844,2026-08-12,-0.08329872063357247,-0.11738260812568624,-0.2881446586794767,-0.2997622147765161,-0.1743773845697648,11,False
KSCL,Kaveri Seed Company Limited,,KSCL.NS,785.0,2026-08-12,-0.14520605339032744,-0.09951247490679671,-0.21071181036915276,-0.27933928975464084,-0.17599513636224906,11,False
EMAMILTD,Emami Limited,,EMAMILTD.NS,397.25,2026-08-12,-0.07195418449086721,-0.20406733091161589,-0.22901887703452473,-0.30417037377724154,-0.1762329901410233,10,False
NIITMTS,NIIT Learning Systems Limited,,NIITMTS.NS,242.00999450683594,2026-08-12,0.017276169465308744,-0.37229930704396863,-0.28841520093011763,-0.25756062911714295,-0.17674455963212235,10,False
NCC,NCC Limited,,NCC.NS,143.41000366210938,2026-08-12,-0.10748064352056019,-0.09096089848117206,-0.24037285469492486,-0.3487073266733931,-0.17900047337812208,10,False
IRCON,Ircon International Limited,,IRCON.NS,126.18000030517578,2026-08-12,-0.11539539508485985,-0.20350212841988358,-0.22627721347490393,-0.23727098988449302,-0.17956822438980002,10,False
ABFRL,Aditya Birla Fashion and Retail Limited,,ABFRL.NS,57.15999984741211,2026-08-12,-0.08777529545792284,-0.21687900369449187,-0.2737898550085459,-0.24908042846886613,-0.18305997561754994,10,False
EASEMYTRIP,Easy Trip Planners Limited,,EASEMYTRIP.NS,6.46999979019165,2026-08-12,-0.1820480512008581,-0.07439198826230164,-0.18308084244120393,-0.29902490670936266,-0.1841187679629169,10,False
GODREJCP,Godrej Consumer Products Limited,,GODREJCP.NS,905.0,2026-08-12,-0.12432630354284901,-0.24206579028751618,-0.1931671868516166,-0.2406706445177852,-0.1849112457485232,10,False
EMBDL,Embassy Developments Limited,,EMBDL.NS,61.959999084472656,2026-08-12,-0.11788153518107913,-0.03758928661365912,-0.279199630707479,-0.3724298898231392,-0.1849963755012871,10,False
CAPACITE,Capacit'e Infraprojects Limited,,CAPACITE.NS,209.0500030517578,2026-08-12,-0.09775569354687563,-0.1711272452051218,-0.2648144942340721,-0.2936306996820892,-0.1850167652430069,10,False
DAMCAPITAL,Dam Capital Advisors Limited,,DAMCAPITAL.NS,146.14999389648438,2026-08-12,-0.04314528846193233,-0.15608037834890698,-0.38116613020450085,-0.31326948187801973,-0.18736131347105844,10,False
SHAKTIPUMP,Shakti Pumps (India) Limited,,SHAKTIPUMP.NS,509.20001220703125,2026-08-12,0.0031130203559823766,-0.2234061863639054,-0.3160623507450757,-0.4139252117098723,-0.18943354162137777,9,False
SWANCORP,SWAN CORP LIMITED,,SWANCORP.NS,307.70001220703125,2026-08-12,-0.034060511698996154,-0.2609583098444128,-0.34754027093992135,-0.2754254687518639,-0.19040901458683807,9,False
ANNAPURNA,Annapurna Swadisht Limited,,ANNAPURNA.NS,146.9499969482422,2026-08-12,0.05757466841096748,-0.22145696981063745,-0.3942704317759179,-0.46437035291044915,-0.19298968353501395,9,False
CSBBANK,CSB Bank Limited,,CSBBANK.NS,319.20001220703125,2026-08-12,-0.10999576846734704,-0.22279035130360658,-0.26102557428788664,-0.2651087654619291,-0.1937832455976233,9,False
TTML,Tata Teleservices (Maharashtra) Limited,,TTML.NS,38.16999816894531,2026-08-12,-0.09140681518712679,-0.17754797900362995,-0.293279034342659,-0.33187471634324317,-0.19710307201275717,9,False
TECHNOE,Techno Electric & Engineering Company Limited,,TECHNOE.NS,983.0499877929688,2026-08-12,-0.17805184967143084,-0.12035260628926148,-0.22758699967907026,-0.29140261559484415,-0.19908918418120752,9,False
TOLINS,Tolins Tyres Limited,,TOLINS.NS,101.01000213623047,2026-08-12,-0.021410570222211822,-0.22138283000969772,-0.4361078580759735,-0.30004848004229445,-0.2000720617144779,9,False
IRFC,Indian Railway Finance Corporation Limited,,IRFC.NS,88.26000213623047,2026-08-12,-0.10722231851788167,-0.2274612320389343,-0.2665296742710972,-0.29310600206512216,-0.20030830908218342,9,False
TRANSRAILL,Transrail Lighting Limited,,TRANSRAILL.NS,467.04998779296875,2026-08-12,-0.08473244756704323,-0.16022771307248584,-0.27720546097999876,-0.40046387159079144,-0.20147238815547253,9,False
WHIRLPOOL,Whirlpool of India Limited,,WHIRLPOOL.NS,789.9000244140625,2026-08-12,-0.076410377767831,-0.10584106567352236,-0.3619032160630683,-0.38754452133981365,-0.20162191172241328,9,False
GODIGIT,Go Digit General Insurance Limited,,GODIGIT.NS,262.79998779296875,2026-08-12,-0.1541680802450207,-0.18220014687563535,-0.2684760256284795,-0.26075952800852675,-0.2039543722005366,9,False
SUNTECK,Sunteck Realty Limited,,SUNTECK.NS,292.0,2026-08-12,-0.08176100628930816,-0.3030194737034564,-0.3373425529455575,-0.22582716471316244,-0.20594224078815854,8,False
LAXMIDENTL,Laxmi Dental Limited,,LAXMIDENTL.NS,200.3000030517578,2026-08-12,-0.003532120165567143,-0.11614152604592265,-0.40835914850410227,-0.5,-0.20631298297623185,8,False
ISHANCH,Ishan Dyes and Chemicals Limited,,ISHANCH.NS,50.18000030517578,2026-08-12,-0.2026060692542434,-0.172083817854218,-0.29224260613224673,-0.16310872129131704,-0.20652945675725376,8,False
SYNGENE,Syngene International Limited,,SYNGENE.NS,409.79998779296875,2026-08-12,-0.09490207951781049,-0.09240342945301061,-0.36275440207474685,-0.3895429074818092,-0.20690097960903756,8,False
HDFCLIFE,HDFC Life Insurance Company Limited,,HDFCLIFE.NS,537.0,2026-08-12,-0.11464769587428336,-0.23444288633442378,-0.29452296390533483,-0.286867907601729,-0.20902582991801086,8,False
JYOTHYLAB,Jyothy Labs Limited,,JYOTHYLAB.NS,200.27000427246094,2026-08-12,-0.07054305363997371,-0.1844846544880825,-0.3494097897533378,-0.37107789055393126,-0.20921168841505983,8,False
INNOVANA,Innovana Thinklabs Limited,,INNOVANA.NS,327.3500061035156,2026-08-12,-0.11717902675259217,-0.16310875313436168,-0.3206391990100107,-0.3349248313999954,-0.21060616740991042,8,False
BELLACASA,Bella Casa Fashion & Retail Limited,,BELLACASA.NS,241.74000549316406,2026-08-12,0.010830071765758786,-0.2303724903033093,-0.42118997000852354,-0.4237529757737012,-0.21073105851080332,8,False
ABLBL,Aditya Birla Lifestyle Brands Limited,,ABLBL.NS,90.29000091552734,2026-08-12,-0.12788767447049787,-0.20579711837245762,-0.29014274472789103,-0.329768484658882,-0.21629673934004529,8,False
LATENTVIEW,Latent View Analytics Limited,,LATENTVIEW.NS,290.04998779296875,2026-08-12,-0.05598051165836049,-0.2977847806199446,-0.4025131723155251,-0.2720542630018512,-0.21686264785080836,8,False
FISCHER,Fischer Medical Ventures Limited,,FISCHER.NS,37.65999984741211,2026-08-12,0.08001149988496836,-0.13225809854048276,-0.5163113337761113,-0.6136473623073655,-0.22043875897080456,7,False
CELLO,Cello World Limited,,CELLO.NS,377.1499938964844,2026-08-12,-0.04579396418375736,-0.2619195375931608,-0.4037150794268076,-0.34742499964885376,-0.22092950900726738,7,False
FIRSTCRY,Brainbees Solutions Limited,,FIRSTCRY.NS,214.47000122070312,2026-08-12,-0.04348407790080655,-0.24335864531889762,-0.359886557127032,-0.4152147205979465,-0.22108561576909785,7,False
TATAELXSI,Tata Elxsi Limited,,TATAELXSI.NS,3711.89990234375,2026-08-12,-0.08414147935690153,-0.2978134129234046,-0.28485550159600503,-0.3557602557985612,-0.22134242580635477,7,False
AJMERA,Ajmera Realty & Infra India Limited,,AJMERA.NS,117.4800033569336,2026-08-12,-0.06990732620008189,-0.22506597211667778,-0.40828041034723317,-0.3534619131194209,-0.2253245895966991,7,False
JSLL,Jeena Sikho Lifecare Limited,,JSLL.NS,511.5,2026-08-12,-0.1996557353471211,-0.3073329385271968,-0.30161116473308125,-0.11843324540895361,-0.2253377638726948,7,False
MAPMYINDIA,C.E. Info Systems Limited,,MAPMYINDIA.NS,996.7999877929688,2026-08-12,-0.014174540841481953,-0.22079061771380493,-0.4524451988254151,-0.4287608822301492,-0.22606915609046663,7,False
GLOBECIVIL,Globe Civil Projects Limited,,GLOBECIVIL.NS,43.11000061035156,2026-08-12,-0.04918393327594739,-0.2148970910553859,-0.3761215403427707,-0.44367012777390136,-0.22661132514479054,7,False
EPACK,EPACK Durable Limited,,EPACK.NS,212.22000122070312,2026-08-12,-0.11667013019478412,-0.19823189669703634,-0.2501060027536992,-0.4547276604199727,-0.22728116405205528,7,False
WCIL,Western Carriers (India) Limited,,WCIL.NS,85.58999633789062,2026-08-12,-0.14014471016004026,-0.2928784229139004,-0.32130682797835863,-0.2520318438379021,-0.22930130301004836,7,False
MEDPLUS,Medplus Health Services Limited,,MEDPLUS.NS,675.0499877929688,2026-08-12,-0.2901682567897279,-0.22448161488173746,-0.14263033120614033,-0.2300541912826134,-0.2355005301899894,6,False
RAYMONDLSL,Raymond Lifestyle Limited,,RAYMONDLSL.NS,716.4500122070312,2026-08-12,-0.07984550789698253,-0.29664440492678357,-0.36212661395867074,-0.3646687993906874,-0.23662616681402138,6,False
RALLIS,Rallis India Limited,,RALLIS.NS,209.41000366210938,2026-08-12,-0.19570296713116686,-0.2297326179437541,-0.1447857607598828,-0.42035216538826947,-0.23725529567084802,6,False
KITEX,Kitex Garments Limited,,KITEX.NS,134.6300048828125,2026-08-12,-0.14111639628189787,-0.3314960758188842,-0.33777667062534544,-0.2509223055916331,-0.2404855689199317,6,False
CMSINFO,CMS Info Systems Limited,,CMSINFO.NS,255.60000610351562,2026-08-12,-0.15629643240006663,-0.20389670913912783,-0.27487539424939156,-0.42374147678622065,-0.24302128899497466,6,False
ALOKINDS,Alok Industries Limited,,ALOKINDS.NS,11.779999732971191,2026-08-12,-0.1463768427423554,-0.2701362962549787,-0.31231755340938305,-0.34809076193037614,-0.24465965941588974,6,False
AURIONPRO,Aurionpro Solutions Limited,,AURIONPRO.NS,718.75,2026-08-12,-0.042815319441692146,-0.28553677932405563,-0.3582016391364454,-0.4976369397933059,-0.24540119942743827,6,False
MBEL,M & B Engineering Limited,,MBEL.NS,268.04998779296875,2026-08-12,-0.13308545533468363,-0.22168991712138064,-0.38520645001612674,-0.35811785470490654,-0.24623702650235624,6,False
KPIGREEN,KPI Green Energy Limited,,KPIGREEN.NS,337.20001220703125,2026-08-12,-0.19828814238285686,-0.19857394603201128,-0.3058939559076189,-0.3411649142741092,-0.24844182019589064,6,False
RTNINDIA,RattanIndia Enterprises Limited,,RTNINDIA.NS,30.260000228881836,2026-08-12,-0.10737466469487711,-0.22330593069901195,-0.39188100382658,-0.4221882595751125,-0.25042490469809175,6,False
PGHH,Procter & Gamble Hygiene and Health Care Limited,,PGHH.NS,8450.0,2026-08-12,-0.12940449206676286,-0.2944221776887107,-0.3533969972655675,-0.34737676049433075,-0.2508009839164269,5,False
RVNL,Rail Vikas Nigam Limited,,RVNL.NS,230.0,2026-08-12,-0.1872791519434629,-0.27775163704351813,-0.2738874686664152,-0.3306546398408913,-0.2513704098875501,5,False
SRD,Shankar Lal Rampal Dye-Chem Limited,,SRD.NS,40.47999954223633,2026-08-12,-0.04098553849229347,-0.26759545491282555,-0.4260598292521355,-0.4940273653491828,-0.25393074529974613,5,False
CRIZAC,Crizac Limited,,CRIZAC.NS,182.52000427246094,2026-08-12,-0.13127082831909154,-0.26299209056813955,-0.3747132881550358,-0.3732581073152288,-0.25470102853531745,5,False
JKLAKSHMI,JK Lakshmi Cement Limited,,JKLAKSHMI.NS,549.2999877929688,2026-08-12,-0.15012402894046384,-0.25181612515794427,-0.33786553398068964,-0.39467863570745454,-0.25692167054540327,5,False
AFCONS,Afcons Infrastructure Limited,,AFCONS.NS,267.95001220703125,2026-08-12,-0.19818391591008677,-0.21940947888862983,-0.3525828447821495,-0.3387792768477038,-0.26142788646773135,5,False
BALAJEE,Shree Tirupati Balajee Agro Trading Company Limited,,BALAJEE.NS,26.989999771118164,2026-08-12,-0.14884892619456813,-0.21836082463748774,-0.36747126952629805,-0.4317894785027755,-0.26306388501113953,5,False
PIIND,PI Industries Limited,,PIIND.NS,2483.0,2026-08-12,-0.20000245418095286,-0.21769986545232234,-0.3408664965295317,-0.379689109235296,-0.2676520759158112,5,False
ODIGMA,Odigma Consultancy Solutions Limited,,ODIGMA.NS,22.309999465942383,2026-08-12,-0.16001506345848127,-0.2709150592216161,-0.39686405910790123,-0.35426917630692023,-0.26841568431068,5,False
ZAGGLE,Zaggle Prepaid Ocean Services Limited,,ZAGGLE.NS,201.7100067138672,2026-08-12,-0.04230362078568495,-0.3280812841048154,-0.46189141408693335,-0.47512356721038196,-0.26994070139470017,5,False
BAJAJINDEF,Indef Manufacturing Limited,,BAJAJINDEF.NS,233.6199951171875,2026-08-12,-0.16138519780668326,-0.22457790817977186,-0.36974920328055183,-0.436174756467806,-0.27065445270829924,4,False
ASHOKA,Ashoka Buildcon Limited,,ASHOKA.NS,113.9000015258789,2026-08-12,-0.11078144443520554,-0.3041725222855315,-0.42223799392047856,-0.41203798880780584,-0.2720022787768454,4,False
RSYSTEMS,R Systems International Limited,,RSYSTEMS.NS,240.3000030517578,2026-08-12,-0.11945764592831865,-0.29034017687441827,-0.40365447397899745,-0.43019410587086404,-0.2726208097161834,4,False
RPOWER,Reliance Power Limited,,RPOWER.NS,23.3799991607666,2026-08-12,-0.13790566234261648,-0.17849613798749653,-0.43238650302828074,-0.48182624746817637,-0.27370404263383735,4,False
NETWORK18,Network18 Media & Investments Limited,,NETWORK18.NS,28.709999084472656,2026-08-12,-0.10893860966011071,-0.2859985143456717,-0.384829650506038,-0.4899627177559144,-0.2757336203855691,4,False
JISLJALEQS,Jain Irrigation Systems Limited,,JISLJALEQS.NS,27.06999969482422,2026-08-12,-0.1301414214392722,-0.273093488863164,-0.4352180362514826,-0.42232182368251303,-0.2781832383351408,4,False
MASTERTR,Master Trust Limited,,MASTERTR.NS,77.51000213623047,2026-08-12,-0.16673828280547498,-0.17066121447129468,-0.37572487234160223,-0.5185714153029164,-0.2796868135453527,4,False
CIFL,Capital India Finance Limited,,CIFL.NS,21.920000076293945,2026-08-12,-0.21461840931086829,-0.32115207634592413,-0.365740763736359,-0.3454837473999929,-0.2923226812208025,4,False
TIRUMALCHM,Thirumalai Chemicals Limited,,TIRUMALCHM.NS,160.72000122070312,2026-08-12,-0.21859195379275287,-0.23170323942359283,-0.3697254854090074,-0.4381401570377773,-0.2953505578911767,4,False
MFML,Mahalaxmi Fabric Mills Limited,,MFML.NS,18.639999389648438,2026-08-12,-0.2715904932199309,-0.2611969984999757,-0.3304597957081642,-0.35878914395148054,-0.2987253849198965,4,False
KPEL,K.P. Energy Limited,,KPEL.NS,259.6000061035156,2026-08-12,-0.25701199015926,-0.19077301751317122,-0.3573069302442424,-0.43341989982211804,-0.29910476557961035,3,False
HUBTOWN,Hubtown Limited,,HUBTOWN.NS,178.00999450683594,2026-08-12,-0.16151675954786548,-0.26262378606319714,-0.4556269281136516,-0.47138828654243226,-0.3025345039630024,3,False
KEC,KEC International Limited,,KEC.NS,441.79998779296875,2026-08-12,-0.18522301863829738,-0.2814374128593644,-0.41807705986920973,-0.4534777165610624,-0.30468764531324627,3,False
CEWATER,Concord Enviro Systems Limited,,CEWATER.NS,259.95001220703125,2026-08-12,-0.10269243612851298,-0.4058964245017206,-0.3908611313250586,-0.5423012472578779,-0.30888873506833664,3,False
GUJENERGY,GUJARAT ENERGY LIMITED,,GUJENERGY.NS,274.3500061035156,2026-08-12,-0.2583130288445157,-0.35628813175573737,-0.3199900909589456,-0.35188773966449616,-0.3089584040136421,3,False
SUPREME,Supreme Holdings & Hospitality (India) Limited,,SUPREME.NS,42.5099983215332,2026-08-12,-0.16499708409065927,-0.3082180993694793,-0.5117721549267427,-0.4302372607723144,-0.316044336649971,3,False
PATANJALI,Patanjali Foods Limited,,PATANJALI.NS,352.6000061035156,2026-08-12,-0.23322822350002803,-0.32140749073762687,-0.3905994374356857,-0.414354581477826,-0.3185635913302389,3,False
KALAMANDIR,Sai Silks (Kalamandir) Limited,,KALAMANDIR.NS,85.30000305175781,2026-08-12,-0.1581590886912858,-0.2706168660767856,-0.5058374729226878,-0.5049602965515959,-0.3195465625867282,3,False
KPITTECH,KPIT Technologies Limited,,KPITTECH.NS,609.2000122070312,2026-08-12,-0.12698022012470522,-0.368997471661372,-0.4921701319831273,-0.49091051998148305,-0.32120771277507854,3,False
ABINFRA,A B Infrabuild Limited,,ABINFRA.NS,11.100000381469727,2026-08-12,-0.1539633781790446,-0.44332998574845206,-0.449404738815283,-0.4075928443661029,-0.32165086505758544,3,False
GENESYS,Genesys International Corporation Limited,,GENESYS.NS,208.0,2026-08-12,-0.003831432184220329,-0.397886835576825,-0.5702479338842975,-0.6352157215940601,-0.32220267108472467,2,False
CAMLINFINE,Camlin Fine Sciences Limited,,CAMLINFINE.NS,107.94000244140625,2026-08-12,-0.138891074947314,-0.35504300879687056,-0.42676579558133676,-0.5804081537749028,-0.32799982160954766,2,False
AWFIS,Awfis Space Solutions Limited,,AWFIS.NS,274.04998779296875,2026-08-12,-0.13793647985345414,-0.2988359127199621,-0.5647236365631622,-0.5135783175054324,-0.33060216529909303,2,False
TRIVENI,Triveni Engineering & Industries Limited,,TRIVENI.NS,242.24000549316406,2026-08-12,-0.35255910879372,-0.3847872876364087,-0.3293375636066045,-0.25905641273411184,-0.33565989631291304,2,False
VEDL,Vedanta Limited,,VEDL.NS,275.79998779296875,2026-08-12,-0.16689322470101442,-0.5937027302627113,-0.46472062207785025,-0.3359147970025609,-0.34562491974903026,2,False
SEPC,SEPC Limited,,SEPC.NS,6.03000020980835,2026-08-12,-0.20657890980593674,-0.40532544323046915,-0.4462809899261695,-0.47428072629240114,-0.34780899581218266,2,False
OSWALPUMPS,Oswal Pumps Limited,,OSWALPUMPS.NS,301.20001220703125,2026-08-12,-0.21776387026149302,-0.20296370184769852,-0.5367579105625644,-0.611955671901363,-0.35744100496692244,2,False
INOXWIND,Inox Wind Limited,,INOXWIND.NS,74.0,2026-08-12,-0.22537421809287017,-0.3346520483023946,-0.5124201231018382,-0.49189782813704375,-0.35794368714540337,2,False
INDOUS,Indo Us Biotech Limited,,INDOUS.NS,80.4800033569336,2026-08-12,-0.23519908020956293,-0.3857894825100947,-0.38877493372734784,-0.5512684660267986,-0.35924620853667344,2,False
CHEMPLASTS,Chemplast Sanmar Limited,,CHEMPLASTS.NS,182.35000610351562,2026-08-12,-0.2049962506632521,-0.4119638745100679,-0.5028625622353111,-0.5562720508896102,-0.3762181977922987,2,False
ORCHASP,Orchasp Limited,,ORCHASP.NS,1.4800000190734863,2026-08-12,-0.2562814010146568,-0.4126984006843749,-0.5417956624353151,-0.45985400951742605,-0.38538217493328597,1,False
GRMOVER,GRM Overseas Limited,,GRMOVER.NS,91.37999725341797,2026-08-12,-0.46483164126841603,-0.4333023426144622,-0.38416265187234244,-0.21763703025825631,-0.39295306145637865,1,False
GICL,Globe International Carriers Limited,,GICL.NS,22.270000457763672,2026-08-12,-0.4454681139845985,-0.5105494404887105,-0.4521525308286648,-0.6263422646322125,-0.495996092783757,1,False
INDOTHAI,Indo Thai Securities Limited,,INDOTHAI.NS,85.4000015258789,2026-08-12,-0.6828815247049609,-0.6554506523215418,-0.766921389332757,-0.5488581629331705,-0.6673986507994782,1,False
AQYLON,Aqylon Nexus Limited,,AQYLON.NS,24.1299991607666,2026-08-12,-0.5710984735040247,-0.8724023103860866,-0.7010839373085587,-0.7983116126014433,-0.7027989614608277,1,False
LEMERITE,Le Merite Exports Limited,,LEMERITE.NS,23.25,2026-08-12,-0.7526858901002014,-0.7490013959906267,-0.7647475506502084,-0.63671875,-0.7311678953682476,1,False
