symbol,company_name,industry,yahoo_symbol,latest_close,price_date,return_63d,return_126d,return_189d,return_252d,weighted_momentum,rs_rating,is_high_rs,vcp_stars,vcp_trend_template,vcp_range_position,vcp_contracting_ranges,vcp_contracting_volatility,vcp_pivot_readiness,close,sma50,sma150,sma200,sma200_20d_ago,high_252,low_252,pct_below_high,pct_above_low,range_60_pct,range_30_pct,range_15_pct,atr_50_pct,atr_20_pct,atr_10_pct,pivot_55,distance_to_pivot_pct,avg_volume_10,avg_volume_50,volume_ratio,live_price,breakout_pct,is_breakout,quote_status,quote_timestamp,breakout_reason
HONASA,Honasa Consumer Limited,,HONASA.NS,467.3999938964844,2026-08-12,0.3203389658092779,0.5758596907559006,0.7030423505461585,0.7802323962210507,0.5399624738283331,91,True,5,True,True,True,True,True,467.3999938964844,445.29700134277346,359.9820009358724,339.5332507324219,322.2182507324219,491.3500061035156,248.39999389648438,4.874328260817307,88.16425337404145,39.25180603776673,12.35994050293361,11.319460640697484,3.1887035598552944,3.100662696334489,2.9835248821753115,491.3500061035156,4.874328260817312,787123.9,1539344.12,0.5113371921023091,,,False,UNAVAILABLE,,quote has no finite close
SETL,Standard Engineering Technology Limited,,SETL.NS,300.04998779296875,2026-08-12,1.2009094385900623,1.2426937951275656,0.832030712109747,0.7408330629522428,1.043475289473936,98,True,4,True,True,True,False,True,300.04998779296875,243.7045993041992,167.63819966634114,165.91404983520508,155.69105003356933,307.0,104.55999755859375,2.2638476244401518,186.96441736700075,134.70947464620434,20.392156862745097,18.87705711519845,4.69748418384876,4.354275786973159,4.504252322865311,307.0,2.2638476244401464,736589.6,1296736.7,0.568033279230857,301.70001220703125,-1.726380388589166,False,LIVE,2026-08-13T12:15:00+05:30,live price not above pivot
INDOBORAX,Indo Borax & Chemicals Limited,,INDOBORAX.NS,449.04998779296875,2026-08-12,0.7845710483759272,1.0148739063198455,0.9320533483894051,0.7027101085723635,0.8437558920066937,97,True,4,True,True,True,False,True,449.04998779296875,378.85095275878905,285.78284047444663,273.41646667480467,254.21386207580565,464.20001220703125,204.51708976468473,3.2636846220731375,119.56599730107693,83.97512738689043,36.28520784655472,28.56945794254124,5.277046487802908,6.640123676764464,5.762164046683299,464.20001220703125,3.263684622073136,419010.9,575075.7,0.7286186844618892,444.20001220703125,-4.3084876075100365,False,LIVE,2026-08-13T12:15:00+05:30,live price not above pivot
KMEW,Knowledge Marine & Engineering Works Limited,,KMEW.NS,2593.0,2026-08-12,0.3110526524338948,0.47212442605851157,0.888290192398536,2.1063192572626535,0.8177678361174983,97,True,4,True,True,True,True,False,2593.0,2295.621999511719,1941.671993001302,1837.6309930419923,1703.5642419433593,2737.0,797.5,5.26123492875411,225.141065830721,59.93688552012024,30.669334115975765,18.464340187319607,4.5372923156997205,4.152718105235249,3.959120144680389,2737.0,5.26123492875411,71530.5,112004.38,0.6386402031777686,2640.0,-3.5440263061746413,False,LIVE,2026-08-13T12:15:00+05:30,live price not above pivot
RRKABEL,R R Kabel Limited,,RRKABEL.NS,2789.60009765625,2026-08-12,0.43138089924483025,0.9750226109817854,1.0616527194218022,1.1930210153761145,0.8184916288538726,97,True,4,True,True,True,False,True,2789.60009765625,2402.775517578125,1834.852216796875,1728.691434326172,1596.5133331298828,2845.0,1158.7465736666888,1.947272490114238,140.74289935796375,49.164353793563265,31.469500924214415,22.09252680523095,3.533785464647057,3.836212592775797,3.005088655005399,2845.0,1.9472724901142355,452823.3,679259.22,0.6666428465998592,2801.10009765625,-1.543054563927948,False,LIVE,2026-08-13T12:14:00+05:30,live price not above pivot
WELCORP,Welspun Corp Limited,,WELCORP.NS,1867.5999755859375,2026-08-12,0.43147543670895483,1.2463600882253356,1.0354131021932598,1.146885181674202,0.8583218491021415,97,True,4,True,True,True,False,True,1867.5999755859375,1560.465546875,1166.0704341634114,1086.8553805541992,1001.218013305664,1872.9000244140625,707.6502693631002,0.2829862117057269,163.91567366558286,50.06541047676515,32.97124773972755,19.58243409551289,2.8068281228877656,2.9066722250622066,2.6975807318715352,1872.9000244140625,0.2829862117057274,714373.9,988016.62,0.7230383432213924,1880.4000244140625,0.4004484971025901,True,LIVE,2026-08-13T12:14:00+05:30,live price above pivot
LAURUSLABS,Laurus Labs Limited,,LAURUSLABS.NS,1850.0,2026-08-12,0.39770325938623063,0.9163263667475294,0.8787073919931057,1.2109990315791563,0.7602878618184505,96,True,4,True,True,True,True,False,1850.0,1568.170009765625,1257.1885595703125,1197.2006805419921,1112.0663934326171,1870.800048828125,808.577124737889,1.1118263996814703,128.79697475979205,40.4399131533078,29.181060068002658,20.316420313460604,2.2555674619932433,2.197567501583615,1.7740544499577702,1870.800048828125,1.111826399681474,1763726.9,2242675.5,0.7864387424752265,1838.0,-1.7532632014132687,False,LIVE,2026-08-13T12:14:00+05:30,live price not above pivot
MBAPL,Madhya Bharat Agro Products Limited,,MBAPL.NS,165.75,2026-08-12,0.5495670378748778,0.7857549499721597,1.0445729118640785,0.9727801326332663,0.780448414043852,96,True,4,True,True,True,False,True,165.75,131.74927032470703,108.1653146870931,101.57714065551758,94.54471549987792,170.1999969482422,74.56403046577304,2.6145693466701037,122.29216817361265,63.65700897945192,55.07972387083571,22.050914788770537,3.8737968908348153,4.7125184302236525,3.829261008790535,170.1999969482422,2.614569346670101,759567.7,1442639.28,0.526512559674654,167.80999755859375,-1.4042299838437966,False,LIVE,2026-08-13T12:15:00+05:30,live price not above pivot
BLUSPRING,Bluspring Enterprises Limited,,BLUSPRING.NS,121.51000213623047,2026-08-12,0.7884898111539633,1.0442463819578678,0.6264222142318896,0.46028125793964536,0.741585895287466,95,True,4,True,True,True,True,False,121.51000213623047,108.04660018920899,76.82940022786458,75.53375007629394,72.23645015716552,131.82000732421875,43.97999954223633,7.821274931832045,176.28468258517822,99.24425639007883,30.64420746357418,22.893952551820714,6.299563891986963,5.294625474341319,5.259649620486132,131.82000732421875,7.821274931832041,364745.7,1173261.56,0.31088182928280716,115.31999969482422,-12.517073822346125,False,LIVE,2026-08-13T12:14:00+05:30,live price not above pivot
FCL,Fineotex Chemical Limited,,FCL.NS,42.650001525878906,2026-08-12,0.6764937354769913,0.7486675929963471,0.6944776081287456,0.8015244838526221,0.7195314311863394,95,True,4,True,True,True,True,False,42.650001525878906,39.95559989929199,29.995666631062825,28.763969984054565,27.20719078063965,47.18000030517578,19.100000381469727,9.601523420931224,123.29843284849731,53.98172730093231,27.953314535299196,20.833332906059905,5.5990625415345825,5.341149303399633,5.116060706723402,47.18000030517578,9.601523420931223,10037773.8,13255532.6,0.7572516399680539,,,False,UNAVAILABLE,,quote has no finite close
SUVEN,Suven Life Sciences Limited,,SUVEN.NS,330.54998779296875,2026-08-12,0.5654747684009873,1.0865420503316585,0.8120271412722813,0.2520832870945786,0.6563204031000986,94,True,4,True,True,True,True,False,330.54998779296875,300.5710009765625,219.1668007405599,208.54610076904297,196.75670082092284,371.0,124.11000061035156,10.902968249873657,166.33630341421397,60.884644484119946,35.47562232288634,18.64027328622526,5.581304167433722,5.227652093503167,4.932688680438523,371.0,10.902968249873652,636374.2,1554334.02,0.4094192057894994,329.8999938964844,-11.07816876105543,False,LIVE,2026-08-13T12:14:00+05:30,live price not above pivot
INOXINDIA,INOX India Limited,,INOXINDIA.NS,1911.199951171875,2026-08-12,0.3353093329521546,0.638128936600171,0.6246376316819773,0.6723461703325573,0.521146280903803,90,True,4,True,True,True,True,False,1911.199951171875,1899.0039208984374,1482.6481852213542,1402.0433135986327,1324.8539276123047,2119.800048828125,1063.7207176384813,9.840555375568039,79.67121627703597,48.915893364960986,18.53053119492323,14.46819640042489,5.231909572460301,4.299655096429291,3.7923827407698374,2119.800048828125,9.84055537556804,182545.2,447834.1,0.4076179102931198,1942.4000244140625,-8.368714988573256,False,LIVE,2026-08-13T12:14:00+05:30,live price not above pivot
THYROCARE,Thyrocare Technologies Limited,,THYROCARE.NS,645.0,2026-08-12,0.41381655535935713,0.6079617820584344,0.414683772524866,0.4630801289066897,0.4626717588417409,88,True,4,True,True,True,False,True,645.0,552.296752319336,461.13469482421874,459.82257080078125,441.47229782104495,662.0,338.148639887055,2.5679758308157052,90.7445199884395,45.754528119408704,30.95944609297725,22.36598890942699,3.6915416975271085,3.8042640390322195,3.3108534702034884,662.0,2.56797583081571,535842.6,750278.08,0.7141919966527611,609.4500122070312,-7.938064621294371,False,LIVE,2026-08-13T12:15:00+05:30,live price not above pivot
SSWL,Steel Strips Wheels Limited,,SSWL.NS,312.5,2026-08-12,0.513757005930557,0.3704337221983631,0.410580524828249,0.44307149876715335,0.45031995153097587,87,True,4,True,True,True,False,True,312.5,261.0205999755859,223.52480041503907,218.37585052490235,210.88145042419433,328.3999938964844,169.0,4.841654747867096,84.91124260355029,68.61778761498053,40.12629844735506,18.637331307721396,3.5034239257812496,3.99648046875,3.8892822265625,328.3999938964844,4.841654747867092,811813.8,1318356.4,0.6157771904471356,311.70001220703125,-5.085256394589688,False,LIVE,2026-08-13T12:15:00+05:30,live price not above pivot
ACMESOLAR,Acme Solar Holdings Limited,,ACMESOLAR.NS,372.6000061035156,2026-08-12,0.350000022114187,0.5731475469781928,0.4810501720340681,0.34728488487445763,0.42029652962301856,86,True,4,True,True,True,True,False,372.6000061035156,364.78699951171876,293.43903483072916,280.58959022521975,271.65250663757325,398.6499938964844,195.72747422084996,6.534551158110147,90.3667370085667,43.03910169919503,15.651285111371008,13.446467636937335,3.916800860192719,3.639291160050443,3.244766288675153,398.6499938964844,6.534551158110147,2069601.8,2090779.64,0.9898708407166239,372.6499938964844,-6.5220118896455626,False,LIVE,2026-08-13T12:14:00+05:30,live price not above pivot
ATALREAL,Atal Realtech Limited,,ATALREAL.NS,35.5,2026-08-12,0.23650300007148406,0.354444915682234,0.4372469191687296,0.8195796813701313,0.4168555032728126,86,True,4,True,True,True,True,False,35.5,30.673399963378905,27.53099988301595,26.768049955368042,25.77229995727539,35.880001068115234,17.75,1.0590887870762122,100.0,56.4762345860779,32.057419828352664,19.004980172746954,4.0777469688737895,2.992958552400831,2.7183102889799735,35.880001068115234,1.0590887870762142,11596648.6,8877082.64,1.3063580762159042,35.66999816894531,-0.585292343696564,False,LIVE,2026-08-13T12:15:00+05:30,live price not above pivot
FEDERALBNK,The Federal Bank  Limited,,FEDERALBNK.NS,356.8500061035156,2026-08-12,0.2685745523961778,0.26430471604434236,0.5127814109408797,0.8074320230297529,0.42433345096146613,86,True,4,True,True,True,False,True,356.8500061035156,335.19499938964844,299.6526670328776,287.8816007232666,273.1137007904053,371.70001220703125,188.39999389648438,3.995158895836781,89.410837401399,31.319564825031463,15.077403160071595,6.230356870768128,1.9201355378965712,2.1535673410522524,2.1787874229438646,371.70001220703125,3.995158895836785,4490613.7,7292528.58,0.6157828043781215,352.79998779296875,-5.084752163940065,False,LIVE,2026-08-13T12:14:00+05:30,live price not above pivot
ANANDRATHI,Anand Rathi Wealth Limited,,ANANDRATHI.NS,2189.0,2026-08-12,0.22184697068990733,0.48025543323933984,0.42195494254623545,0.6910032565340498,0.407381514739888,85,True,4,True,True,True,False,True,2189.0,1981.61400390625,1746.4954313151043,1685.2646270751952,1627.0389331054687,2222.0,1265.0626422868197,1.4851485148514865,73.03490964234021,29.895944797899986,14.235773373584552,10.98346871263041,2.3666512605641845,2.068295746755796,2.1283686721962085,2222.0,1.4851485148514851,265327.3,430555.52,0.6162441025027388,2195.300048828125,-1.2016179645308322,False,LIVE,2026-08-13T12:14:00+05:30,live price not above pivot
AEROENTER,Aeroflex Enterprises Limited,,AEROENTER.NS,129.88999938964844,2026-08-12,0.27668569016063804,0.5815171524828324,0.4566558490172139,0.3180424405692446,0.3819173644781134,84,True,4,True,True,True,True,False,129.88999938964844,123.27300048828126,97.16986663818359,94.24934989929199,90.34824981689454,149.5500030517578,62.20000076293945,13.146107162100984,108.82636301676807,60.11777367082921,24.804848298128938,17.824956172302404,5.6473933362004995,5.1070132867413,4.961120572393139,149.5500030517578,13.146107162100984,496321.7,1262746.54,0.3930493446452049,125.55999755859375,-16.04146105223505,False,LIVE,2026-08-13T12:15:00+05:30,live price not above pivot
BHEL,Bharat Heavy Electricals Limited,,BHEL.NS,420.0,2026-08-12,0.05788311459109052,0.5260950300915244,0.4742997334434853,0.8482906793575136,0.39289033441494087,84,True,4,True,True,True,True,False,420.0,401.43018493652346,335.67182912190754,321.1161725616455,303.48382125854494,446.5,204.46044916421653,5.935050391937291,105.41870162021824,21.85536398218457,20.47884009763997,6.801515523763432,3.1861492840189074,2.9850103936796626,2.382142566499256,446.5,5.93505039193729,6811173.2,13246652.16,0.5141807241355086,415.3999938964844,-6.9652869212801,False,LIVE,2026-08-13T12:14:00+05:30,live price not above pivot
UJJIVANSFB,Ujjivan Small Finance Bank Limited,,UJJIVANSFB.NS,72.37999725341797,2026-08-12,0.2964355163814014,0.1327072852119533,0.41838132441388365,0.6739129149817464,0.36357451147407727,82,True,4,True,True,True,False,True,72.37999725341797,62.675200119018555,59.51633354187012,58.002750148773195,55.91385015487671,73.29000091552734,41.31999969482422,1.2416477701483797,75.1694041335735,40.942309452937195,24.558124958305115,18.688260591947113,3.177120648686185,3.766234204290907,3.2246504713665267,73.29000091552734,1.2416477701483832,13603998.0,19063006.82,0.7136333805287911,,,False,UNAVAILABLE,,quote has no finite close
JINDALSAW,Jindal Saw Limited,,JINDALSAW.NS,269.54998779296875,2026-08-12,0.18745214374189878,0.39826984051222647,0.5734479870591473,0.29638491971176806,0.3286014069533879,81,True,4,True,True,False,True,True,269.54998779296875,258.68219970703126,219.56057169596355,206.03572151184082,199.47193054199218,281.0,151.60325107352764,4.074737440224641,77.79960910088721,31.302278964837903,13.995943204868155,13.995943204868155,3.649861637789221,3.158041039719386,2.7304753722963553,281.0,4.074737440224644,1278498.4,1961775.3,0.6517048104336923,265.1000061035156,-5.658360817254227,False,LIVE,2026-08-13T12:15:00+05:30,live price not above pivot
ATHERENERG,Ather Energy Limited,,ATHERENERG.NS,1569.4000244140625,2026-08-12,0.6742052310005455,1.1571026743809805,1.3785996566379248,2.9427209459690498,1.3653667477978093,99,True,3,True,True,True,False,False,1569.4000244140625,1179.705,915.7389978027344,858.1624990844726,788.19,1580.0,398.04998779296875,0.6708845307555333,294.272094596905,80.75735546621826,41.551699437111694,32.98544166881145,3.5597047413667378,4.084683458399528,4.798650490704136,1580.0,0.6708845307555379,6322906.2,4714697.4,1.3411054121946404,1523.0999755859375,-3.6012673679786444,False,LIVE,2026-08-13T12:14:00+05:30,live price not above pivot
CUPID,Cupid Limited,,CUPID.NS,289.8699951171875,2026-08-12,1.4083582057763566,2.3322221201929176,4.723452901338413,7.629651497481607,3.50040858611313,99,True,3,True,True,True,False,False,289.8699951171875,202.53439880371093,132.06693298339843,116.96465972900391,98.14789985656738,290.0,31.81800079345703,0.04482926993534253,811.0251677936835,142.37358654548478,63.94369438669959,40.742536134374504,3.5297208179010067,3.7370210539392703,4.1939503877470665,290.0,0.04482926993534483,31860039.3,35610941.54,0.8946699503638005,292.5799865722656,0.8896505421605694,True,LIVE,2026-08-13T12:14:00+05:30,live price above pivot
HFCL,HFCL Limited,,HFCL.NS,221.52000427246094,2026-08-12,0.4978700736134172,2.0639003447051056,1.8291187182461788,1.999427181552457,1.3776372783461153,99,True,3,True,True,True,False,False,221.52000427246094,203.59139923095702,130.11340001424153,115.18905015945434,102.13895025253296,229.5,59.81999969482422,3.477122321367787,270.31094182975636,65.16733000396322,26.760561243620362,23.507316675618544,4.635336784102811,4.770448977736233,4.203684027625902,229.5,3.477122321367783,25132442.6,27328868.44,0.9196298286252792,228.0,-0.6535947712418277,False,LIVE,2026-08-13T12:14:00+05:30,live price not above pivot
INDSWFTLAB,Ind-Swift Laboratories Limited,,INDSWFTLAB.NS,300.0,2026-08-12,1.2406453160623,1.187386170986115,1.8788024434854846,1.9940120672355262,1.5082982627663453,99,True,3,True,True,True,False,False,300.0,210.81640106201172,158.72086669921876,143.23325008392334,129.7520998764038,320.5,87.1500015258789,6.396255850234011,244.23407314676408,147.4903474903475,61.819652605612,49.06976744186046,3.8879996744791665,4.576499684651692,5.440999857584636,320.5,6.3962558502340086,2097958.8,1350366.7,1.5536215459104552,296.260009765625,-7.563179480304216,False,LIVE,2026-08-13T12:15:00+05:30,live price not above pivot
SKYGOLD,SKY GOLD AND DIAMONDS LIMITED,,SKYGOLD.NS,838.7999877929688,2026-08-12,0.8798744169549149,1.5510949480969116,1.4190338508809481,1.9483303613109624,1.3356415988397305,99,True,3,True,True,True,False,False,838.7999877929688,598.8449981689453,456.45633219401043,427.2019989013672,390.40849899291993,839.8499755859375,259.0,0.1250208755720017,223.8609991478644,83.65405598177247,58.79182015851829,32.77211157908002,3.5330234181303375,4.04476668277923,4.44981004371785,839.8499755859375,0.12502087557199795,1755889.4,1346876.4,1.3036752295904805,789.0,-6.054649885589514,False,LIVE,2026-08-13T12:14:00+05:30,live price not above pivot
YASHO,Yasho Industries Limited,,YASHO.NS,4210.0,2026-08-12,1.482855476158063,2.0039772191797742,1.6520594563943738,1.2904168183889917,1.5824328892558532,99,True,3,True,True,True,False,False,4210.0,3125.5149853515627,2048.341042480469,1929.2203131103515,1735.2839324951171,4490.0,1129.8189394012777,6.23608017817372,272.6260777882689,132.0785311205576,63.596345010719126,48.20856405561808,4.591802691907419,5.437363616666124,7.338002546949228,4490.0,6.23608017817372,144776.9,56642.34,2.5559837393723495,4288.5,-4.487750556792869,False,LIVE,2026-08-13T12:15:00+05:30,live price not above pivot
AEROFLEX,Aeroflex Industries Limited,,AEROFLEX.NS,446.54998779296875,2026-08-12,0.20526937935984568,1.2938220407758885,1.435826410277496,1.514481093297627,0.9309336606141407,98,True,3,True,True,True,False,False,446.54998779296875,442.1246923828125,323.1170994059245,288.5925888824463,263.0833079528809,521.4047569239144,157.8500633749001,14.356364827309932,182.89503231455475,38.74784678393431,28.250443073555758,16.92060432139195,5.655517123574227,4.779420196753129,4.922181027913795,521.4047569239144,14.356364827309925,1235656.5,1719428.52,0.7186437154130723,,,False,UNAVAILABLE,,quote has no finite close
RPTECH,Rashi Peripherals Limited,,RPTECH.NS,848.0,2026-08-12,0.6707713927596466,1.1997405966277563,1.5798599589521412,1.984777852765606,1.2211842387729592,98,True,3,True,True,True,False,False,848.0,747.37400390625,525.0383345540365,478.45950057983396,429.50175064086915,967.7000122070312,275.6000061035156,12.369537118639862,207.6923008780669,87.0674724613215,32.5616455078125,30.321194278550962,4.721344857845667,4.943692189342571,5.821934825969191,967.7000122070312,12.369537118639865,844215.6,1630020.72,0.5179170973973877,864.9500122070312,-10.617959977664803,False,LIVE,2026-08-13T12:15:00+05:30,live price not above pivot
SHILPAMED,Shilpa Medicare Limited,,SHILPAMED.NS,805.2000122070312,2026-08-12,0.68311041488278,1.370326709662582,1.04677179638926,0.9610208298679814,0.9488680331370767,98,True,3,True,True,True,False,False,805.2000122070312,612.6539978027344,450.8576658121745,424.3347494506836,394.7904998779297,825.4000244140625,259.5,2.4472996861577334,210.28902204509876,76.3486905119116,45.58603168574479,38.14226350026151,3.5084452810205757,3.82296371159843,5.01676609641144,825.4000244140625,2.4472996861577387,5568255.1,1923228.64,2.895264236497643,,,False,UNAVAILABLE,,quote has no finite close
INDOTECH,Indo Tech Transformers Limited,,INDOTECH.NS,3539.0,2026-08-12,0.3612585327841751,1.4600306270397203,1.2264863164517146,1.2179744636185554,0.9254016945356682,97,True,3,True,True,True,False,False,3539.0,3159.5859912109377,2227.5019954427084,2081.4239953613283,1905.3719970703125,3976.800048828125,1100.0,11.008852430414118,221.72727272727272,74.66619657158715,37.05541477064194,25.451105641265777,4.394292007364368,4.987001357087983,4.9542244951345715,3976.800048828125,11.008852430414121,21932.2,27244.86,0.8050032189557957,3435.699951171875,-13.606419508461343,False,LIVE,2026-08-13T12:15:00+05:30,live price not above pivot
PAISALO,Paisalo Digital Limited,,PAISALO.NS,68.75,2026-08-12,0.4712176476240102,1.004957660087677,1.1238802060101576,1.245894576020791,0.8634335474733292,97,True,3,True,True,True,False,False,68.75,66.53039978027344,48.454399757385254,45.411299810409545,42.173199796676634,77.38999938964844,29.783536082586807,11.164232404431463,130.83222827995655,59.20592145223742,15.249438020970324,9.875454745449863,4.132944668856534,4.605089222301136,3.6858154296875,77.38999938964844,11.164232404431457,10953177.2,16045368.24,0.6826379448677582,69.5199966430664,-10.169276145045059,False,LIVE,2026-08-13T12:14:00+05:30,live price not above pivot
PARAS,Paras Defence and Space Technologies Limited,,PARAS.NS,1280.699951171875,2026-08-12,0.6998936948109424,0.9241286029862845,0.8228010186078181,0.9728874728578556,0.8239208968147687,97,True,3,True,True,True,False,False,1280.699951171875,1218.1190075683594,880.492002360026,833.8080032348632,780.3462530517578,1443.0,580.5,11.247404631193692,120.62014662736864,87.76837996096292,22.787224056113363,16.279067304022547,5.152104743137632,3.6936841406953103,4.100103378984919,1443.0,11.247404631193694,1013798.8,3645470.36,0.2780982150133296,1312.300048828125,-9.057515673726613,False,LIVE,2026-08-13T12:14:00+05:30,live price not above pivot
AETHER,Aether Industries Limited,,AETHER.NS,1612.699951171875,2026-08-12,0.45092213330802977,0.6435996036571578,1.2013377080473266,1.1550076886274705,0.780357853389603,96,True,3,True,True,True,False,False,1612.699951171875,1376.72599609375,1170.48900390625,1088.3282537841797,1011.5867547607422,1645.0,726.4500122070312,1.9635288041413346,121.99737408941927,57.86948176583493,26.053639846743295,17.483220780235246,3.4019965426404397,3.349352649615426,3.8513059866153347,1645.0,1.9635288041413372,568426.3,431322.08,1.3178696995989634,1596.800048828125,-2.9300882171352627,False,LIVE,2026-08-13T12:15:00+05:30,live price not above pivot
AVALON,Avalon Technologies Limited,,AVALON.NS,1963.9000244140625,2026-08-12,0.4843171798445127,0.863459511262402,0.9316415863425329,1.0535369629834705,0.7634544840554862,96,True,3,True,True,True,False,False,1963.9000244140625,1742.05400390625,1290.8756701660157,1210.2087524414062,1144.8397528076173,2004.0,777.2999877929688,2.0009967857254285,152.65663903974493,53.5632183908046,23.627390499691547,22.99005584712967,4.457049667680221,4.58169956009562,5.378074546118044,2004.0,2.000996785725424,647356.8,399256.04,1.6214076560995798,1919.9000244140625,-4.19660556816055,False,LIVE,2026-08-13T12:14:00+05:30,live price not above pivot
HAPPYFORGE,Happy Forgings Limited,,HAPPYFORGE.NS,2022.699951171875,2026-08-12,0.4624147856599321,0.7632908517855042,1.020510612493677,1.0792456874051348,0.757575344600836,96,True,3,True,True,True,False,False,2022.699951171875,1570.769384765625,1360.9289835611978,1284.2150830078126,1207.403212890625,2040.0,859.888472776414,0.8480416092218168,135.22817379339523,54.55925175905213,39.09595376137967,31.2487895460128,2.8172224132516512,3.3518348033567875,4.019380737114723,2040.0,0.8480416092218137,162306.2,116351.84,1.3949603203524759,2010.300048828125,-1.455879959405637,False,LIVE,2026-08-13T12:15:00+05:30,live price not above pivot
SENORES,Senores Pharmaceuticals Limited,,SENORES.NS,1492.4000244140625,2026-08-12,0.42085976969869265,0.8014364203317905,0.9507222380584142,1.2356378573957962,0.7659032110366772,96,True,3,True,True,True,False,False,1492.4000244140625,1323.5160009765625,1013.135,959.1732510375977,893.2497509765625,1509.800048828125,632.0499877929688,1.1524721056651144,136.12056850524073,50.82917570710539,17.980785061805907,17.293120049389017,3.890915078276237,3.9118205595881674,3.6752888843302007,1509.800048828125,1.15247210566512,264982.3,337617.34,0.7848598653137898,1480.4000244140625,-1.9472793392000587,False,LIVE,2026-08-13T12:14:00+05:30,live price not above pivot
UNIPARTS,Uniparts India Limited,,UNIPARTS.NS,813.5499877929688,2026-08-12,0.5316662491582802,0.5909527977975026,0.7327453000048294,1.5725379913530149,0.7919137174943816,96,True,3,True,True,True,False,False,813.5499877929688,683.1205981445313,552.053526204427,533.1063705444336,503.7103240966797,829.6338367870466,306.5444705515278,1.938668395730614,165.39378979149362,56.23835538916664,31.329740179035127,27.121208813481363,3.3408752209363244,3.7744649408334823,4.490836069535373,829.6338367870466,1.9386683957306183,334888.2,192923.6,1.73585916912187,819.4500122070312,-1.2275083450615454,False,LIVE,2026-08-13T12:15:00+05:30,live price not above pivot
BLSE,BLS E-Services Limited,,BLSE.NS,316.6499938964844,2026-08-12,0.6484460405709516,0.8808736248382942,0.5994577313553533,0.6926388470074258,0.6939724568685953,95,True,3,False,True,True,False,True,316.6499938964844,261.81859893798827,202.86992014567056,203.5922589111328,192.20463180541992,324.8999938964844,124.30000305175781,2.53924289165377,154.74656968804186,59.875992493294525,30.298771182546027,27.888207043356044,3.487572989441872,4.121427918134439,3.8338858751461427,324.8999938964844,2.539242891653766,621418.0,934080.0,0.6652727817745804,315.45001220703125,-2.9085816765093475,False,LIVE,2026-08-13T12:13:00+05:30,live price not above pivot
GRWRHITECH,Garware Hi-Tech Films Limited,,GRWRHITECH.NS,7132.5,2026-08-12,0.32000224468047334,0.6657325399166709,1.0623102501084287,1.185444463744464,0.710698348626102,95,True,3,True,True,True,False,False,7132.5,6788.46,5005.910670572916,4644.163500976562,4249.513502197266,7990.0,2671.6173087131406,10.732165206508137,166.9731168733732,51.872267629728185,20.141342756183743,20.006007810153196,3.606589554854539,3.7714686295127935,4.335786890991939,7990.0,10.732165206508135,117198.3,70799.06,1.6553651983515036,,,False,UNAVAILABLE,,quote has no finite close
RISHABH,Rishabh Instruments Limited,,RISHABH.NS,668.2999877929688,2026-08-12,0.3999179822482388,0.5043660843182924,0.7990627624797411,1.3647997017820725,0.6936129026153168,95,True,3,True,True,True,False,False,668.2999877929688,608.4263360595703,490.88728088378906,468.50480224609373,443.79345291137696,690.6084995263309,277.12061275848885,3.2302689220684244,141.158527018484,42.43421213100753,17.215126965366277,15.23450790737542,4.010218822275894,3.8111633606526056,4.129132967414642,690.6084995263309,3.2302689220684258,181659.6,219626.66,0.8271290926156233,667.2000122070312,-3.3895452105432877,False,LIVE,2026-08-13T12:14:00+05:30,live price not above pivot
SOTL,Savita Oil Technologies Limited,,SOTL.NS,695.9000244140625,2026-08-12,0.7006353950497388,0.8836107766159613,0.7919402947777183,0.6426545776847521,0.7438952878355819,95,True,3,True,True,True,False,False,695.9000244140625,595.8960009765625,444.3913336181641,428.0195001220703,403.5930000305176,814.7999877929688,285.79998779296875,14.592533770277537,143.49197135661424,98.19994543804526,62.92741008771622,39.1631063694225,5.551516599474496,6.1657574103904125,6.942808859017126,814.7999877929688,14.59253377027754,1100910.2,853625.68,1.2896873018159434,687.0,-15.684829370105646,False,LIVE,2026-08-13T12:14:00+05:30,live price not above pivot
IOLCP,IOL Chemicals and Pharmaceuticals Limited,,IOLCP.NS,158.4199981689453,2026-08-12,0.4953746886740438,0.9835389892966175,0.8081922210665573,0.6386108583441137,0.6842182892110752,94,True,3,True,True,True,False,False,158.4199981689453,147.28620040893554,106.22346776326498,101.31194828033448,95.78383319854737,179.60000610351562,67.07081715721031,11.792877068368723,136.19810356211636,56.89700724055993,28.038782799678224,24.548930327552142,5.487185631810868,5.273955080674996,5.413457612553316,179.60000610351562,11.792877068368718,3765897.1,4922811.66,0.7649890672437385,165.25999450683594,-7.984415985161252,False,LIVE,2026-08-13T12:14:00+05:30,live price not above pivot
RPEL,Raghav Productivity Enhancers Limited,,RPEL.NS,1281.5999755859375,2026-08-12,0.5538196119708525,0.6846309694420694,0.2855061599225919,1.064952315597314,0.6285457337807361,93,True,3,False,True,True,True,False,1281.5999755859375,1237.2769116210939,913.5644165039063,921.8160012817383,862.9741662597656,1371.800048828125,560.8282002900473,6.575307627320893,128.51917484233564,52.558920465125695,14.06004028614817,10.168791368866314,3.858563965936764,3.8494853778031475,3.7016232322973517,1371.800048828125,6.575307627320898,43493.3,97013.1,0.4483239892344436,1362.800048828125,-0.6560722903959926,False,LIVE,2026-08-13T12:15:00+05:30,live price not above pivot
STYLAMIND,Stylam Industries Limited,,STYLAMIND.NS,3544.699951171875,2026-08-12,0.33570724468754043,0.6008218728296728,0.8303728162029904,1.045294559520988,0.6295807475857464,93,True,3,True,True,True,False,False,3544.699951171875,3306.64798828125,2648.413336588542,2513.974505615234,2354.417007446289,4150.0,1594.0999755859375,14.585543345256024,122.36371654600661,53.61836017027577,39.075067024128685,15.57099409154555,4.1200668829749745,5.108189968641976,3.2693885588291995,4150.0,14.585543345256024,33824.6,88079.26,0.38402457059698275,3597.199951171875,-13.320483104292169,False,LIVE,2026-08-13T12:15:00+05:30,live price not above pivot
GNA,GNA Axles Limited,,GNA.NS,552.5999755859375,2026-08-12,0.499153623292075,0.24971546391752586,0.7792865125933415,0.8620302299763529,0.577867890614274,92,True,3,True,True,True,False,False,552.5999755859375,469.2051611328125,420.0443619791667,392.83437194824216,370.6815524291992,601.6500244140625,289.7233688082436,8.152588188772047,90.73365668051494,74.52833928790204,35.05051053065376,16.11540694632277,4.768441037911753,5.698970476257589,4.717700792529278,601.6500244140625,8.152588188772047,594778.9,704774.06,0.8439284782984209,543.75,-9.623538945327958,False,LIVE,2026-08-13T12:14:00+05:30,live price not above pivot
NRBBEARING,NRB Bearing Limited,,NRBBEARING.NS,461.6499938964844,2026-08-12,0.3307869761284621,0.6761852198137901,0.7443025503915683,0.7439649153711643,0.5652053275666894,92,True,3,True,True,False,False,True,461.6499938964844,425.7290008544922,328.53239786783854,315.2097074890137,299.31775703430174,483.0,211.10343900049978,4.420291118740294,118.68426022912466,38.2171936264942,26.307533396757332,26.307533396757332,4.468536882243793,4.435719627506396,5.309216480589756,483.0,4.420291118740296,767526.8,1028141.64,0.7465185438846733,458.79998779296875,-5.010354494209368,False,LIVE,2026-08-13T12:15:00+05:30,live price not above pivot
PGIL,Pearl Global Industries Limited,,PGIL.NS,2481.89990234375,2026-08-12,0.4927170322338603,0.38901454392845447,0.7748429445194303,0.8780007130809717,0.6054584531993155,92,True,3,True,True,True,False,False,2481.89990234375,1978.8819946289063,1688.9589860026042,1658.2551934814453,1573.446845703125,2539.60009765625,1167.6434241636657,2.272018943681342,112.55632078957936,59.55269055493103,33.57176839192447,32.195103322598776,3.5307631561396366,3.7596199417226006,4.314436886906393,2539.60009765625,2.2720189436813474,350971.4,195664.26,1.793743016736935,2480.199951171875,-2.3389566939769124,False,LIVE,2026-08-13T12:15:00+05:30,live price not above pivot
QUESS,Quess Corp Limited,,QUESS.NS,334.20001220703125,2026-08-12,0.6623683574166062,0.5750731187079616,0.6015369162929622,0.2926480392379054,0.5587989578144084,92,True,3,True,True,True,False,False,334.20001220703125,278.81671264648435,222.8422738647461,218.85460792541505,211.3870322418213,346.17408339803006,162.53922482226787,3.4589738993346497,105.61191464550768,74.20995697295483,30.21610368782497,20.621232826582666,3.8404750569369215,4.2418461334346445,5.764455552646167,346.17408339803006,3.458973899334647,2585035.9,1421880.94,1.8180396313632279,332.5,-3.9500598264912923,False,LIVE,2026-08-13T12:15:00+05:30,live price not above pivot
AKUMS,Akums Drugs and Pharmaceuticals Limited,,AKUMS.NS,750.0,2026-08-12,0.457677528705144,0.6128988858226281,0.6621735137087381,0.50004257322977,0.5380940060342849,91,True,3,True,True,True,False,False,750.0,645.4955187988281,540.7967521158854,514.6640902709961,491.1933169555664,774.8499755859375,407.37371334346585,3.2070692868185313,84.10613533319915,52.90462156466796,24.975802513860888,18.551102284130614,3.1575267195303347,3.2120003255208336,3.5086678059895835,774.8499755859375,3.2070692868185326,480712.0,395052.56,1.2168304895935873,752.5,-2.8844261844412578,False,LIVE,2026-08-13T12:15:00+05:30,live price not above pivot
ARVIND,Arvind Limited,,ARVIND.NS,566.8499755859375,2026-08-12,0.2565949189011101,0.5374286867873541,0.7436172406759225,0.8800994215122304,0.5348670373555455,91,True,3,True,True,True,False,False,566.8499755859375,529.6319946289062,427.8653314208984,403.1929985046387,379.8544987487793,600.0,274.79998779296875,5.52500406901042,106.27729285526604,28.741554707761356,13.872657906630174,13.72412835283892,3.430008495499754,2.945665949197127,3.350093730450391,600.0,5.525004069010417,711722.8,782668.56,0.9093540182577412,555.0999755859375,-7.483337402343748,False,LIVE,2026-08-13T12:15:00+05:30,live price not above pivot
SONACOMS,Sona BLW Precision Forgings Limited,,SONACOMS.NS,804.5,2026-08-12,0.40674457718401724,0.5191834698658095,0.6526332913830581,0.8034081466989762,0.5577428124631757,91,True,3,True,True,True,False,False,804.5,677.5343640136718,581.3799389648437,557.689448852539,525.4904664611817,836.9000244140625,399.83497257584986,3.8714330826727705,101.20801209988804,44.463423977650066,35.67318757192175,18.852516565694074,2.375639161874092,3.0609085339059585,3.404600192035037,836.9000244140625,3.871433082672769,3094409.2,2469286.1,1.253159445557969,802.1500244140625,-4.152228341052977,False,LIVE,2026-08-13T12:14:00+05:30,live price not above pivot
VADILALIND,Vadilal Industries Limited,,VADILALIND.NS,7246.5,2026-08-12,0.7289796865596141,0.5473724346884352,0.37322342239909045,0.3836285825603767,0.5524367625534262,91,True,3,True,True,True,False,False,7246.5,6543.95798828125,5263.178004557291,5252.800004882813,5089.915004882812,7575.0,3996.0,4.3366336633663405,81.34384384384386,82.09134615384616,25.528212776534925,14.339622641509434,3.1467881315548882,3.068377837576761,3.1615262540536806,7575.0,4.336633663366336,21480.7,21790.24,0.9857945575633862,7775.0,2.64026402640265,True,LIVE,2026-08-13T12:15:00+05:30,live price above pivot
ADANIENSOL,Adani Energy Solutions Limited,,ADANIENSOL.NS,1599.0,2026-08-12,0.226603275503505,0.5726579788541923,0.6162943694836307,1.0123333112625614,0.5308984421214789,90,True,3,False,True,True,True,False,1599.0,1599.7220068359375,1282.196669108073,1209.9592514038086,1135.2305014038086,1789.0,744.9000244140625,10.620458356623807,114.65967882841346,34.29922924614502,19.593553767120465,10.177050936020136,3.2208881771810507,3.0306439999120545,2.5909939134322233,1789.0,10.620458356623812,1307642.4,2358524.46,0.554432409829661,1581.9000244140625,-11.576298244043459,False,LIVE,2026-08-13T12:14:00+05:30,live price not above pivot
SHRIPISTON,SPR Auto Technologies Limited,,SHRIPISTON.NS,4478.7001953125,2026-08-12,0.32445557257022895,0.46893683751829096,0.6844696990218009,0.8553659068920605,0.531536717714522,90,True,3,True,True,True,False,False,4478.7001953125,4071.3450390625,3468.704638671875,3315.269971923828,3148.7517272949217,4588.0,2347.4070459972945,2.3822973994659935,90.79350566615203,42.558123796462795,12.365659304868286,12.1760391198044,3.363820781242304,3.819421588760499,4.385198691113689,4588.0,2.3822973994659984,60980.2,67951.8,0.8974037479507533,4469.0,-2.5937227550130726,False,LIVE,2026-08-13T12:15:00+05:30,live price not above pivot
HSCL,Himadri Speciality Chemical Limited,,HSCL.NS,762.4000244140625,2026-08-12,0.28092988704664523,0.6571179429875773,0.6625309566010646,0.6927588372357123,0.514853502183529,89,True,3,True,True,True,False,False,762.4000244140625,706.9230029296875,570.9787913004558,544.2160102844239,513.8819985961914,819.5,417.9330556788151,6.967660230132699,82.42156585957466,42.19575034399518,28.882603045604977,7.997821928274229,4.042366434764035,4.179564719439233,2.979407360179941,819.5,6.967660230132703,3498533.2,11591259.06,0.3018251237325033,778.5,-5.003050640634532,False,LIVE,2026-08-13T12:14:00+05:30,live price not above pivot
QMSMEDI,QMS Medical Allied Services Limited,,QMSMEDI.NS,129.5,2026-08-12,0.5621230110541551,0.41530054644808745,0.3820704825799828,0.6468400552833271,0.5136914212839415,89,True,3,False,True,True,True,False,129.5,105.80320022583008,91.74740010579427,92.45055004119872,91.41630004882812,129.89999389648438,68.94999694824219,0.30792449213132844,87.8172671961249,61.86915127287772,32.079304435032654,21.390516123075585,4.5978377058699325,4.55791458660111,3.948261747028837,129.89999389648438,0.30792449213132755,24352.9,21273.96,1.144728108918133,129.22999572753906,-0.5157799849315081,False,LIVE,2026-08-13T12:05:00+05:30,live price not above pivot
SHIVAUM,Shiv Aum Steels Limited,,SHIVAUM.NS,449.54998779296875,2026-08-12,0.3832307316706731,0.6347272283380683,0.49849995930989577,0.4885761185197641,0.47765295390181495,89,True,3,True,True,True,False,False,449.54998779296875,399.83699890136717,344.99199951171875,331.9392497253418,319.87149978637694,474.0,275.0,5.158230423424315,63.47272283380683,49.43252892771894,29.863013698630137,25.972599395333905,4.871315811018153,4.884884813874335,4.11411313967269,474.0,5.158230423424314,16832.2,18592.5,0.9053220384563668,447.04998779296875,-5.685656583761867,False,LIVE,2026-08-13T12:14:00+05:30,live price not above pivot
SJS,S.J.S. Enterprises Limited,,SJS.NS,2430.300048828125,2026-08-12,0.2793654394284406,0.33537143468088404,0.39219248475470536,1.1132465164740522,0.4799082629533046,89,True,3,True,True,True,False,False,2430.300048828125,2233.90732421875,1917.0309676106772,1860.893276977539,1776.3806555175781,2590.0,1129.4649379983273,6.166021280767375,115.17268638149831,33.81173187892279,23.098859315589355,16.79292414972989,3.2939414588238,3.9990937775032402,4.5558148573676505,2590.0,6.166021280767374,202891.4,109313.64,1.8560483394387013,2429.5,-6.196911196911192,False,LIVE,2026-08-13T12:15:00+05:30,live price not above pivot
TMB,Tamilnad Mercantile Bank Limited,,TMB.NS,856.1500244140625,2026-08-12,0.3027866048669807,0.23354348267505687,0.7035164998246954,1.0162783814820187,0.5117823147431465,89,True,3,True,True,True,False,False,856.1500244140625,795.3639331054687,689.7383032226562,641.8408329772949,599.7724290466308,917.0,405.09227596916213,6.635766148957201,111.34691407427314,37.876662467127176,24.592391304347828,16.370558375634516,3.291573101845189,3.5020148765659087,2.7828059588960334,917.0,6.635766148957198,219951.8,428318.0,0.5135245308392362,844.1500244140625,-7.944381198030259,False,LIVE,2026-08-13T12:15:00+05:30,live price not above pivot
BHARATSE,Bharat Seats Limited,,BHARATSE.NS,235.2899932861328,2026-08-12,0.24905014866727582,0.40596938389862336,0.25534039869603875,1.1985647844870515,0.471594972883253,88,True,3,True,True,True,False,False,235.2899932861328,211.50904327392578,185.71307729085285,184.9039051055908,182.9420344543457,261.4935961713362,104.42653848010723,10.020743631532081,125.31628138852318,53.906437192031575,30.616183894818082,24.615384380868527,5.18719313737385,5.255386688498876,5.571847277214961,261.4935961713362,10.020743631532083,550824.9,1128799.0,0.4879742983471814,248.72999572753906,-4.881037482628892,False,LIVE,2026-08-13T12:15:00+05:30,live price not above pivot
DATAPATTNS,Data Patterns (India) Limited,,DATAPATTNS.NS,4491.0,2026-08-12,0.1610446307431994,0.5845061851273552,0.632673029443902,0.7515525572811534,0.4581642066677619,88,True,3,True,True,True,False,False,4491.0,4436.945698242187,3672.900870768229,3443.605897216797,3277.7350952148436,4945.120600593483,2126.3648658097904,9.183205775385584,111.20552132005237,30.384110225853995,23.921525421896764,17.87752536922025,4.583903315373251,4.684614268402139,3.9514597771932753,4945.120600593483,9.183205775385579,822074.5,1125779.6,0.7302268579036251,4562.5,-7.737336083321466,False,LIVE,2026-08-13T12:14:00+05:30,live price not above pivot
GRANULES,Granules India Limited,,GRANULES.NS,860.2000122070312,2026-08-12,0.1708664584113404,0.48363492697790034,0.5668305480392768,0.9619707916100948,0.47083383668999057,88,True,3,True,True,True,False,False,860.2000122070312,823.8782958984375,699.0992093912761,666.5414041137695,636.3596459960937,908.1083439738012,433.09780531141496,5.275618496921563,98.61564793396087,23.55736904349784,13.113736974150589,8.450010656039462,2.9727131863475633,3.236266672682723,2.941757547104814,908.1083439738012,5.275618496921563,676702.7,1069473.48,0.6327437871577704,,,False,UNAVAILABLE,,quote has no finite close
HIRECT,Hind Rectifiers Limited,,HIRECT.NS,1255.0,2026-08-12,0.3275354204511236,0.7715759263934134,0.5559021032455009,0.35927849676778423,0.46836547346178914,88,True,3,True,True,True,False,False,1255.0,1188.1117797851562,921.6819372558593,884.7647360229493,836.9859936523437,1397.5377365248423,564.6092543150997,10.199204844320043,122.27761773447727,47.34846858192147,39.76023610301233,19.478610757352627,5.027550108492726,5.408239116051208,5.145917042251762,1397.5377365248423,10.199204844320038,158019.0,215999.4,0.7315714765874349,1247.800048828125,-10.714393163297286,False,LIVE,2026-08-13T12:15:00+05:30,live price not above pivot
ICIL,Indo Count Industries Limited,,ICIL.NS,404.3500061035156,2026-08-12,0.39334937661907743,0.359570966425534,0.4863077531590547,0.6901982150137438,0.4645551375672975,88,True,3,True,True,True,False,False,404.3500061035156,397.1620001220703,313.74986724853517,308.06590019226076,294.2248998260498,463.79998779296875,216.89999389648438,12.818021400205481,86.42232249047082,55.454995242081054,20.7183688331181,14.581723010678088,4.8312109648030095,4.38543402471037,4.848522699424842,463.79998779296875,12.818021400205476,564655.7,905704.36,0.6234437250583623,395.04998779296875,-14.823200045164441,False,LIVE,2026-08-13T12:15:00+05:30,live price not above pivot
KRN,KRN Heat Exchanger and Refrigeration Limited,,KRN.NS,1331.9000244140625,2026-08-12,0.13585199739452847,0.8023004389906123,0.7015650263993134,0.5071857033108516,0.4565510326979669,88,True,3,True,True,False,True,False,1331.9000244140625,1227.6379956054689,1039.7423319498698,975.2989984130859,935.7697497558594,1405.0,589.7999877929688,5.202845237433273,125.82232146155712,33.817533844423075,16.956521739130434,16.956521739130434,3.7068849799627435,3.395900897494942,3.336586952985196,1345.0,0.9739758799953532,85556.2,105510.56,0.8108780770379761,1398.4000244140625,3.9702620382202625,True,LIVE,2026-08-13T12:15:00+05:30,live price above pivot
SCHNEIDER,Schneider Electric Infrastructure Limited,,SCHNEIDER.NS,1431.9000244140625,2026-08-12,0.1325634494290222,0.8244251372309255,0.7434555530214038,0.4554787987204083,0.4576972775661564,88,True,3,True,True,True,False,False,1431.9000244140625,1330.4520068359375,1085.1940026855468,1004.5097528076171,952.990751953125,1548.0,571.8499755859375,7.499998422864184,150.39784655877403,45.188526626602446,24.537409493161704,16.210780370072406,4.476150936157969,3.8623509979646418,3.92974414168647,1548.0,7.499998422864179,370488.0,519861.86,0.7126662456060924,,,False,UNAVAILABLE,,quote has no finite close
LLOYDSENGG,LLOYDS ENGINEERING WORKS LIMITED,,LLOYDSENGG.NS,92.41000366210938,2026-08-12,0.3091090587365055,0.6501786368233817,0.585893305923203,0.34517552724809253,0.43989311749353766,87,True,3,True,True,True,False,False,92.41000366210938,85.56539993286133,64.06853345235189,61.9329001045227,58.87250015258789,99.75,37.400001525878906,7.358392318687345,147.08556120824306,49.977442183335114,23.14814814814815,17.518853944099583,4.804024879040954,4.458392267603582,5.050318005634574,99.75,7.358392318687343,17850140.6,19604298.6,0.910521766894532,91.6500015258789,-8.12029922217653,False,LIVE,2026-08-13T12:14:00+05:30,live price not above pivot
NEOGEN,Neogen Chemicals Limited,,NEOGEN.NS,2067.211658535841,2026-08-12,0.24231132298903302,0.5732542138912229,0.6693840587742577,0.4617291887907855,0.4377980214868664,87,True,3,True,True,True,False,False,2067.211658535841,2027.6086510253567,1631.567980400082,1524.6445979080024,1465.0495875061495,2372.865580324274,966.2380730687111,12.88121519916281,113.9443389940646,42.745477412661295,23.64583333333333,12.977099236641209,4.62440660263356,5.04061278566443,4.279566165805745,2372.865580324274,12.881215199162815,158064.4,141561.34,1.1165788625623352,2152.89990234375,-9.270043773422,False,LIVE,2026-08-13T12:15:00+05:30,live price not above pivot
ORCHPHARMA,Orchid Pharma Limited,,ORCHPHARMA.NS,1063.300048828125,2026-08-12,0.4921415734737056,0.5442597744229938,0.2945761008510219,0.402030609966854,0.4450299264376562,87,True,3,False,True,True,True,False,1063.300048828125,982.5619970703125,754.2356628417969,767.9607476806641,739.1464978027344,1133.0,480.0,6.151805046061343,121.52084350585936,64.20289855072464,23.588764657758386,19.018854506153815,4.780965366841191,3.924575865094229,3.828647408649324,1133.0,6.151805046061341,73203.9,210622.74,0.34755933760998453,1068.0,-5.736981465136804,False,LIVE,2026-08-13T12:10:00+05:30,live price not above pivot
RADICO,Radico Khaitan Limited,,RADICO.NS,4533.0,2026-08-12,0.2983132010483467,0.6438910967196316,0.3937469542321872,0.6010210847058988,0.44705710755088224,87,True,3,True,True,True,False,False,4533.0,3996.698828125,3328.34740234375,3301.2180529785155,3170.1716845703127,4590.2998046875,2494.465428414862,1.248280224071352,81.72230203569306,34.90760746102695,18.550854042729124,13.65222995558211,2.12213712221077,2.413789242546913,2.257444969529009,4590.2998046875,1.2482802240713529,396267.8,400580.92,0.9892328371506062,4623.39990234375,0.7210879259443859,True,LIVE,2026-08-13T12:13:00+05:30,live price above pivot
OFSS,Oracle Financial Services Software Limited,,OFSS.NS,11679.0,2026-08-12,0.2955074875207986,0.6362828497816919,0.4576060312365322,0.4233034675903291,0.42164146473003006,86,True,3,True,True,False,False,True,11679.0,10829.95,8769.877395833333,8538.248552246094,8240.35125,11979.0,6060.863819699785,2.504382669671923,92.69530462043114,32.3646408839779,20.549461608131224,20.438764214551675,3.1999315009846736,3.661272369209693,2.7587978422810173,11979.0,2.504382669671926,219700.3,349842.3,0.6279981008585869,11478.0,-4.182319058352113,False,LIVE,2026-08-13T12:13:00+05:30,live price not above pivot
PARACABLES,Paramount Communications Limited,,PARACABLES.NS,68.22000122070312,2026-08-12,0.21258448730867263,0.7275259134238601,0.6819526358701351,0.29548046749672907,0.42602559828161396,86,True,3,True,True,True,False,False,68.22000122070312,66.64519973754882,49.199799931844076,46.70484998703003,44.61230001449585,75.69999694824219,28.299999237060547,9.881104397736372,141.06008148355335,37.43644595444027,27.226885627297793,20.605045607110032,4.989739236201666,4.0112880256308285,4.632075195275368,75.69999694824219,9.881104397736378,1658381.5,2407350.22,0.6888825257838885,68.9000015258789,-8.982821263536634,False,LIVE,2026-08-13T12:15:00+05:30,live price not above pivot
UNIMECH,Unimech Aerospace and Manufacturing Limited,,UNIMECH.NS,1424.699951171875,2026-08-12,0.5137058358415008,0.405306735378278,0.42741206895181083,0.27069212737904835,0.42616452067842775,86,True,3,True,True,True,False,False,1424.699951171875,1206.7520092773439,1006.0476713053386,996.0517529296875,965.2277526855469,1482.699951171875,695.0,3.9117826876677753,104.99279872976616,61.16303817085598,30.049994116512746,27.259461182823742,4.367235185725613,4.480592816024345,5.079664869127631,1482.699951171875,3.911782687667778,336445.8,198128.22,1.6981215497721627,1443.0,-2.6775445119895935,False,LIVE,2026-08-13T12:15:00+05:30,live price not above pivot
AZAD,Azad Engineering Limited,,AZAD.NS,2479.5,2026-08-12,0.18172722223883553,0.5562040569970965,0.5374837694998758,0.585865046370323,0.4086014634689933,85,True,3,True,True,True,False,False,2479.5,2261.276015625,1919.2240071614583,1850.2780072021485,1775.041004638672,2589.0,1360.0,4.229432213209739,82.31617647058825,32.70117888262429,27.725703009373458,15.066666666666666,3.9689451549581567,3.8344424279088525,4.144383357594777,2589.0,4.2294322132097335,503503.1,579440.78,0.868946607451412,2625.0,1.3904982618771822,True,LIVE,2026-08-13T12:14:00+05:30,live price above pivot
GHCLTEXTIL,GHCL Textiles Limited,,GHCLTEXTIL.NS,115.93000030517578,2026-08-12,0.3321155510646674,0.46547776767370186,0.498031435125988,0.4141416613751365,0.4083763932608322,85,True,3,True,True,True,False,False,115.93000030517578,105.97162094116212,88.97030619303385,85.47991703033448,81.55631698608398,124.9000015258789,64.84792129679248,7.18174628592344,78.77211479855089,40.095503651921014,29.430053394693168,13.442328117049465,4.129387297880216,4.5919948810073095,4.700249954311161,124.9000015258789,7.181746285923437,2045468.2,944007.9,2.1667914007923024,117.76000213623047,-5.716572700096445,False,LIVE,2026-08-13T12:13:00+05:30,live price not above pivot
SEAMECLTD,Seamec Limited,,SEAMECLTD.NS,1521.800048828125,2026-08-12,0.0026353932476734787,0.17495375710231165,0.8331626863496677,0.9114488502944085,0.38496721604834694,84,True,3,True,True,True,False,False,1521.800048828125,1464.5499975585938,1414.4880004882812,1297.275998840332,1241.1972494506836,1709.199951171875,752.5499877929688,10.964188374523609,102.21913142157698,32.019287508384565,18.011486008718492,15.464218186057598,4.019450553664011,3.5756998748494575,3.7284802751932244,1670.0,8.874248573166167,99398.0,68999.9,1.4405528123953804,1533.199951171875,-8.191619690306883,False,LIVE,2026-08-13T12:15:00+05:30,live price not above pivot
ABB,ABB India Limited,,ABB.NS,7710.0,2026-08-12,0.2224988508646446,0.33435596820006697,0.5732991267885352,0.5331932719664265,0.3771692137368636,83,True,3,True,True,True,False,False,7710.0,7125.987900390625,6458.618212890625,6111.629497070313,5877.2154541015625,7832.294844565128,4564.870705303207,1.5614177835757692,68.8985405663946,20.68991372623788,18.003120304048444,11.425543406716718,2.5511352820021287,2.9422783339325487,2.5553961010973,7832.294844565128,1.5614177835757708,379145.9,355451.14,1.0666610887786152,7751.0,-1.0379441297659886,False,LIVE,2026-08-13T12:14:00+05:30,live price not above pivot
DYCL,Dynamic Cables Limited,,DYCL.NS,454.0,2026-08-12,0.47631141261417187,0.4242797712102644,0.1992352842355889,0.11771385999500672,0.33877034813384077,82,True,3,False,True,True,False,True,454.0,373.9113262939453,330.9312576293945,336.7647708892822,336.07189567565916,519.2792793742066,236.47180790832357,12.57113117489993,91.98905950598927,58.21152661313008,40.194310497108546,21.381027809437736,4.3629439847963365,5.308921242600496,4.15638927846228,469.0,3.1982942430703627,592105.0,1368990.4,0.4325121637083796,458.3500061035156,-2.2707876111906944,False,LIVE,2026-08-13T12:15:00+05:30,live price not above pivot
WSTCSTPAPR,West Coast Paper Mills Limited,,WSTCSTPAPR.NS,624.5499877929688,2026-08-12,0.3438089817462249,0.403450298417217,0.4130867819231261,0.23699174111997223,0.348229356990553,82,True,3,True,True,True,False,False,624.5499877929688,534.0383148193359,472.9159440104167,460.4703317260742,450.8323432922363,645.0,373.1221844471916,3.170544528221897,67.38484438235326,35.95765758094125,27.356802661026062,19.272512262045463,3.097602762987769,3.5731811929399933,3.4415225582310582,645.0,3.170544528221899,411897.6,240509.76,1.712602432433511,616.4500122070312,-4.4263546965843,False,LIVE,2026-08-13T12:15:00+05:30,live price not above pivot
DIVISLAB,Divi's Laboratories Limited,,DIVISLAB.NS,8600.0,2026-08-12,0.2773409771113098,0.412523668641426,0.2905124241715509,0.4079178271215871,0.3331271748314367,81,True,3,True,True,True,False,False,8600.0,7165.96712890625,6593.463037109375,6558.255112304688,6390.315791015625,8674.0,5613.352076705792,0.8531242794558414,53.20613926370585,35.02471281840907,33.07515426231718,20.858297338720913,1.9142966894816977,2.2850076128019245,2.638953488372093,8674.0,0.853124279455845,665771.1,454502.3,1.4648354914815613,8436.5,-2.7380677887940963,False,LIVE,2026-08-13T12:14:00+05:30,live price not above pivot
GOLDIAM,Goldiam International Limited,,GOLDIAM.NS,371.54998779296875,2026-08-12,0.30850491924637535,0.21357527322501046,0.40852851029595194,0.382936055159554,0.32440993543465346,81,True,3,True,True,True,False,False,371.54998779296875,350.2859997558594,294.48625813802084,289.94018478393554,281.55613189697266,398.20001220703125,198.75,6.692622701429418,86.94339008451257,39.57239020142886,30.130722943474264,18.865675285680968,5.039025211602512,4.767865165770701,5.66545735300761,398.20001220703125,6.692622701429421,1808302.9,1620628.98,1.115803137125192,367.79998779296875,-7.6343604927508135,False,LIVE,2026-08-13T12:15:00+05:30,live price not above pivot
RAMRAT,Ram Ratna Wires Limited,,RAMRAT.NS,473.95001220703125,2026-08-12,0.13411740994018095,0.4661221100520936,0.5320787245536367,0.3916981620372295,0.33162676330466434,81,True,3,True,True,True,False,False,473.95001220703125,414.40135498046874,370.2092740885417,354.72877761840823,342.3791345214844,516.9102884316486,266.4076130636512,8.310973332522098,77.90407967575356,46.89265876161249,21.591251984548283,18.549889263051632,3.720938275672297,4.5029921927942596,4.777929652010117,475.79998779296875,0.38881371025643363,362821.5,215047.02,1.6871728796799883,474.0,-0.37830765850123127,False,LIVE,2026-08-13T12:15:00+05:30,live price not above pivot
EMCURE,Emcure Pharmaceuticals Limited,,EMCURE.NS,2009.5999755859375,2026-08-12,0.17872012834101159,0.3305965110344995,0.4671826292076471,0.43767805984793284,0.31857949135442054,80,True,3,True,True,True,False,False,2009.5999755859375,1843.325986328125,1662.3273282877603,1593.98099609375,1537.5319995117188,2048.0,1260.0,1.8750011920928955,59.49206155443949,22.855428914217157,16.961736150770985,10.380509488608032,2.8244431954212943,2.8886348929512717,2.776174518271459,2048.0,1.8750011920928955,167254.2,192527.46,0.8687290633762063,2012.9000244140625,-1.7138659954071045,False,LIVE,2026-08-13T12:15:00+05:30,live price not above pivot
ITDC,India Tourism Development Corporation Limited,,ITDC.NS,721.0499877929688,2026-08-12,0.31494487078711586,0.32826751445403857,0.2316166585679147,0.28707022968294127,0.29536882885582527,80,True,3,False,True,True,True,False,721.0499877929688,667.2680053710938,575.1833333333333,576.9912503051758,566.0289996337891,822.0,368.0,12.28102338285052,95.93749668287195,55.094339622641506,41.01903681103521,14.929172141365523,5.071771097971733,4.647736019326064,3.6328958547474146,822.0,12.281023382850517,483933.5,2645607.18,0.1829196351062216,713.4500122070312,-13.20559462201566,False,LIVE,2026-08-13T12:15:00+05:30,live price not above pivot
TITAN,Titan Company Limited,,TITAN.NS,5099.0,2026-08-12,0.22705887108372913,0.19831609811760176,0.34186641693626485,0.49771103501346614,0.2984022584469582,80,True,3,True,True,True,False,False,5099.0,4552.449028320312,4312.311022135416,4200.35961303711,4068.0297082519533,5168.0,3292.2971645749917,1.3351393188854477,54.876663469660954,30.840764823635823,18.294304570100536,12.247776772507775,1.8032614550378117,1.7786824775691312,2.2274971195332416,5168.0,1.3351393188854488,1289960.0,957786.06,1.3468143397284358,5027.2998046875,-2.7225269990808876,False,LIVE,2026-08-13T12:13:00+05:30,live price not above pivot
GVPIL,GE Power India Limited,,GVPIL.NS,794.0,2026-08-12,0.15153881568389105,1.3397143471732917,1.7631372999648578,1.5426998238625362,0.9897258204736936,98,True,2,False,False,True,True,False,794.0,856.5189868164063,608.5409493001303,537.2683734130859,492.4130729675293,1073.741134374155,268.33621123095884,26.05294008198783,195.8974475929373,59.658297750837754,34.96761433174297,15.40452769475366,5.857228998252153,4.936067584074584,4.883899697748693,1073.741134374155,26.05294008198783,209065.9,316793.32,0.6599441553881249,811.0,-24.469690688277247,False,LIVE,2026-08-13T12:15:00+05:30,live price not above pivot
SAKAR,Sakar Healthcare Limited,,SAKAR.NS,935.7999877929688,2026-08-12,0.3431892800295899,1.01789754780155,1.3123300211669977,1.777266519931116,0.9587745297917688,98,True,2,True,True,False,False,False,935.7999877929688,847.1230004882813,648.1136659749349,584.4289994812011,532.2199996948242,980.0,311.0,4.510205327248085,200.90031761831796,32.432432432432435,24.74542139198385,24.74542139198385,4.985360889117486,5.235627795637493,5.159222645073778,980.0,4.510205327248086,133041.2,151756.96,0.8766728063081919,913.4500122070312,-6.790815080915181,False,LIVE,2026-08-13T12:15:00+05:30,live price not above pivot
SANSERA,Sansera Engineering Limited,,SANSERA.NS,3878.300048828125,2026-08-12,0.626121613764413,0.9057985497926904,1.5069812856031835,2.0559476067764995,1.14419413394024,98,True,2,True,True,False,False,False,3878.300048828125,3215.9080029296874,2565.176667480469,2336.1699987792967,2135.931499633789,3938.0,1213.621511341324,1.5159967285900189,219.56421442643457,43.722627737226276,28.23184630413546,26.995392435065234,3.1029062510209773,3.591908906710434,3.97906344502354,3938.0,1.5159967285900202,258361.3,265109.12,0.9745470091711669,,,False,UNAVAILABLE,,quote has no finite close
UNIVCABLES,Universal Cables Limited,,UNIVCABLES.NS,1700.199951171875,2026-08-12,0.7000434774436044,1.324821086243316,1.3784496113043674,1.425508168087188,1.1057731641044162,98,True,2,True,True,False,False,False,1700.199951171875,1262.3770263671875,956.6616711425781,932.0803866577148,866.5671804809571,1774.9000244140625,573.9009093095138,4.208691882059545,196.2532248323953,80.10230716769787,65.4031477697605,51.99590251090945,4.526314044117815,4.67380417643407,5.9787092769275905,1774.9000244140625,4.208691882059544,371644.7,231179.2,1.6076044038564024,1704.5,-3.966421964375333,False,LIVE,2026-08-13T12:15:00+05:30,live price not above pivot
AEGISLOG,Aegis Logistics Limited,,AEGISLOG.NS,1264.5,2026-08-12,0.8856897574274134,0.7647502568217479,0.651816354183983,0.7850702359395432,0.7946032723600203,97,True,2,True,False,True,False,False,1264.5,1185.65244140625,848.516426595052,824.7053732299805,771.1953918457032,1497.800048828125,573.0465115667306,15.576181147187063,120.66271663408435,113.58596193132013,28.6327737395774,22.53947386029596,5.8006762989108775,5.9493865303108935,6.300513651023132,1497.800048828125,15.576181147187059,1328233.9,3507082.34,0.3787290320648702,1258.5999755859375,-15.970093833909072,False,LIVE,2026-08-13T12:14:00+05:30,live price not above pivot
SBCL,Shivalik Bimetal Controls Limited,,SBCL.NS,1026.6500244140625,2026-08-12,0.7075260281314968,0.9978518557230003,1.0444194769436885,0.986475939097085,0.8887598656053536,97,True,2,True,True,False,False,False,1026.6500244140625,763.2940002441406,593.292430826823,558.0772943115235,527.9455215454102,1105.050048828125,368.6000061035156,7.094703493041199,178.5268603945014,66.80000737028303,60.60607055204683,53.69263544202016,3.812984575967827,4.313788053411066,5.893928255022968,1105.050048828125,7.094703493041203,2110510.3,765497.84,2.757042789304278,1035.3499755859375,-6.307413253915739,False,LIVE,2026-08-13T12:15:00+05:30,live price not above pivot
VINDHYATEL,Vindhya Telelinks Limited,,VINDHYATEL.NS,2563.0,2026-08-12,0.6163826359603615,1.2358085745145608,0.9219462353652053,0.7051992339470512,0.819143863149508,97,True,2,True,True,False,False,False,2563.0,2073.037607421875,1566.6024283854167,1535.3590850830078,1467.1503491210938,2598.699951171875,960.833530571369,1.373761951847352,166.74756016017542,65.7233371809237,48.80100872782672,44.03279969172904,5.015226034445906,5.118125689650331,6.923916236618465,2598.699951171875,1.3737619518473545,160143.6,80900.34,1.9795170205712362,2543.300048828125,-2.1318314305107666,False,LIVE,2026-08-13T12:14:00+05:30,live price not above pivot
APARINDS,Apar Industries Limited,,APARINDS.NS,18000.0,2026-08-12,0.42292490118577075,0.9010402914928446,1.1099519399835893,1.0715847623431927,0.7856853592382337,96,True,2,True,True,False,False,False,18000.0,14867.14,11917.316666666668,11140.31,10510.71,18465.0,6801.0,2.5182778229081992,164.66696074106747,48.76732194650339,39.02273753952718,39.02273753952718,3.8397777777777775,3.8913888888888892,4.2027777777777775,18465.0,2.518277822908205,208161.3,170597.1,1.220192488617919,17213.0,-6.7803953425399355,False,LIVE,2026-08-13T12:14:00+05:30,live price not above pivot
BETA,Beta Drugs Limited,,BETA.NS,2559.0,2026-08-12,1.0119505864298395,0.811809654323397,0.5142011834319526,0.4790198082405295,0.7657863637711116,96,True,2,False,True,True,False,False,2559.0,2126.577990722656,1591.447998046875,1609.8509979248047,1552.7724993896484,2807.89990234375,990.0999755859375,8.864272623678415,158.45874791438038,131.10287262088477,41.813126380997474,35.49025451932309,5.652988971980022,6.8884325046099555,6.865572107634818,2807.89990234375,8.864272623678415,54910.9,55759.38,0.9847831880483607,2605.0,-7.226037586823864,False,LIVE,2026-08-13T12:13:00+05:30,live price not above pivot
TDPOWERSYS,TD Power Systems Limited,,TDPOWERSYS.NS,1480.0999755859375,2026-08-12,0.12982941177018725,0.7384949253424464,0.9046671967279567,1.9199886210555626,0.7645619133332682,96,True,2,True,True,False,False,False,1480.0999755859375,1189.2866357421874,1023.080244954427,950.7037460327149,895.7782086181641,1530.0,465.2271257895378,3.2614395041870914,218.14567413154532,64.67678268543162,64.67678268543162,64.67678268543162,4.4314175414995205,4.562037852622732,6.114379436048637,1530.0,3.2614395041870914,2631873.6,1311119.14,2.007348927878515,1486.5999755859375,-2.8366029028799034,False,LIVE,2026-08-13T12:14:00+05:30,live price not above pivot
FILATEX,Filatex India Limited,,FILATEX.NS,83.51000213623047,2026-08-12,0.9705049559109038,0.6010353217125972,0.42678974676092896,0.5447005478441194,0.7027071056278906,95,True,2,False,True,True,False,False,83.51000213623047,63.405599670410155,50.60899991353353,51.49469993591308,49.237799949645996,85.69999694824219,36.2599983215332,2.5554199416533807,130.30889686124885,104.63227020662305,66.18188376069236,27.094759840397092,4.079032156832794,4.8754634530450565,5.277211224774966,85.69999694824219,2.55541994165338,5904973.1,4816148.92,1.2260777642232872,81.80000305175781,-4.550751499839311,False,LIVE,2026-08-13T12:15:00+05:30,live price not above pivot
KERNEX,Kernex Microsystems (India) Limited,,KERNEX.NS,2170.5,2026-08-12,0.5450597412853286,0.8138893901758391,0.6729612757485885,1.0991295938104448,0.735219948461106,95,True,2,True,False,True,False,False,2170.5,2155.189997558594,1527.1009989420572,1445.7177502441407,1337.7882498168944,2580.0,850.0,15.872093023255818,155.3529411764706,91.38046485600077,29.84398590840463,21.63499510705884,5.34862955054279,5.9511625390535015,6.880900768112186,2580.0,15.872093023255815,252422.0,228278.64,1.1057626767007198,,,False,UNAVAILABLE,,quote has no finite close
SPORTKING,Sportking India Limited,,SPORTKING.NS,203.52999877929688,2026-08-12,0.3769704495030184,0.874815800999299,1.055650887667436,0.8780121701169408,0.7124839515579425,95,True,2,True,False,True,False,False,203.52999877929688,191.47220001220703,146.465999806722,133.34324977874755,122.59279975891113,241.50999450683594,78.16999816894531,15.72605548068282,160.36843232286716,57.63330325928159,43.721735394026645,24.233540169469894,4.981673259341238,5.683682669365213,7.4726090752647485,241.50999450683594,15.726055480682824,1897651.6,730316.68,2.598395534386535,203.10000610351562,-15.904098909758835,False,LIVE,2026-08-13T12:15:00+05:30,live price not above pivot
CYIENTDLM,Cyient DLM Limited,,CYIENTDLM.NS,688.9500122070312,2026-08-12,0.6551351644613364,0.8834063291356784,0.5792550423083811,0.5903739445828411,0.6726611289899146,94,True,2,False,True,True,False,False,688.9500122070312,552.94,424.81333333333333,426.7255004882812,405.3352507019043,734.9500122070312,265.20001220703125,6.258929074899056,159.785060518472,78.8199543082801,59.80648444462818,10.153846153846153,4.080267053941718,5.279411578403043,4.262284349317583,734.9500122070312,6.25892907489905,512300.7,798465.76,0.64160634765353,725.5999755859375,-1.2722003491116185,False,LIVE,2026-08-13T12:15:00+05:30,live price not above pivot
KRISHANA,Krishana Phoschem Limited,,KRISHANA.NS,186.25,2026-08-12,0.39167427145656686,0.8127496533543705,0.8339755185555833,0.8201147607193298,0.6500376951084834,94,True,2,True,True,False,False,False,186.25,149.52341369628905,124.08675435384114,118.82073097229004,112.68019943237304,193.89999389648438,86.13667447448749,3.9453296221187095,116.22613263896638,53.58415358137376,53.58415358137376,35.16904706972208,3.776237053615289,4.549798543021184,4.219062139523909,193.89999389648438,3.945329622118713,1469222.8,1608398.72,0.9134692671230179,187.80999755859375,-3.140792434032691,False,LIVE,2026-08-13T12:15:00+05:30,live price not above pivot
MARINE,Marine Electricals (India) Limited,,MARINE.NS,347.0,2026-08-12,0.5862857142857143,0.7746637455446099,0.4629005247235165,0.9954287896400873,0.6811128976959285,94,True,2,True,True,False,False,False,347.0,270.25700012207034,224.31773345947266,224.16630020141602,217.49860023498536,363.8500061035156,150.86000061035156,4.631030870100295,130.0145821265428,59.40854593801341,50.97510626701893,50.97510626701893,4.091353886409177,4.400575401460059,5.367434279032331,363.8500061035156,4.631030870100298,1745116.9,980266.18,1.7802479934582665,357.1000061035156,-1.855160062325134,False,LIVE,2026-08-13T12:15:00+05:30,live price not above pivot
MOREPENLAB,Morepen Laboratories Limited,,MOREPENLAB.NS,73.45999908447266,2026-08-12,0.7515498686185111,0.840180422192977,0.584897551301713,0.48170845339724777,0.681977232825792,94,True,2,True,True,False,False,False,73.45999908447266,57.99079986572266,46.09806668599447,45.501450023651124,44.01665002822876,83.5,33.04999923706055,12.023953192248316,122.26929131695243,101.78829831964342,62.514593741060466,62.514593741060466,4.622924492568922,5.4206373670633035,7.267900905941279,83.5,12.023953192248316,37331717.7,17887359.12,2.0870446805229683,79.38999938964844,-4.922156419582713,False,LIVE,2026-08-13T12:14:00+05:30,live price not above pivot
SYRMA,Syrma SGS Technology Limited,,SYRMA.NS,1473.300048828125,2026-08-12,0.45403409704231423,0.6847341896262149,0.7728176047999096,1.0777409345352593,0.6886721846092025,94,True,2,True,True,False,False,False,1473.300048828125,1364.7480053710938,1035.1380037434897,972.9900030517579,914.7617517089843,1543.0,634.5,4.517171171216782,132.19858925581164,52.92368681863231,22.75258552108194,22.75258552108194,3.709224597933562,3.9048400922872406,4.086744571380184,1543.0,4.517171171216786,2367007.9,1407266.46,1.6819898486033698,1480.5,-4.05055087491899,False,LIVE,2026-08-13T12:14:00+05:30,live price not above pivot
TFCILTD,Tourism Finance Corporation of India Limited,,TFCILTD.NS,115.0999984741211,2026-08-12,0.520475602565976,0.666907941884457,0.6734515922784048,1.0575385454669441,0.6877698569523516,94,True,2,True,True,False,False,False,115.0999984741211,85.68379989624023,75.280066502889,73.12809984207153,70.57034978866577,118.0,51.0,2.457628411761781,125.68627151788449,65.73034418214708,60.82867055023665,47.610703522921014,3.0194609219556674,3.478713624408548,2.992179638504567,118.0,2.457628411761785,14776514.0,10557559.2,1.3996146003140575,115.30000305175781,-2.288133006984905,False,LIVE,2026-08-13T12:14:00+05:30,live price not above pivot
CHENNPETRO,Chennai Petroleum Corporation Limited,,CHENNPETRO.NS,1379.5,2026-08-12,0.4268161460059179,0.5793017169190935,0.4053192240122092,1.2632181863916085,0.6202942838669494,93,True,2,True,True,False,False,False,1379.5,1148.0677392578125,997.2734399414062,968.5683825683594,919.4633288574219,1449.0,590.2313656612589,4.796411318150451,133.7219064009743,50.00379368074429,40.017420874294544,31.49463436153963,4.11721015545284,5.257103362444893,5.314358071244471,1449.0,4.796411318150449,3500483.5,1829835.42,1.913004558628557,1326.300048828125,-8.467905532910624,False,LIVE,2026-08-13T12:14:00+05:30,live price not above pivot
PRECWIRE,Precision Wires India Limited,,PRECWIRE.NS,421.8500061035156,2026-08-12,0.12353651795371268,0.6327698030248428,0.8371509236337076,1.4365711443282425,0.6307129813788437,93,True,2,True,True,False,False,False,421.8500061035156,395.292744140625,348.22724314371743,321.1549918365479,302.88169120788575,466.7742735923595,167.8243305359414,9.624409490930274,151.36403330574996,32.699404050410784,27.077769633755917,27.077769633755917,4.230158599816456,4.263057184477856,5.422015758291463,450.5994159893963,6.38025902069904,582961.6,358463.38,1.6262793705733622,462.95001220703125,2.7409259265275265,True,LIVE,2026-08-13T12:15:00+05:30,live price above pivot
RATEGAIN,Rategain Travel Technologies Limited,,RATEGAIN.NS,934.25,2026-08-12,0.49396343883220073,0.575729400455463,0.3842791023916483,1.1866588648332357,0.6269188490689497,93,True,2,True,True,False,False,False,934.25,893.4380053710937,690.6353342692057,687.0285011291504,660.7475004577636,1050.0,417.6000061035156,11.023809523809526,123.7188664619933,67.31734848609369,23.435016735966364,23.435016735966364,3.963071982873963,4.501739820440025,5.114263300274284,1050.0,11.023809523809524,903772.6,541752.02,1.6682403879177043,906.5,-13.666666666666671,False,LIVE,2026-08-13T12:14:00+05:30,live price not above pivot
CONFIPET,Confidence Petroleum India Limited,,CONFIPET.NS,73.81999969482422,2026-08-12,0.19818209646992213,1.162906457210398,0.8276801389044726,0.4851949970459528,0.5744291572201335,92,True,2,False,True,True,False,False,73.81999969482422,75.02720016479492,54.39240010579427,50.28060009002686,46.79180013656616,86.4000015258789,28.059999465942383,14.560187047319284,163.0791200991386,52.21988033974464,26.593408829126602,19.155977079620214,5.928203697186829,6.115551428392779,6.624221312386087,86.4000015258789,14.560187047319287,4290821.4,3318589.54,1.2929653843240885,72.13999938964844,-16.504631810636315,False,LIVE,2026-08-13T12:15:00+05:30,live price not above pivot
GANDHAR,Gandhar Oil Refinery (India) Limited,,GANDHAR.NS,236.5,2026-08-12,0.5915503761422869,0.5376237188630053,0.7735095576107884,0.501455948629556,0.5991379954775847,92,True,2,True,False,True,False,False,236.5,199.73661468505858,162.05285466512044,155.6070464324951,145.77766830444335,300.3749196686875,113.93974378848462,21.265064253414135,107.5658520340661,99.45396921846974,64.76631649837317,40.55170115137481,4.957066840251962,7.455313780130016,5.133110720707327,300.3749196686875,21.265064253414135,3115680.5,3570359.9,0.8726516618114606,244.50999450683594,-18.598398702351837,False,LIVE,2026-08-13T12:15:00+05:30,live price not above pivot
KDDL,KDDL Limited,,KDDL.NS,3850.60009765625,2026-08-12,0.7136627047869382,0.5096248760608468,0.5144219546975186,0.44889618989105573,0.5800536860446596,92,True,2,True,True,False,False,False,3850.60009765625,3207.4659912109373,2652.0873291015623,2597.5896728515627,2519.736224365234,4155.5,1990.0,7.337261517115867,93.49749234453517,55.131223195866184,37.276596939011704,36.4696223316913,3.644003211248653,3.864852005996934,5.290085161999785,4155.5,7.33726151711587,97637.3,42933.96,2.2741275204989244,3946.89990234375,-5.019855556641795,False,LIVE,2026-08-13T12:15:00+05:30,live price not above pivot
MWL,Mangalam Worldwide Limited,,MWL.NS,41.599998474121094,2026-08-12,0.17248080143176714,0.49603991894499533,0.9065295795838977,1.2211144565859633,0.5937291115956782,92,True,2,True,True,False,False,False,41.599998474121094,37.75489143371582,32.23319747924805,30.446637687683104,28.961977472305296,43.939998626708984,18.094867087708703,5.32544430068671,129.89944204883778,27.362314860026043,27.362314860026043,27.362314860026043,3.3437910974621254,4.189285918413152,5.675480207130733,43.939998626708984,5.325444300686706,2713582.6,1075912.16,2.522122809728259,41.529998779296875,-5.484751758611084,False,LIVE,2026-08-13T12:15:00+05:30,live price not above pivot
PANAMAPET,Panama Petrochem Limited,,PANAMAPET.NS,480.54998779296875,2026-08-12,0.6201954750643301,0.5681186772749063,0.7455503418124094,0.3864608012430957,0.5881041540918144,92,True,2,True,False,True,False,False,480.54998779296875,433.6279998779297,336.00119974772133,323.564649810791,304.3446502685547,599.5999755859375,229.0,19.85490204142044,109.84715624147108,102.70453019950739,47.26758800796703,39.16675573676983,5.797523945074835,6.4582249241140754,7.536155916726986,599.5999755859375,19.854902041420438,1414253.6,1129001.1,1.2526591869573909,492.79998779296875,-17.8118732724434,False,LIVE,2026-08-13T12:15:00+05:30,live price not above pivot
GLAND,Gland Pharma Limited,,GLAND.NS,2891.199951171875,2026-08-12,0.559194180675064,0.5449708121858039,0.5485846345047058,0.5020075843909029,0.5427902784863081,91,True,2,True,True,False,False,False,2891.199951171875,2409.5925927734374,2011.8106429036459,1949.0280645751952,1889.4088031005858,2988.39990234375,1561.8007505195303,3.2525751020016647,85.11964155543671,38.89550310841537,28.066719040235377,27.583757637783712,2.9197344247759305,3.1311849002088574,3.4570565325842004,2988.39990234375,3.2525751020016687,1361543.0,788767.28,1.7261656695495786,2931.10009765625,-1.9174075277729963,False,LIVE,2026-08-13T12:13:00+05:30,live price not above pivot
IZMO,IZMO Limited,,IZMO.NS,946.5999755859375,2026-08-12,0.4429877676614902,0.12831511033143772,0.13849294808866253,1.629444376627604,0.556445594074137,91,True,2,False,False,True,True,False,946.5999755859375,1017.4710046386718,818.5593334960937,828.2615002441406,830.6439993286133,1374.699951171875,357.04998779296875,31.14133925886882,165.11693262815973,72.8529447667739,28.92398910565656,24.518924197635137,5.931017118085686,5.785179005298439,5.694591186306563,1175.4000244140625,19.46571754940893,109472.3,139399.38,0.785314109718422,955.6500244140625,-18.695762756134492,False,LIVE,2026-08-13T12:15:00+05:30,live price not above pivot
KTKBANK,The Karnataka Bank Limited,,KTKBANK.NS,313.70001220703125,2026-08-12,0.27468510535136437,0.517658523650496,0.7675232125236935,0.8576021509126615,0.5384308195579159,91,True,2,True,True,False,False,False,313.70001220703125,277.43299987792966,243.06413309733074,231.20684959411622,219.73774978637695,316.79998779296875,164.46822856250571,0.9785276847811497,90.73593419765594,24.23528933057598,21.35606305571396,16.214226228839067,2.8154282938115958,3.2132600768805566,3.603761026262238,316.79998779296875,0.978527684781149,4334787.5,2431021.14,1.7831138646535998,312.54998779296875,-1.3415404557330368,False,LIVE,2026-08-13T12:14:00+05:30,live price not above pivot
MARKSANS,Marksans Pharma Limited,,MARKSANS.NS,312.6000061035156,2026-08-12,0.5068691766792741,0.6717471357844502,0.6119219198142853,0.45836247820096787,0.5511539774316503,91,True,2,True,True,False,False,False,312.6000061035156,261.4878030395508,210.03500040690105,204.22830024719238,194.93934989929198,320.0,155.0,2.3124980926513716,101.67742329259073,52.366438191697675,33.528065157482295,33.38891544035569,3.577926673270673,3.7236084214065484,3.6420341849585833,320.0,2.312498092651367,5639196.5,2912685.16,1.93608172192562,,,False,UNAVAILABLE,,quote has no finite close
NETWEB,Netweb Technologies India Limited,,NETWEB.NS,4837.39990234375,2026-08-12,0.2603606577210742,0.5229094456403909,0.3854695953460392,1.2574437347758618,0.537308818240888,91,True,2,True,True,False,False,False,4837.39990234375,4556.659365234375,3884.1887841796874,3749.4882775878905,3690.7739794921877,5240.733606484226,2033.5668722290495,7.69613062647262,137.87759175292527,39.55345463678381,23.649320458137467,23.649320458137467,4.216715802060467,3.747744018387597,4.324893270703564,5240.733606484226,7.696130626472622,1623841.9,1516326.72,1.070905022368794,5123.2998046875,-2.24078937443849,False,LIVE,2026-08-13T12:14:00+05:30,live price not above pivot
SAILIFE,Sai Life Sciences Limited,,SAILIFE.NS,1465.0,2026-08-12,0.34292782767776697,0.5965562761316747,0.6327667874059626,0.8507990936678194,0.5531955625121981,91,True,2,True,True,False,False,False,1465.0,1265.3620068359376,1080.4683321126302,1033.878748779297,987.9519985961914,1473.699951171875,783.8499755859375,0.5903475239282474,86.89800926572646,33.729578146268146,23.72596602958691,21.162533257459657,2.7584987601322526,3.0092152670381824,3.620478815593003,1473.699951171875,0.5903475239282504,753224.4,491392.98,1.5328350844572507,1458.9000244140625,-1.0042700175190822,False,LIVE,2026-08-13T12:14:00+05:30,live price not above pivot
APOLLO,Apollo Micro Systems Limited,,APOLLO.NS,379.8500061035156,2026-08-12,0.2895943705504478,0.5634904748915821,0.3740278145440954,1.1215576148176192,0.5276529290708385,90,True,2,False,False,True,True,False,379.8500061035156,404.73499938964846,310.2572663370768,298.7031997680664,290.9636996459961,466.5,173.83725514176416,18.574489581239952,118.50897599237183,34.20598153300257,24.732620320855613,9.237964650526404,4.455443412730453,3.138739086159835,3.0064501874961085,466.5,18.574489581239952,4552589.4,12868149.88,0.353787408637177,384.1499938964844,-17.652734427334536,False,LIVE,2026-08-13T12:13:00+05:30,live price not above pivot
BELRISE,Belrise Industries Limited,,BELRISE.NS,261.3500061035156,2026-08-12,0.24773225306219326,0.43622577540424423,0.7305654794712104,0.9146616908231839,0.5153834903646051,90,True,2,True,True,False,False,False,261.3500061035156,235.41220031738283,207.89413401285807,196.5758006286621,188.31050071716308,268.20001220703125,131.99648627773448,2.554066290730783,97.99769938845778,31.08504604410312,22.014473948364607,19.73214830671038,3.028429280666779,2.6343987803711784,2.8081116386345175,268.20001220703125,2.554066290730781,5193075.9,5086028.24,1.021047397880748,256.82000732421875,-4.2431037900281465,False,LIVE,2026-08-13T12:14:00+05:30,live price not above pivot
SHAILY,Shaily Engineering Plastics Limited,,SHAILY.NS,3434.0,2026-08-12,0.2404724702633585,0.5525815734652106,0.3981514854695529,1.168108741589823,0.5199573482102607,90,True,2,True,True,False,False,False,3434.0,2951.289990234375,2472.5353369140626,2467.6775036621093,2394.244006347656,3615.199951171875,1534.610423318069,5.012169551317314,123.77014699112704,37.56992600622192,37.56992600622192,25.61500872730629,3.569947355489225,3.6868092398624057,4.413512934760848,3615.199951171875,5.012169551317311,296565.4,293249.08,1.011308884583713,3426.699951171875,-5.214096109370036,False,LIVE,2026-08-13T12:14:00+05:30,live price not above pivot
CENTUM,Centum Electronics Limited,,CENTUM.NS,3785.0,2026-08-12,0.258967182022142,0.5889744562631689,0.5659333222630691,0.7888993199501895,0.4923482925041423,89,True,2,True,True,False,False,False,3785.0,3611.15859375,3009.371778971354,2851.339482421875,2746.2040783691405,3968.800048828125,2041.2345828168375,4.631123930831338,85.42699755639171,32.03660049876814,16.44348811220612,16.44348811220612,3.920780956389864,3.507530229794651,3.8732588786401214,3968.800048828125,4.631123930831335,31925.5,41314.94,0.772734996105525,3842.89990234375,-3.172247151164742,False,LIVE,2026-08-13T12:14:00+05:30,live price not above pivot
JAYBARMARU,Jay Bharat Maruti Limited,,JAYBARMARU.NS,132.27999877929688,2026-08-12,0.5464110049510793,0.30685632467904833,0.4933393096061294,0.5404582316213136,0.48669517516173,89,True,2,False,False,True,True,False,132.27999877929688,161.90699996948243,117.55679987589518,110.60124988555908,104.87774993896484,207.0,74.1500015258789,36.09661894719957,78.39513965907359,89.56044485799055,64.61232604373758,36.77137613770502,7.32280044692057,6.613244659020047,5.335650105397306,207.0,36.09661894719957,634614.1,1150038.1,0.5518200657873856,134.99000549316406,-34.78743695982413,False,LIVE,2026-08-13T12:14:00+05:30,live price not above pivot
BALAMINES,Balaji Amines Limited,,BALAMINES.NS,2080.89990234375,2026-08-12,0.22565305499563748,0.8576968947738253,0.6180820258132136,0.3600476083984241,0.4574265277953476,88,True,2,False,True,True,False,False,2080.89990234375,2157.754265136719,1551.6189864095052,1461.7103872680664,1381.011172180176,2443.60009765625,963.3273935013657,14.842862204023465,116.01170239542245,44.40235167527121,23.582665114709545,23.334845038678132,5.705739718738274,5.883030248847697,5.026670214560773,2443.60009765625,14.842862204023465,196154.4,312114.72,0.6284689168136639,,,False,UNAVAILABLE,,quote has no finite close
MOTHERSON,Samvardhana Motherson International Limited,,MOTHERSON.NS,169.5,2026-08-12,0.3069170641040859,0.31593607558550363,0.615035110780076,0.8096215611173065,0.47088537513821166,88,True,2,True,True,False,False,False,169.5,147.68590393066407,130.9564650472005,126.5893246459961,121.86072128295899,172.0,89.26729985800641,1.4534883720930258,89.87916098013073,29.198413035546995,26.032481813757478,20.956402033260513,2.564554718426697,2.7949857008492347,3.400589934492533,172.0,1.4534883720930232,31646407.5,21219021.0,1.4914169461446878,168.77000427246094,-1.8779044927552668,False,LIVE,2026-08-13T12:14:00+05:30,live price not above pivot
POWERINDIA,Hitachi Energy India Limited,,POWERINDIA.NS,35800.0,2026-08-12,0.10035346549869373,0.5941577236496416,0.6381440468564108,0.7291347930077658,0.4324286989022411,87,True,2,True,True,False,False,False,35800.0,33534.2,28736.966666666667,26518.68,25051.14,38785.0,16111.0,7.696274332860642,122.20842902364843,27.582236842105264,20.361842105263158,20.08532983262225,3.564245810055866,3.3875698324022347,3.5921787709497206,38785.0,7.696274332860642,171203.8,159195.24,1.075432908672395,35370.0,-8.80495036741008,False,LIVE,2026-08-13T12:14:00+05:30,live price not above pivot
SMLMAH,SML Mahindra Limited,,SMLMAH.NS,5172.0,2026-08-12,0.4314644830513674,0.2013102039830319,0.756656688140358,0.41765613782625244,0.44771039921047545,87,True,2,True,True,False,False,False,5172.0,4274.3088671875,4119.250343424479,3928.292060546875,3758.693682861328,5987.89990234375,2703.052088847761,13.625810645638802,91.33926502336422,66.22220882475861,58.9989352720061,58.9989352720061,4.146687608145444,6.345321053418648,8.246519910394914,5987.89990234375,13.6258106456388,488262.3,162472.82,3.0051937302497733,5180.0,-13.492207877882635,False,LIVE,2026-08-13T12:14:00+05:30,live price not above pivot
APCOTEXIND,Apcotex Industries Limited,,APCOTEXIND.NS,598.0499877929688,2026-08-12,0.23755418865593447,0.623915740584523,0.5323383496937615,0.49104039790898746,0.4244805730998282,86,True,2,True,False,True,False,False,598.0499877929688,550.5492626953124,442.50328084309893,425.7974015808106,402.8630586242676,712.0,307.1774227167927,16.004215197616745,94.6920390514347,50.85649117441906,44.98065386908636,29.431018287469495,4.548081816057667,5.413429122623565,5.261267316640151,712.0,16.004215197616748,581748.4,337566.04,1.723361745749069,596.6500244140625,-16.20083926768785,False,LIVE,2026-08-13T12:15:00+05:30,live price not above pivot
FINCABLES,Finolex Cables Limited,,FINCABLES.NS,1280.050048828125,2026-08-12,0.21805121238038505,0.5480106555023534,0.6282516174723505,0.506311365284065,0.4237352126039078,86,True,2,True,True,False,False,False,1280.050048828125,1062.8580004882813,948.3410017903645,903.009002380371,880.4497518920898,1374.0,700.7999877929688,6.837696591839515,82.65554667878776,43.69378607605675,43.69378607605675,43.69378607605675,3.3633846294691003,3.4098286123532233,4.399438021699057,1374.0,6.837696591839519,3127586.7,923981.04,3.3849035473714917,1246.0,-9.31586608442504,False,LIVE,2026-08-13T12:15:00+05:30,live price not above pivot
QPOWER,Quality Power Electrical Equipments Limited,,QPOWER.NS,1294.5,2026-08-12,0.17821066490381154,0.6269716084698216,0.4415367483296213,0.6665305726039823,0.41829205184220963,86,True,2,True,True,False,False,False,1294.5,1177.12400390625,1019.8800008138021,963.9615020751953,950.2675015258789,1441.0,581.0,10.166551006245662,122.80550774526677,32.885572139303484,22.685270707555503,22.685270707555503,4.287833592844728,3.922363847045191,4.172267096067498,1335.5,3.070011231748409,180948.0,156206.14,1.1583923653705288,1285.800048828125,-3.7214489832927744,False,LIVE,2026-08-13T12:15:00+05:30,live price not above pivot
CRAFTSMAN,Craftsman Automation Limited,,CRAFTSMAN.NS,10511.0,2026-08-12,0.24358367923976765,0.3426672804138553,0.554364750766188,0.6297060430964383,0.40278108655120337,85,True,2,True,True,False,False,False,10511.0,9475.00345703125,8314.449228515625,7973.616335449219,7659.141176757813,10762.0,6247.376410803959,2.332280245307561,68.2466256046731,27.894757113636814,20.31860591057265,18.088549953365884,2.838970822863677,3.282275711159737,3.7974502901722005,10762.0,2.3322802453075635,58645.6,72615.3,0.8076204326085549,10490.0,-2.5274112618472455,False,LIVE,2026-08-13T12:14:00+05:30,live price not above pivot
RAMCOSYS,Ramco Systems Limited,,RAMCOSYS.NS,619.9000244140625,2026-08-12,0.6270341848138123,0.1314108355388348,0.05201531508538393,0.6296005109367895,0.41341900623772665,85,True,2,False,False,True,True,False,619.9000244140625,683.2260028076172,523.0633343505859,542.4439997863769,529.1257489013672,967.5,342.1000061035156,35.92764605539406,81.20433012400699,148.6187884297794,72.367721546585,45.866741102084205,8.022746253067757,6.473625310911045,5.149217609867708,967.5,35.92764605539406,316698.4,2785583.0,0.1136919632263695,597.9500122070312,-38.196381167231905,False,LIVE,2026-08-13T12:14:00+05:30,live price not above pivot
SKMEGGPROD,SKM Egg Products Export (India) Limited,,SKMEGGPROD.NS,257.3800048828125,2026-08-12,0.4256910575702544,0.3613668052811907,0.22518152384514956,0.6115251044006387,0.40989110973349757,85,True,2,False,False,True,True,False,257.3800048828125,278.31940002441405,209.8730330403646,209.46052467346192,198.18504943847657,372.0,143.10000610351562,30.811826644405237,79.86023333683792,118.63062788372292,62.091503267973856,46.40522875816993,7.33172670820415,7.228610187449876,5.688086121746851,372.0,30.811826644405244,697502.9,944449.76,0.7385283257417525,255.75,-31.25,False,LIVE,2026-08-13T12:15:00+05:30,live price not above pivot
ALIVUS,Alivus Life Sciences Limited,,ALIVUS.NS,1354.800048828125,2026-08-12,0.2969558495999294,0.42348310882913065,0.471649016681573,0.4324862877640281,0.38430602249491813,84,True,2,True,True,False,False,False,1354.800048828125,1142.9160021972657,1034.0126692708334,1001.177251586914,973.5887509155274,1418.0,819.0,4.456978220865659,65.42125138316544,42.3123208807488,30.558883332540958,30.558883332540958,2.978299813254414,3.6654862692527885,4.686300572274398,1418.0,4.456978220865656,274056.2,135147.18,2.0278351349987473,1372.0999755859375,-3.2369551772963634,False,LIVE,2026-08-13T12:15:00+05:30,live price not above pivot
KALYANKJIL,Kalyan Jewellers India Limited,,KALYANKJIL.NS,596.7000122070312,2026-08-12,0.690128969943318,0.37520170684626963,0.17137812987152712,0.012684854527327039,0.38790452622635196,84,True,2,False,True,True,False,False,596.7000122070312,472.6479962158203,425.89099873860675,442.9307490539551,431.5884996032715,648.9500122070312,327.04998779296875,8.051467604153606,82.44917733638873,98.42532836840638,86.29252212907652,15.625837364281736,3.7697344188255455,4.335931990041665,4.364841091235334,648.9500122070312,8.051467604153608,21861069.1,26125644.44,0.836766692978847,615.25,-5.1930058668802515,False,LIVE,2026-08-13T12:14:00+05:30,live price not above pivot
PAYTM,One 97 Communications Limited,,PAYTM.NS,1610.0,2026-08-12,0.42326738816785525,0.3863772774526797,0.2081645126040852,0.511311298418758,0.3904775729622467,84,True,2,False,True,True,False,False,1610.0,1249.1500024414063,1171.7953352864583,1205.9514996337891,1190.1225006103516,1639.9000244140625,930.5999755859375,1.8232833690423167,73.00666690715192,61.72584067199828,37.0809961949329,32.62434487780529,2.7680747464576867,3.225466141789596,3.6180116641595497,1639.9000244140625,1.8232833690423171,5995932.5,3559830.72,1.6843307931226572,1617.0,-1.3964280793425043,False,LIVE,2026-08-13T12:13:00+05:30,live price not above pivot
RAIN,Rain Industries Limited,,RAIN.NS,209.3800048828125,2026-08-12,0.3337155077170164,0.26140127690661097,0.6926435735517442,0.2900805895629657,0.38231129109107076,84,True,2,True,False,True,False,False,209.3800048828125,205.76200134277343,162.65873346964517,152.52180019378662,143.36020011901854,252.0,99.9000015258789,16.912696475074405,109.58959127600517,65.09434028279342,38.19577272563719,25.905574661337212,4.88480190247318,5.393065027013696,6.0000948846255415,252.0,16.912696475074405,8484599.3,5729035.86,1.4809820548059898,215.6300048828125,-14.432537744915674,False,LIVE,2026-08-13T12:14:00+05:30,live price not above pivot
TALBROAUTO,Talbros Automotive Components Limited,,TALBROAUTO.NS,418.0,2026-08-12,0.29692837676588657,0.45949723780748664,0.4504058842091665,0.49057669230544043,0.3988673135707734,84,True,2,True,True,False,False,False,418.0,395.3539990234375,318.3557989501953,309.35968826293947,297.63983856201173,451.6000061035156,219.89999389648438,7.440213828476749,90.0864081864273,42.4605697487431,18.623585926739537,18.623585926739537,4.3502392928566085,4.486244238164436,5.038277657978842,451.6000061035156,7.440213828476752,291393.2,296132.64,0.9839955501021435,424.0,-6.111604457593645,False,LIVE,2026-08-13T12:15:00+05:30,live price not above pivot
EXIDEIND,Exide Industries Limited,,EXIDEIND.NS,490.6499938964844,2026-08-12,0.41240868826747956,0.45513945296212244,0.30769558617473214,0.297713281059814,0.3770731393463256,83,True,2,False,True,True,False,False,490.6499938964844,419.9332196044922,362.7787176513672,364.92413803100584,359.057421875,496.3999938964844,285.6312149356571,1.158340062590546,71.77744176420318,47.5240456683406,27.46711682332436,18.092062968649188,2.6591527967977266,3.4332002145342537,3.803117862166034,496.3999938964844,1.1583400625905453,8129681.9,4899690.7,1.6592234893520932,487.25,-1.8432703483055368,False,LIVE,2026-08-13T12:14:00+05:30,live price not above pivot
GABRIEL,Gabriel India Limited,,GABRIEL.NS,1476.800048828125,2026-08-12,0.3564213010894248,0.4817077535805392,0.17288621653798275,0.46413223092486655,0.36631376064444765,83,True,2,False,True,True,False,False,1476.800048828125,1284.8207775878907,1076.8795992024739,1077.8821893310546,1058.9003845214843,1596.6964052725275,794.0570601010174,7.509026515528372,85.98160296443321,64.00164348021502,31.687247606514024,19.841214832282937,4.008335320552336,4.831479132600112,4.45772094224302,1596.6964052725275,7.509026515528376,441804.5,641395.12,0.6888179941250566,1455.5999755859375,-8.836772552419403,False,LIVE,2026-08-13T12:14:00+05:30,live price not above pivot
JNKINDIA,JNK India Limited,,JNKINDIA.NS,409.20001220703125,2026-08-12,0.24018789837253762,0.609123111664873,0.5211896364573652,0.2880414442869055,0.3797459978308438,83,True,2,False,False,True,True,False,409.20001220703125,469.83100036621096,343.247866414388,321.2641500091553,305.91490043640135,558.0,200.9199981689453,26.666664479026657,103.66315744386574,59.38303064039755,40.44802847836263,21.24339969978629,7.0004887883701485,5.799731680988996,5.483870654992824,558.0,26.666664479026657,313398.6,1450891.36,0.21600418104357583,388.0,-30.46594982078853,False,LIVE,2026-08-13T12:15:00+05:30,live price not above pivot
MINDACORP,Minda Corporation Limited,,MINDACORP.NS,738.0,2026-08-12,0.4051789467763456,0.2541357079994586,0.2513739466615914,0.5584452141971032,0.3748625524821689,83,True,2,True,True,False,False,False,738.0,682.282001953125,591.8269641113282,590.6251098632813,578.2036666870117,750.7999877929688,443.7837866650364,1.7048465638092591,66.29719745868839,45.645002481662225,15.507690429687502,15.507690429687502,2.9157183887512703,2.8502719124481284,3.2235783936208504,750.7999877929688,1.7048465638092571,371224.8,406094.98,0.914132944957852,734.25,-2.204313806879332,False,LIVE,2026-08-13T12:15:00+05:30,live price not above pivot
SPARC,Sun Pharma Advanced Research Company Limited,,SPARC.NS,202.2100067138672,2026-08-12,0.235624896153517,0.43870510368756777,0.5425281284825227,0.38537953831606586,0.3675725125586381,83,True,2,False,False,True,True,False,202.2100067138672,228.0574008178711,172.00820048014322,163.1796502685547,154.74075019836425,289.0,108.0,30.031139545374675,87.23148769802518,61.27232417502274,43.78109452736319,11.268653679842974,5.482419115252865,4.435240700767844,3.8756734343065045,289.0,30.031139545374675,1061078.3,2410204.42,0.4402441100825797,,,False,UNAVAILABLE,,quote has no finite close
TATVA,Tatva Chintan Pharma Chem Limited,,TATVA.NS,1730.0,2026-08-12,0.3142900067049177,0.44733533784767765,0.16844524417566875,0.6099999727352787,0.3708721136336921,83,True,2,False,True,True,False,False,1730.0,1412.8299926757813,1286.075330403646,1320.8404968261718,1265.5329962158203,1838.0999755859375,975.4325278580178,5.881071596852506,77.35721852529976,66.94822666538943,56.16822222480352,11.895052670736817,3.9744508952763735,5.709826519034501,4.834681516437862,1838.0999755859375,5.881071596852511,75945.1,171526.8,0.4427593822073286,1740.9000244140625,-5.28806661568505,False,LIVE,2026-08-13T12:13:00+05:30,live price not above pivot
WABAG,VA Tech Wabag Limited,,WABAG.NS,1903.5999755859375,2026-08-12,0.37670022925153535,0.45545285774991795,0.3525972348689139,0.26281802373881913,0.36485371497214436,83,True,2,False,False,True,True,False,1903.5999755859375,1949.5968359375,1520.170987141927,1476.1225091552735,1418.9476763916016,2248.015501662673,1030.4859602847353,15.320869710284457,84.72837563550605,62.01739944224498,21.12152487406644,13.685344827586206,4.490945251872537,3.8603808596836693,3.235448152147475,2248.015501662673,15.320869710284457,413545.4,811243.34,0.5097673898931485,1877.5999755859375,-16.47744536471255,False,LIVE,2026-08-13T12:14:00+05:30,live price not above pivot
WHEELS,Wheels India Limited,,WHEELS.NS,1360.0,2026-08-12,-0.06777240838542276,0.5613921396714063,0.5359542248936193,0.9095014714023484,0.3742606038393057,83,True,2,False,False,True,True,False,1360.0,1507.6432275390625,1198.6779345703126,1114.2935955810547,1061.4630834960938,1808.0,697.4556123989075,24.77876106194691,94.99448793913388,33.925925925925924,21.474075882523145,11.481481481481481,5.451974307602568,3.846323349896599,3.723528693704044,1808.0,24.778761061946902,74055.1,146805.58,0.5044433597142561,1360.0,-24.77876106194691,False,LIVE,2026-08-13T12:14:00+05:30,live price not above pivot
AUROPHARMA,Aurobindo Pharma Limited,,AUROPHARMA.NS,1667.0,2026-08-12,0.10265904627545064,0.48296418130520435,0.4435399458907612,0.5604378301102986,0.3384520099714331,82,True,2,True,True,False,False,False,1667.0,1541.65599609375,1383.023329264323,1334.0679962158204,1285.9944982910156,1671.9000244140625,1016.0999755859375,0.29308118562769714,64.05865958600371,20.194106715604782,10.575398440083498,10.575398440083498,2.3060591983165866,2.353929726749963,2.538693433188362,1671.9000244140625,0.29308118562769764,1198071.4,1208811.9,0.9911148293626163,1673.800048828125,0.11364461907514833,True,LIVE,2026-08-13T12:13:00+05:30,live price above pivot
MANINDS,Man Industries (India) Limited,,MANINDS.NS,598.6500244140625,2026-08-12,0.0687315867570879,0.5870890907752291,0.5758095131140839,0.4100813605628777,0.3420886275932733,82,True,2,True,True,False,False,False,598.6500244140625,553.6829968261719,475.5326649983724,461.7237490844727,446.80974945068357,638.7000122070312,302.04998779296875,6.270547522705661,98.19567906236418,33.020935192332566,25.83982416871991,25.83982416871991,3.981960653252017,3.520839837190652,4.14349016474037,638.7000122070312,6.270547522705661,1300009.2,695004.36,1.8705051001406667,590.0499877929688,-7.617038278416821,False,LIVE,2026-08-13T12:15:00+05:30,live price not above pivot
NAVINFLUOR,Navin Fluorine International Limited,,NAVINFLUOR.NS,8356.5,2026-08-12,0.19505120482285276,0.3200620426642433,0.39593789136617175,0.656711714977751,0.35256281173077436,82,True,2,True,True,False,False,False,8356.5,7579.85017578125,6800.781246744792,6554.148452148437,6250.491352539062,8775.5,4488.291781017636,4.774656714717107,86.18441954558757,29.473296409373255,20.39374399780491,19.102877307274703,2.7561876305266093,3.2109734936875487,3.955005085861306,8775.5,4.77465671471711,587526.3,216545.86,2.7131726277288335,8311.0,-5.293145689704293,False,LIVE,2026-08-13T12:14:00+05:30,live price not above pivot
RBA,Restaurant Brands Asia Limited,,RBA.NS,93.81999969482422,2026-08-12,0.38500151540458605,0.4409460730354866,0.4023915927495436,0.16315392307497323,0.3552989239338351,82,True,2,True,True,False,False,False,93.81999969482422,74.04419998168946,67.64353335062663,66.90560005187989,66.82304992675782,96.44999694824219,57.150001525878906,2.726798690132981,64.1644745229626,51.72250654595333,51.72250654595333,51.72250654595333,3.197398752152425,4.281069026016138,6.094649380853732,96.44999694824219,2.726798690132982,36318843.5,13772848.4,2.6369885476993997,99.4800033569336,3.14153084972868,True,LIVE,2026-08-13T12:15:00+05:30,live price above pivot
VIJAYA,Vijaya Diagnostic Centre Limited,,VIJAYA.NS,1525.0,2026-08-12,0.14730669276319186,0.49246429655368784,0.49715299092046594,0.45253951992759633,0.3473540385856268,82,True,2,True,True,False,False,False,1525.0,1349.5139990234375,1147.9216670735677,1115.2135000610351,1078.5667498779296,1525.0,848.0,0.0,79.83490566037736,25.825082508250823,18.12548412083656,18.12548412083656,3.550558401639344,3.523935787013319,3.897049500512295,1525.0,0.0,331891.9,297740.56,1.1147016718179077,1502.5,-1.4754098360655776,False,LIVE,2026-08-13T12:15:00+05:30,live price not above pivot
NELCO,NELCO Limited,,NELCO.NS,974.0999755859375,2026-08-12,0.4518940942199625,0.4593875907484892,0.13896981942869147,0.12174737167346539,0.32477859405811427,81,True,2,False,True,True,False,False,974.0999755859375,882.4470739746093,726.1462135823567,745.3968809509278,737.2933372497558,1026.0,499.3681252958441,5.058481911701995,95.06651030416585,55.15344369097084,21.968614492540787,13.014267510202556,4.423881341721717,4.625296388004402,4.657633555213665,1026.0,5.058481911701998,571883.3,590958.28,0.9677219515394556,1032.5,0.6335282651072083,True,LIVE,2026-08-13T12:15:00+05:30,live price above pivot
RATNAVEER,Ratnaveer Precision Engineering Limited,,RATNAVEER.NS,210.00999450683594,2026-08-12,0.18355495726610394,0.37127001551683914,0.38255433143698414,0.5069603443388371,0.32557892116497367,81,True,2,True,True,False,False,False,210.00999450683594,182.28559967041016,163.75833282470703,161.45729988098145,157.86084983825683,218.49000549316406,130.5,3.8811894242885336,60.92719885581297,37.79642334594763,27.682335044210543,26.14167601419056,4.532832045419621,5.44402670451635,5.576877931500743,218.49000549316406,3.881189424288536,9305413.8,4945721.34,1.8815079055788455,220.89999389648438,1.1030199747034786,True,LIVE,2026-08-13T12:15:00+05:30,live price above pivot
SHRIRAMFIN,Shriram Finance Limited,,SHRIRAMFIN.NS,1117.199951171875,2026-08-12,0.19790970227982507,0.07144724427940541,0.3498973170573598,0.8018108863838205,0.3237949704560472,81,True,2,True,True,False,False,False,1117.199951171875,1026.195498046875,999.1254056803385,962.3090377807617,920.9466802978516,1153.699951171875,559.901669759886,3.163734206881519,99.53502757921522,31.978845513111366,16.19497661435802,16.19497661435802,2.5380465427867764,2.645006032493956,2.62083836041163,1153.699951171875,3.1637342068815197,5574602.9,5552119.9,1.0040494442492136,1135.300048828125,-1.5948602862520866,False,LIVE,2026-08-13T12:14:00+05:30,live price not above pivot
APOLLOPIPE,Apollo Pipes Limited,,APOLLOPIPE.NS,512.75,2026-08-12,-0.017672065619990907,0.6018184038647756,0.728249242917274,0.2744080569799887,0.3138263145044113,80,True,2,True,True,False,False,False,512.75,495.62326782226563,427.18321411132814,395.0298892211914,378.0541632080078,553.2308861624971,251.75001240064898,7.317177542868947,103.67427000717724,19.396550576623277,17.26408352009171,14.377431754136689,3.595227399218711,3.7666585417759904,4.375426145020722,543.3499755859375,5.631724847864236,574739.8,207267.8,2.772933374117929,507.25,-6.643963781724294,False,LIVE,2026-08-13T12:14:00+05:30,live price not above pivot
ASIANENE,Asian Energy Services Limited,,ASIANENE.NS,405.79998779296875,2026-08-12,0.2946242526382199,0.4673657772740867,0.23568817093486838,0.2016842597641646,0.2987973426499119,80,True,2,True,True,False,False,False,405.79998779296875,367.6119970703125,316.7725986735026,313.38694915771487,308.93519927978514,420.0,230.0,3.3809552873883875,76.43477730129075,33.75796178343949,33.75796178343949,22.9688230159106,4.050024914918524,4.213283058291584,4.173239076278455,420.0,3.3809552873883932,418088.2,357579.64,1.169217016942016,411.8500061035156,-1.9404747372581799,False,LIVE,2026-08-13T12:15:00+05:30,live price not above pivot
CARYSIL,CARYSIL LIMITED,,CARYSIL.NS,1189.199951171875,2026-08-12,0.2947900651819175,0.21994251750487437,0.21309799651147632,0.5017859086336234,0.30488131060276186,80,True,2,True,True,False,False,False,1189.199951171875,1171.117998046875,982.7249991861979,974.1319998168946,944.8559997558593,1280.9000244140625,732.0999755859375,7.159034389443075,62.43682431762092,24.6011696900839,18.262399897213434,16.340710729938554,4.265052926905829,3.767239660822716,4.270099156983948,1280.9000244140625,7.159034389443077,126681.4,144204.48,0.8784844964594719,1210.0999755859375,-5.5273672791529505,False,LIVE,2026-08-13T12:14:00+05:30,live price not above pivot
IDEA,Vodafone Idea Limited,,IDEA.NS,13.5,2026-08-12,0.04247105782514082,0.17595823504450858,0.318359404467629,1.0089286341502977,0.3176376778625434,80,True,2,False,True,True,False,False,13.5,13.8796000289917,11.839266700744629,11.534350032806396,11.09920003414154,15.34000015258789,6.119999885559082,11.994785751533898,120.58823941900663,21.746029271140046,17.063488519351036,8.650787031059053,3.042962533456308,2.5666657200566045,2.807406672724971,15.34000015258789,11.994785751533898,362471955.3,419086791.2,0.8649090424971619,13.630000114440918,-11.147327386815519,False,LIVE,2026-08-13T12:14:00+05:30,live price not above pivot
RKFORGE,Ramkrishna Forgings Limited,,RKFORGE.NS,742.0,2026-08-12,0.29279551218539024,0.3089024953921127,0.368178942704396,0.28602662493922626,0.3097398174813031,80,True,2,True,True,False,False,False,742.0,600.0080041503907,563.646127726237,554.7063319396973,544.4493663024903,763.5,459.4101971519111,2.8159790438768817,61.511434574153824,44.02943504309306,38.805566211078784,34.04143832952256,2.707143284882497,3.541778811225994,3.9312661883002025,763.5,2.8159790438768826,2003331.6,1448716.48,1.3828320638693916,743.4500122070312,-2.6260625793017356,False,LIVE,2026-08-13T12:15:00+05:30,live price not above pivot
DEEDEV,DEE Development Engineers Limited,,DEEDEV.NS,638.7000122070312,2026-08-12,0.2738333067050114,1.9682128169294137,1.8124174154178672,1.4266716663547658,1.150993702422414,98,True,1,False,False,True,False,False,638.7000122070312,674.1200024414062,445.72060119628907,390.34935089111326,351.1983506774902,760.0,183.0,15.960524709601154,249.01640011313182,68.36508867438845,23.57918689609227,16.81738512903519,6.056364298170732,5.299827196068675,5.40159593504147,760.0,15.96052470960115,175361.4,135249.42,1.296577833753372,638.0499877929688,-16.046054237767272,False,LIVE,2026-08-13T12:14:00+05:30,live price not above pivot
THANGAMAYL,Thangamayil Jewellery Limited,,THANGAMAYL.NS,5328.0,2026-08-12,0.48653484168209604,0.4431308527308737,0.6472648075023562,1.7237477271667823,0.7574426141528409,95,True,1,False,False,False,True,False,5328.0,5881.6486328125,4457.083619791667,4120.146870117187,3727.2761413574217,7430.0,1934.089956974078,28.290713324360695,175.47839648243465,98.68224219387271,61.13641292561266,61.13641292561266,6.63948828073017,6.40426430965422,5.807057057057056,7430.0,28.2907133243607,397846.0,298840.44,1.3312990705006325,5273.0,-29.030955585464334,False,LIVE,2026-08-13T12:14:00+05:30,live price not above pivot
IBULLSLTD,Indiabulls Limited,,IBULLSLTD.NS,26.889999389648438,2026-08-12,0.3976091325122548,1.5037243913133587,0.2792577927712032,0.6848370504622183,0.6526074999142579,94,True,1,False,False,True,False,False,26.889999389648438,27.58779983520508,18.36613327026367,18.527849984169006,17.43569999217987,32.5,8.899999618530273,17.26154033954327,202.13483755282448,85.71428571428571,27.95275782716943,25.590551565433888,5.764968112024142,6.325771891028752,6.117515518398785,32.5,17.26154033954327,9499953.6,7633403.26,1.2445240054041111,26.950000762939453,-17.07692072941707,False,LIVE,2026-08-13T12:15:00+05:30,live price not above pivot
KIRLOSENG,Kirloskar Oil Engines Limited,,KIRLOSENG.NS,2056.0,2026-08-12,0.18397139362648063,0.6319879384403109,1.1623623877695506,1.2446710101861291,0.6813928247297903,94,True,1,False,False,True,False,False,2056.0,2196.5998095703126,1700.9358162434896,1556.6867172241211,1426.2931777954102,2714.2611782271474,852.4932940420172,24.251946846806348,141.17491766435703,65.14874888042719,28.392876267870854,15.08254127063532,5.35958826088404,4.979515694989953,5.262734746679532,2714.2611782271474,24.251946846806344,584248.8,873956.18,0.6685104051784382,2083.39990234375,-23.24246763516885,False,LIVE,2026-08-13T12:14:00+05:30,live price not above pivot
CEMPRO,Cemindia Projects Limited,,CEMPRO.NS,1261.699951171875,2026-08-12,0.4061794863300543,0.9223840744771254,0.5625084893503014,0.7332540031368742,0.6061011079248819,93,True,1,False,False,True,False,False,1261.699951171875,1348.5871606445312,909.9594323730469,885.3199594116211,825.0573211669922,1649.199951171875,502.01526853255285,23.49624129716069,151.32700741552463,94.06342405277591,42.9363738411097,37.80550638864232,5.309800498202876,5.145835667443188,5.260363786379943,1649.199951171875,23.49624129716069,595194.1,693002.48,0.8588628716018447,1252.699951171875,-24.041960449868938,False,LIVE,2026-08-13T12:14:00+05:30,live price not above pivot
EMIL,Electronics Mart India Limited,,EMIL.NS,193.61000061035156,2026-08-12,0.6148970022187545,0.8297892928608881,0.42245242628870394,0.6204385267044445,0.6204948500583092,93,True,1,False,True,False,False,False,193.61000061035156,129.52140014648438,111.52233342488607,114.03810005187988,114.34139999389649,195.0,84.9000015258789,0.7128201998197081,128.0447551597936,94.12643695795789,56.5133684338155,56.5133684338155,3.4496152201711405,4.422292561921594,6.086462267775551,195.0,0.7128201998197115,27075651.7,6594476.2,4.105807781973646,193.6199951171875,-0.7076948116987225,False,LIVE,2026-08-13T12:15:00+05:30,live price not above pivot
SANGHVIMOV,Sanghvi Movers Limited,,SANGHVIMOV.NS,500.45001220703125,2026-08-12,0.6532870565751718,0.6678887937577134,0.40832982583725386,0.7842350992192177,0.6334055663929058,93,True,1,False,True,False,False,False,500.45001220703125,433.6390014648438,342.2634002685547,343.1547999572754,335.66004928588865,528.0,223.8000030517578,5.217800718365295,123.61483707902056,54.250662818996965,34.197479633618435,34.197479633618435,4.25976681387711,4.776701218495609,5.8377469838242515,528.0,5.217800718365294,932290.3,515698.76,1.8078195495370204,494.0,-6.439393939393945,False,LIVE,2026-08-13T12:15:00+05:30,live price not above pivot
BAJAJCON,Bajaj Consumer Care Limited,,BAJAJCON.NS,534.0,2026-08-12,-0.006419224353282349,0.3942558746736293,0.8996797879945739,1.3739663652715555,0.5310127158466389,90,True,1,False,False,False,True,False,534.0,574.8890014648438,463.0893346150716,414.53020111083987,386.2128011322022,692.0,220.10000610351562,22.83236994219653,142.61698554831185,33.79736729839783,33.79736729839783,9.422311589498115,4.566667306735721,3.9035582810305476,3.2209737827715355,692.0,22.832369942196532,505341.7,876442.12,0.5765830834328227,531.2999877929688,-23.222545116623017,False,LIVE,2026-08-13T12:15:00+05:30,live price not above pivot
DEEPINDS,Deep Industries Limited,,DEEPINDS.NS,696.0999755859375,2026-08-12,0.5621632990378129,0.7476776221940569,0.4628558719289142,0.31257992938132695,0.5294880043159849,90,True,1,False,True,False,False,False,696.0999755859375,513.061997680664,450.1196655273437,452.7082489013672,445.35649887084963,699.0,330.0,0.41488189042382384,110.93938654119317,61.022803541107585,61.022803541107585,54.1005270269952,3.3735097416882667,4.625772321410566,5.124982222556581,699.0,0.4148818904238198,1202259.4,504136.3,2.3847903830769575,668.4000244140625,-4.377678910720673,False,LIVE,2026-08-13T12:15:00+05:30,live price not above pivot
SBC,SBC Exports Limited,,SBC.NS,40.220001220703125,2026-08-12,0.19988068828882266,0.31566900955883037,0.6011146447848026,1.260820638047218,0.5154731337936993,90,True,1,False,True,False,False,False,40.220001220703125,40.94360008239746,35.13866668701172,32.991200046539305,31.070300035476684,45.0,15.550000190734863,10.622219509548614,158.64952236249715,33.809094768851246,28.66487982002524,27.862023890235633,2.6981603333715247,2.9649439575273018,4.594729685741797,45.0,10.62221950954861,10213698.4,11094030.86,0.9206480970614499,,,False,UNAVAILABLE,,quote has no finite close
TBZ,Tribhovandas Bhimji Zaveri Limited,,TBZ.NS,238.0,2026-08-12,0.8455334026778369,0.4067025034911502,0.25019701688542106,0.23323306481294437,0.516239878109038,90,True,1,False,False,True,False,False,238.0,224.89200103759765,173.5099998474121,173.56514995574952,165.0493496322632,295.70001220703125,110.5,19.51302327530281,115.38461538461537,125.72520015803912,58.001614667744846,26.77385303624062,5.997394978499212,6.9724789787741255,7.0100851619944855,295.70001220703125,19.513023275302807,1547010.8,2141594.28,0.7223640884957911,245.0,-17.14575925398818,False,LIVE,2026-08-13T12:15:00+05:30,live price not above pivot
NEULANDLAB,Neuland Laboratories Limited,,NEULANDLAB.NS,22510.0,2026-08-12,0.3593490572702833,0.6702415260037231,0.3116734764857805,0.7575871119347157,0.4916400457929572,89,True,1,False,True,False,False,False,22510.0,18719.77046875,15734.017356770833,15879.614360351563,15457.388012695312,23500.0,11478.786028437366,4.212765957446807,96.10087638391445,44.2081937203051,30.39840160794715,29.35951095705403,2.927541246261915,3.700041070315532,4.751221679253665,23500.0,4.212765957446808,174143.6,66335.86,2.6251804077010537,22725.0,-3.297872340425534,False,LIVE,2026-08-13T12:14:00+05:30,live price not above pivot
VARROC,Varroc Engineering Limited,,VARROC.NS,836.1500244140625,2026-08-12,0.501933126804238,0.5054412219458113,0.2943818020800273,0.5888101322137171,0.47849988196960636,89,True,1,False,True,False,False,False,836.1500244140625,651.8601892089844,577.7111853027344,591.4309799194336,582.6658160400391,864.9000244140625,461.0607825414901,3.3240836152683695,81.35353430083131,57.103569641978304,37.66370744382015,37.66370744382015,3.0508957259678495,3.6677159356231193,5.232437619981111,864.9000244140625,3.3240836152683717,2089240.9,526577.54,3.9675845270574963,845.4500122070312,-2.248816239796958,False,LIVE,2026-08-13T12:15:00+05:30,live price not above pivot
MANCREDIT,Mangal Credit and Fincorp Limited,,MANCREDIT.NS,243.44000244140625,2026-08-12,0.46588782865612766,0.5370627284771887,0.3310006045116962,0.3338901630758673,0.4267458306754015,87,True,1,True,False,False,False,False,243.44000244140625,229.0257995605469,189.8582660929362,185.8726496887207,180.81414962768554,287.2699890136719,152.05999755859375,15.257419239215986,60.09470363670153,73.367528246487,37.128255038900114,37.128255038900114,5.881942203638893,6.499959195401002,7.910367652570965,287.2699890136719,15.257419239215986,447151.6,444502.88,1.0059588365321728,247.6699981689453,-13.784938336472695,False,LIVE,2026-08-13T12:12:00+05:30,live price not above pivot
NATIONALUM,National Aluminium Company Limited,,NATIONALUM.NS,420.0,2026-08-12,0.04063427564041744,0.1449671415621634,0.6330531119360028,1.313289755990806,0.43451571215396145,87,True,1,False,True,False,False,False,420.0,360.87199951171874,378.338535563151,349.9431191253662,335.2820190429687,444.5,175.91460334894893,5.511811023622048,138.75220817618916,34.127944534254695,27.36048633696267,27.168678375611822,2.9495243617466516,2.597024463471912,2.9595249720982144,444.5,5.511811023622047,10965927.6,10101091.38,1.0856180968437095,407.70001220703125,-8.278962383120081,False,LIVE,2026-08-13T12:14:00+05:30,live price not above pivot
ASKAUTOLTD,ASK Automotive Limited,,ASKAUTOLTD.NS,651.2000122070312,2026-08-12,0.4240769903738675,0.45466324122236723,0.43015357253850617,0.39400697495996684,0.4253955538937151,86,True,1,False,True,False,False,False,651.2000122070312,492.5094006347656,454.9420155843099,460.36049911499026,455.80152770996096,687.7000122070312,373.9332517882958,5.307546801236896,74.14873084774803,63.75174476910408,56.316070545208355,42.886573947975464,2.8983863063234807,4.193163996419951,6.0300751429645905,687.7000122070312,5.307546801236892,3200412.4,821571.06,3.8954784994495784,654.9500122070312,-4.76225089700022,False,LIVE,2026-08-13T12:15:00+05:30,live price not above pivot
LUMAXTECH,Lumax Auto Technologies Limited,,LUMAXTECH.NS,2039.300048828125,2026-08-12,0.2504904556789673,0.2482778589118666,0.47581857355392776,0.7799960022946317,0.4010146692236721,85,True,1,False,True,False,False,False,2039.300048828125,1576.7367260742187,1595.1164615885416,1552.4884283447266,1515.0309545898438,2107.89990234375,951.0093659730328,3.254417035616808,114.43532753661145,52.75571917240972,52.75571917240972,47.88463054746687,3.0289379511175527,3.5086609096915238,4.671685857763156,2107.89990234375,3.254417035616805,776044.1,259768.08,2.987449805226262,1990.0,-5.593240087570495,False,LIVE,2026-08-13T12:15:00+05:30,live price not above pivot
PRICOLLTD,Pricol Limited,,PRICOLLTD.NS,783.25,2026-08-12,0.27419877085702904,0.34106671752494355,0.33601672836039054,0.8150389152057553,0.40810398056102953,85,True,1,False,True,False,False,False,783.25,626.8209973144532,594.9813315836589,598.6956205749511,582.7866818237304,792.5499877929688,413.69407751062374,1.1734260218546733,89.33072591059417,48.80774016578735,32.7554418413683,32.7554418413683,2.582827648719279,3.3226935139792126,4.052345526701644,792.5499877929688,1.1734260218546755,1047861.5,639030.88,1.6397666103397068,771.1500244140625,-2.7001405221769303,False,LIVE,2026-08-13T12:15:00+05:30,live price not above pivot
REDINGTON,Redington Limited,,REDINGTON.NS,339.3999938964844,2026-08-12,0.5674178550713445,0.28321827229250207,0.20310054156221158,0.42826381606169917,0.4098836680118204,85,True,1,False,True,False,False,False,339.3999938964844,279.8228500366211,248.93161193847655,254.65500671386718,250.73839019775392,364.5,187.19874597305954,6.886147079153804,81.30463007766551,70.80339567743054,42.54986482216528,42.54986482216528,3.5881015020624027,4.48291114502153,6.146138739530489,364.5,6.886147079153806,19557056.4,7496468.54,2.60883591995972,346.1000061035156,-5.0480092994470205,False,LIVE,2026-08-13T12:14:00+05:30,live price not above pivot
STOVEKRAFT,Stove Kraft Limited,,STOVEKRAFT.NS,799.0999755859375,2026-08-12,0.4469895438405387,0.4878049002221174,0.24586832736082043,0.3732146835317707,0.4001733997591572,85,True,1,False,True,False,False,False,799.0999755859375,749.9440014648437,601.7926670328776,608.2357508850098,598.2607508850098,849.7999877929688,447.04998779296875,5.966111195024282,78.74958000356887,57.064967556776345,17.003993126212688,17.003993126212688,3.9096493293006795,4.354587382930656,5.32161350347307,849.7999877929688,5.966111195024277,597790.4,249189.24,2.3989414631225654,789.0,-7.154623283871009,False,LIVE,2026-08-13T12:13:00+05:30,live price not above pivot
J&KBANK,The Jammu & Kashmir Bank Limited,,J&KBANK.NS,157.47999572753906,2026-08-12,0.20489670546742156,0.49553647828607716,0.46602121031375976,0.5666848044260484,0.3876071807921457,84,True,1,False,False,True,False,False,157.47999572753906,164.13340026855468,134.31626693725585,126.72955017089843,120.52105014801026,201.75,97.3499984741211,21.943000878543216,61.766818896666486,48.783179143801924,37.52556523309283,24.260393373046405,4.314960677223602,4.6250318174053495,3.115951781527621,201.75,21.943000878543213,4722200.4,5581899.52,0.8459844866573307,155.25999450683594,-23.043373230812424,False,LIVE,2026-08-13T12:14:00+05:30,live price not above pivot
NITINSPIN,Nitin Spinners Limited,,NITINSPIN.NS,537.7999877929688,2026-08-12,0.07689225944292644,0.5601971823254801,0.6565532046935689,0.5589561046846452,0.38589820211790943,84,True,1,False,True,False,False,False,537.7999877929688,550.5920007324219,447.495,416.6550001525879,394.20200012207033,599.0,302.20001220703125,10.2170304185361,77.96160359667115,24.622908063326467,15.536693200192836,15.536693200192836,3.97582891997392,3.683526806157764,4.43194574249133,599.0,10.217030418536103,166323.2,121100.68,1.373429116995875,540.7000122070312,-9.732886109009808,False,LIVE,2026-08-13T12:13:00+05:30,live price not above pivot
TINNARUBR,Tinna Rubber and Infrastructure Limited,,TINNARUBR.NS,1089.800048828125,2026-08-12,0.539265605689442,0.46685514627118696,0.19548055947198573,0.19977941342974948,0.3881292661103613,84,True,1,False,False,True,False,False,1089.800048828125,991.041005859375,799.1566687011718,811.3725015258789,800.1142495727539,1322.0,527.4500122070312,17.564292826919438,106.61674539887275,86.05306068701081,48.873873873873876,14.34108527131783,5.139842413035827,6.89231966290763,5.282621099725997,1322.0,17.564292826919438,78045.3,164927.64,0.47320934198779535,1096.5,-17.057488653555218,False,LIVE,2026-08-13T12:13:00+05:30,live price not above pivot
BHARATFORG,Bharat Forge Limited,,BHARATFORG.NS,2081.5,2026-08-12,0.09132572700549324,0.29504492308290553,0.5734737049971186,0.8344764980011519,0.3771293160184325,83,True,1,False,True,False,False,False,2081.5,2105.3430908203127,1862.7397233072916,1745.5537677001953,1650.6069299316407,2295.0,1095.9181470372112,9.30283224400872,89.93206797672674,23.066724734221115,13.165680473372781,13.165680473372781,2.8350862101282397,2.87821124386335,3.501319637843802,2295.0,9.302832244008714,1609112.5,1220888.98,1.317984293707033,2091.5,-8.86710239651416,False,LIVE,2026-08-13T12:14:00+05:30,live price not above pivot
SUNDRMFAST,Sundram Fasteners Limited,,SUNDRMFAST.NS,1210.0,2026-08-12,0.4210217263652378,0.30859898815242603,0.2812963529087087,0.2666575682902157,0.33971927241636524,82,True,1,False,True,False,False,False,1210.0,942.9320031738281,887.321875,901.4955657958984,898.9336883544922,1226.0,726.5272499221361,1.3050570962479635,66.54571457982877,50.40176204144265,33.996391457786615,32.169041857248004,2.013471417387655,2.5113636363636362,3.245040515237603,1226.0,1.3050570962479608,338427.7,167033.86,2.0261023722974496,1234.9000244140625,0.7259400011470296,True,LIVE,2026-08-13T12:15:00+05:30,live price above pivot
RICOAUTO,Rico Auto Industries Limited,,RICOAUTO.NS,127.98999786376953,2026-08-12,0.12429727671353774,0.008589411542822889,0.4865272953778186,0.8840165402674878,0.3255455601230409,81,True,1,False,False,True,False,False,127.98999786376953,137.18339996337892,124.50779973347981,120.93759975433349,115.89339973449707,157.99000549316406,65.40713375710308,18.98854774752987,95.68201587777125,45.88181074903463,27.390751305907905,26.472948934480407,5.829517871017987,6.588404619601744,6.915383700611084,157.99000549316406,18.988547747529875,3553568.2,4195341.76,0.8470271084661289,132.5500030517578,-16.102285940174234,False,LIVE,2026-08-13T12:15:00+05:30,live price not above pivot
TATATECH,Tata Technologies Limited,,TATATECH.NS,842.0999755859375,2026-08-12,0.37808424143751806,0.3556879093996952,0.24849591027674744,0.27960547580118833,0.32799155567053345,81,True,1,False,True,False,False,False,842.0999755859375,748.9548669433593,649.6982887776693,652.0954866027832,643.5853327941894,891.0,499.7255286427323,5.488218228289843,68.51249882572603,37.83552394318052,30.64516129032258,29.130434782608695,3.2672758132052158,3.4871162978875208,4.0179319134366205,891.0,5.488218228289843,3690157.9,1759434.0,2.097355115338228,,,False,UNAVAILABLE,,quote has no finite close
MAYURUNIQ,Mayur Uniquoters Ltd,,MAYURUNIQ.NS,750.75,2026-08-12,0.19470078108290978,0.28773584905660377,0.37929453763933774,0.4560143050647869,0.30248925078530964,80,True,1,False,False,True,False,False,750.75,803.5769982910156,643.9166668701172,609.8874996948242,581.9349996948242,907.0,471.20001220703125,17.2271223814774,59.32724544797823,35.35293732952555,24.246575342465754,14.773969258347602,4.775758258668415,4.721610989921537,5.191474378486097,907.0,17.227122381477397,158723.7,166578.86,0.9528441964364507,758.8499755859375,-16.334071048959487,False,LIVE,2026-08-13T12:15:00+05:30,live price not above pivot
PFOCUS,Prime Focus Limited,,PFOCUS.NS,269.3999938964844,2026-08-12,0.08760596372868146,0.012591641635866235,0.5925750062916795,0.7644747630330333,0.3089706676835884,80,True,1,False,False,True,False,False,269.3999938964844,257.21599945068357,268.80086608886717,249.8005997467041,238.3741999053955,367.0,139.0399932861328,26.594007112674557,93.75719714117179,53.54992115588909,35.79599781598508,17.13747645951036,4.872680072122985,5.3587594003828185,5.577207605288762,311.0,13.376207750326568,674283.4,668314.58,1.008931153349969,273.25,-12.13826366559485,False,LIVE,2026-08-13T12:15:00+05:30,live price not above pivot
ACUTAAS,Acutaas Chemicals Limited,,ACUTAAS.NS,3153.39990234375,2026-08-12,0.15466858379485537,0.5382438548018293,0.7958880679416973,1.4379136206491885,0.6162765421964853,93,True,0,False,False,False,False,False,3153.39990234375,3344.357998046875,2648.222664388021,2416.1895001220705,2230.8420013427735,3740.0,1259.9171723015825,15.684494589739305,150.28628640589164,30.577475866159247,23.636363636363637,21.16363474948347,4.404642620509888,4.412063074282887,3.7480178186893087,3740.0,15.684494589739304,311183.4,407483.58,0.7636710171241747,3136.800048828125,-16.12834094042447,False,LIVE,2026-08-13T12:14:00+05:30,live price not above pivot
ASTRAMICRO,Astra Microwave Products Limited,,ASTRAMICRO.NS,1665.4000244140625,2026-08-12,0.504970234191668,0.8197115408662443,0.5876072682688871,0.7192525896615167,0.6273023734359968,93,True,0,False,False,False,False,False,1665.4000244140625,1696.4779931640626,1250.530662434896,1180.3529965209962,1111.341996459961,1960.0,851.0,15.030610999282523,95.6991803071754,70.43478260869566,18.70155389775576,18.70155389775576,4.451183566729706,4.780534381219556,5.446740761551913,1960.0,15.030610999282526,932835.9,858843.32,1.0861537585225673,,,False,UNAVAILABLE,,quote has no finite close
IDEAFORGE,Ideaforge Technology Limited,,IDEAFORGE.NS,810.2999877929688,2026-08-12,-0.010260198227453166,0.8627585926275143,0.7437055444534122,0.872876457238182,0.49176403957284043,89,True,0,False,False,False,False,False,810.2999877929688,872.8230004882812,641.9626672363281,597.2704998779296,559.5545002746582,992.25,366.0,18.33711385306437,121.3934392876964,36.485557083906464,16.864127665392058,16.864127665392058,5.0704685274995285,4.079046290831808,4.419352129470158,992.25,18.337113853064373,285732.3,258432.66,1.1056354100135795,769.7999877929688,-22.418746506125597,False,LIVE,2026-08-13T12:15:00+05:30,live price not above pivot
HINDCOPPER,Hindustan Copper Limited,,HINDCOPPER.NS,547.7000122070312,2026-08-12,-0.039544038216516864,-0.08195435776468096,0.5250989927329557,1.285435549298752,0.3298984215667986,81,True,0,False,False,False,False,False,547.7000122070312,502.5829998779297,535.7209881591797,496.34064819335936,479.8673992919922,758.8333740234375,225.17591695325885,27.82341539578689,143.2320559044157,21.51386448061034,21.51386448061034,21.51386448061034,2.742924875497533,3.155012131809635,4.095308450410246,569.9000244140625,3.8954222242499448,12373991.6,4995437.98,2.47705839799056,555.4500122070312,-2.535534582910026,False,LIVE,2026-08-13T12:14:00+05:30,live price not above pivot
