symbol,company_name,industry,series,isin,listing_date,yahoo_symbol,median_traded_value_60d,liquidity_rank,top_1000_liquid,recent_ipo_overlay
HDFCBANK,HDFC Bank Limited,,EQ,INE040A01034,1995-11-08,HDFCBANK.NS,24233629107.8042,1,True,False
ICICIBANK,ICICI Bank Limited,,EQ,INE090A01021,1997-09-17,ICICIBANK.NS,17696690261.90039,2,True,False
RELIANCE,Reliance Industries Limited,,EQ,INE002A01018,1995-11-29,RELIANCE.NS,16679529118.276978,3,True,False
INFY,Infosys Limited,,EQ,INE009A01021,1995-02-08,INFY.NS,11827751119.362183,4,True,False
BSE,BSE Limited,,EQ,INE118H01025,2017-02-03,BSE.NS,11718032051.44336,5,True,False
SBIN,State Bank of India,,EQ,INE062A01020,1995-03-01,SBIN.NS,11199969623.730286,6,True,False
BHARTIARTL,Bharti Airtel Limited,,EQ,INE397D01024,2002-02-15,BHARTIARTL.NS,10924418449.295105,7,True,False
TCS,Tata Consultancy Services Limited,,EQ,INE467B01029,2004-08-25,TCS.NS,8631717402.217285,8,True,False
AXISBANK,Axis Bank Limited,,EQ,INE238A01034,1998-11-16,AXISBANK.NS,8156049801.835571,9,True,False
BAJFINANCE,Bajaj Finance Limited,,EQ,INE296A01032,2003-04-01,BAJFINANCE.NS,8072215368.356842,10,True,False
ETERNAL,ETERNAL LIMITED,,EQ,INE758T01015,2021-07-23,ETERNAL.NS,7933917768.090836,11,True,False
M&M,Mahindra & Mahindra Limited,,EQ,INE101A01026,1996-01-03,M&M.NS,7562155611.058594,12,True,False
MCX,Multi Commodity Exchange of India Limited,,EQ,INE745G01043,2012-03-09,MCX.NS,7292093166.341675,13,True,False
LT,Larsen & Toubro Limited,,EQ,INE018A01030,2004-06-23,LT.NS,6514795320.75,14,True,False
HSCL,Himadri Speciality Chemical Limited,,EQ,INE019C01026,2007-03-02,HSCL.NS,6240131960.759491,15,True,False
DIXON,Dixon Technologies (India) Limited,,EQ,INE935N01020,2017-09-18,DIXON.NS,5892700099.0,16,True,False
HFCL,HFCL Limited,,EQ,INE548A01028,2011-03-09,HFCL.NS,5834850999.3932495,17,True,False
NETWEB,Netweb Technologies India Limited,,EQ,INE0NT901020,2023-07-27,NETWEB.NS,5762468719.913086,18,True,False
ADANIPOWER,Adani Power Limited,,EQ,INE814H01029,2009-08-20,ADANIPOWER.NS,5693811433.491043,19,True,False
HINDALCO,Hindalco Industries Limited,,EQ,INE038A01020,1997-01-08,HINDALCO.NS,5474943012.020996,20,True,False
CUPID,Cupid Limited,,EQ,INE509F01029,2016-09-16,CUPID.NS,5358214609.057678,21,True,False
KOTAKBANK,Kotak Mahindra Bank Limited,,EQ,INE237A01036,1995-12-20,KOTAKBANK.NS,5231984704.747498,22,True,False
IDEA,Vodafone Idea Limited,,EQ,INE669E01016,2007-03-09,IDEA.NS,5096999128.392547,23,True,False
MARUTI,Maruti Suzuki India Limited,,EQ,INE585B01010,2003-07-09,MARUTI.NS,4920309627.189941,24,True,False
APOLLO,Apollo Micro Systems Limited,,EQ,INE713T01028,2018-01-22,APOLLO.NS,4917566516.349396,25,True,False
VAML,Vedanta Aluminium Metal Limited,,EQ,INE1CDF01017,2026-06-15,VAML.NS,4806821316.808533,26,True,True
ADANIENT,Adani Enterprises Limited,,EQ,INE423A01024,1997-06-04,ADANIENT.NS,4747515481.869141,27,True,False
SHRIRAMFIN,Shriram Finance Limited,,EQ,INE721A01047,1996-12-11,SHRIRAMFIN.NS,4733808277.763153,28,True,False
GROWW,Billionbrains Garage Ventures Limited,,EQ,INE0HOQ01053,2025-11-12,GROWW.NS,4704161684.4668045,29,True,True
TATASTEEL,Tata Steel Limited,,EQ,INE081A01020,1998-11-18,TATASTEEL.NS,4577079869.493141,30,True,False
POWERINDIA,Hitachi Energy India Limited,,EQ,INE07Y701011,2020-03-30,POWERINDIA.NS,4539124012.5,31,True,False
KALYANKJIL,Kalyan Jewellers India Limited,,EQ,INE303R01014,2021-03-26,KALYANKJIL.NS,4372797730.003815,32,True,False
BEL,Bharat Electronics Limited,,EQ,INE263A01024,2000-07-19,BEL.NS,4343480641.713776,33,True,False
INDIGO,InterGlobe Aviation Limited,,EQ,INE646L01027,2015-11-10,INDIGO.NS,4182292777.4414062,34,True,False
COFORGE,Coforge Limited,,EQ,INE591G01025,2004-08-30,COFORGE.NS,4114373216.958848,35,True,False
VEDL,Vedanta Limited,,EQ,INE205A01025,1998-05-13,VEDL.NS,4113220040.1293945,36,True,False
GVT&D,GE Vernova T&D India Limited,,EQ,INE200A01026,2008-06-30,GVT&D.NS,4073281095.776123,37,True,False
ATHERENERG,Ather Energy Limited,,EQ,INE0LEZ01016,2025-05-06,ATHERENERG.NS,4065306766.9401245,38,True,True
BHEL,Bharat Heavy Electricals Limited,,EQ,INE257A01026,2003-11-11,BHEL.NS,3940453397.771393,39,True,False
SUNPHARMA,Sun Pharmaceutical Industries Limited,,EQ,INE044A01036,1995-02-08,SUNPHARMA.NS,3910734810.9470215,40,True,False
HCLTECH,HCL Technologies Limited,,EQ,INE860A01027,2000-01-06,HCLTECH.NS,3868007532.1157227,41,True,False
ADANIENSOL,Adani Energy Solutions Limited,,EQ,INE931S01010,2015-07-31,ADANIENSOL.NS,3707398585.269287,42,True,False
DATAPATTNS,Data Patterns (India) Limited,,EQ,INE0IX101010,2021-12-24,DATAPATTNS.NS,3698048128.2890625,43,True,False
NTPC,NTPC Limited,,EQ,INE733E01010,2004-11-05,NTPC.NS,3693556264.5551605,44,True,False
ITC,ITC Limited,,EQ,INE154A01025,1995-08-23,ITC.NS,3682105397.721222,45,True,False
BAJAJ-AUTO,Bajaj Auto Limited,,EQ,INE917I01010,2008-05-26,BAJAJ-AUTO.NS,3587688616.0,46,True,False
ADANIGREEN,Adani Green Energy Limited,,EQ,INE364U01010,2018-06-18,ADANIGREEN.NS,3466205065.4385986,47,True,False
SUZLON,Suzlon Energy Limited,,EQ,INE040H01021,2005-10-19,SUZLON.NS,3445229595.0318966,48,True,False
EICHERMOT,Eicher Motors Limited,,EQ,INE066A01021,2004-09-07,EICHERMOT.NS,3413982161.7233887,49,True,False
TECHM,Tech Mahindra Limited,,EQ,INE669C01036,2006-08-28,TECHM.NS,3371333979.975525,50,True,False
KAYNES,Kaynes Technology India Limited,,EQ,INE918Z01012,2022-11-22,KAYNES.NS,3223584066.6851807,51,True,False
ADANIPORTS,Adani Ports and Special Economic Zone Limited,,EQ,INE742F01042,2007-11-27,ADANIPORTS.NS,3191765762.7685547,52,True,False
TVSMOTOR,TVS Motor Company Limited,,EQ,INE494B01023,2000-08-02,TVSMOTOR.NS,3187542083.974365,53,True,False
TITAN,Titan Company Limited,,EQ,INE280A01028,2004-09-24,TITAN.NS,3181519321.3078613,54,True,False
OLAELEC,Ola Electric Mobility Limited,,EQ,INE0LXG01040,2024-08-09,OLAELEC.NS,3180466892.278511,55,True,False
PAYTM,One 97 Communications Limited,,EQ,INE982J01020,2021-11-18,PAYTM.NS,3164635356.0,56,True,False
CGPOWER,CG Power and Industrial Solutions Limited,,EQ,INE067A01029,1995-03-01,CGPOWER.NS,3155298942.2558594,57,True,False
HINDUNILVR,Hindustan Unilever Limited,,EQ,INE030A01027,1995-07-06,HINDUNILVR.NS,3140637533.993042,58,True,False
WIPRO,Wipro Limited,,EQ,INE075A01022,1995-11-08,WIPRO.NS,3109131868.227394,59,True,False
CANBK,Canara Bank,,EQ,INE476A01022,2002-12-23,CANBK.NS,3081877952.2133026,60,True,False
NATIONALUM,National Aluminium Company Limited,,EQ,INE139A01034,1999-04-28,NATIONALUM.NS,3080012741.9250183,61,True,False
ONGC,Oil & Natural Gas Corporation Limited,,EQ,INE213A01029,1995-07-19,ONGC.NS,3076361695.6323395,62,True,False
SWIGGY,Swiggy Limited,,EQ,INE00H001014,2024-11-13,SWIGGY.NS,3054393287.235367,63,True,True
HAL,Hindustan Aeronautics Limited,,EQ,INE066F01020,2018-03-28,HAL.NS,3048270002.0,64,True,False
TRENT,Trent Limited,,EQ,INE849A01020,2004-06-07,TRENT.NS,3018487456.0750732,65,True,False
HEROMOTOCO,Hero MotoCorp Limited,,EQ,INE158A01026,2003-04-11,HEROMOTOCO.NS,2993984435.6328125,66,True,False
TMPV,Tata Motors Passenger Vehicles Limited,,EQ,INE155A01022,1998-07-22,TMPV.NS,2969421308.2805786,67,True,False
TMCV,Tata Motors Limited,,EQ,INE1TAE01010,2025-11-12,TMCV.NS,2911996632.581558,68,True,True
ASHOKLEY,Ashok Leyland Limited,,EQ,INE208A01029,1995-05-25,ASHOKLEY.NS,2892551860.169029,69,True,False
OFSS,Oracle Financial Services Software Limited,,EQ,INE881D01027,2002-06-28,OFSS.NS,2822683675.5,70,True,False
LAURUSLABS,Laurus Labs Limited,,EQ,INE947Q01028,2016-12-19,LAURUSLABS.NS,2816069837.7612305,71,True,False
BANKBARODA,Bank of Baroda,,EQ,INE028A01039,1997-02-19,BANKBARODA.NS,2815799403.0401917,72,True,False
ULTRACEMCO,UltraTech Cement Limited,,EQ,INE481G01011,2004-08-24,ULTRACEMCO.NS,2772664939.4780273,73,True,False
ZEEL,Zee Entertainment Enterprises Limited,,EQ,INE256A01028,1998-09-09,ZEEL.NS,2752299710.1394577,74,True,False
PINELABS,Pine Labs Limited,,EQ,INE15B701018,2025-11-14,PINELABS.NS,2705891611.8467865,75,True,True
JIOFIN,Jio Financial Services Limited,,EQ,INE758E01017,2023-08-21,JIOFIN.NS,2652817281.3728943,76,True,False
ASIANPAINT,Asian Paints Limited,,EQ,INE021A01026,1995-05-31,ASIANPAINT.NS,2626661789.7978516,77,True,False
SAIL,Steel Authority of India Limited,,EQ,INE114A01011,1995-07-06,SAIL.NS,2622385679.7932053,78,True,False
PERSISTENT,Persistent Systems Limited,,EQ,INE262H01021,2010-04-06,PERSISTENT.NS,2583586936.144043,79,True,False
NESTLEIND,Nestle India Limited,,EQ,INE239A01024,2023-08-01,NESTLEIND.NS,2568966317.2631836,80,True,False
DIVISLAB,Divi's Laboratories Limited,,EQ,INE361B01024,2003-03-12,DIVISLAB.NS,2538345562.4831543,81,True,False
MOTHERSON,Samvardhana Motherson International Limited,,EQ,INE775A01035,1996-08-14,MOTHERSON.NS,2533089716.9942474,82,True,False
POLYCAB,Polycab India Limited,,EQ,INE455K01017,2019-04-16,POLYCAB.NS,2515382246.5458984,83,True,False
APOLLOHOSP,Apollo Hospitals Enterprise Limited,,EQ,INE437A01024,1996-01-10,APOLLOHOSP.NS,2502986859.0,84,True,False
VBL,Varun Beverages Limited,,EQ,INE200M01039,2016-11-08,VBL.NS,2490201010.1044006,85,True,False
COALINDIA,Coal India Limited,,EQ,INE522F01014,2010-11-04,COALINDIA.NS,2429130277.2721252,86,True,False
MUTHOOTFIN,Muthoot Finance Limited,,EQ,INE414G01012,2011-05-06,MUTHOOTFIN.NS,2355794942.1777344,87,True,False
PFC,Power Finance Corporation Limited,,EQ,INE134E01011,2007-02-23,PFC.NS,2348410374.628601,88,True,False
CHOLAFIN,Cholamandalam Investment and Finance Company Limited,,EQ,INE121A01024,1996-05-15,CHOLAFIN.NS,2345177104.352051,89,True,False
POWERGRID,Power Grid Corporation of India Limited,,EQ,INE752E01010,2007-10-05,POWERGRID.NS,2332920260.585129,90,True,False
LENSKART,Lenskart Solutions Limited,,EQ,INE956O01016,2025-11-10,LENSKART.NS,2283752585.503296,91,True,True
HINDPETRO,Hindustan Petroleum Corporation Limited,,EQ,INE094A01015,1998-06-17,HINDPETRO.NS,2256546516.049591,92,True,False
MEESHO,Meesho Limited,,EQ,INE0VDM01015,2025-12-10,MEESHO.NS,2247030650.4268265,93,True,True
TORNTPHARM,Torrent Pharmaceuticals Limited,,EQ,INE685A01028,2002-11-25,TORNTPHARM.NS,2201291921.312744,94,True,False
APARINDS,Apar Industries Limited,,EQ,INE372A01015,2004-07-12,APARINDS.NS,2171751952.0,95,True,False
DLF,DLF Limited,,EQ,INE271C01023,2007-07-05,DLF.NS,2166328726.492584,96,True,False
UNIONBANK,Union Bank of India,,EQ,INE692A01016,2002-09-24,UNIONBANK.NS,2162088629.122093,97,True,False
AMBER,Amber Enterprises India Limited,,EQ,INE371P01015,2018-01-30,AMBER.NS,2125243812.5,98,True,False
DRREDDY,Dr. Reddy's Laboratories Limited,,EQ,INE089A01031,2003-05-30,DRREDDY.NS,2080180191.3547363,99,True,False
HDFCAMC,HDFC Asset Management Company Limited,,EQ,INE127D01025,2018-08-06,HDFCAMC.NS,2075043801.392334,100,True,False
IFCI,IFCI Limited,,EQ,INE039A01010,1995-04-26,IFCI.NS,2060648114.362873,101,True,False
INDUSTOWER,Indus Towers Limited,,EQ,INE121J01017,2012-12-28,INDUSTOWER.NS,2054890298.0935364,102,True,False
HINDZINC,Hindustan Zinc Limited,,EQ,INE267A01025,2006-11-21,HINDZINC.NS,2049104653.3206177,103,True,False
WAAREEENER,Waaree Energies Limited,,EQ,INE377N01017,2024-10-28,WAAREEENER.NS,2042707435.6740723,104,True,True
ANGELONE,Angel One Limited,,EQ,INE732I01021,2020-10-05,ANGELONE.NS,2016133370.4143677,105,True,False
FEDERALBNK,The Federal Bank  Limited,,EQ,INE171A01029,1995-02-08,FEDERALBNK.NS,1990585751.94281,106,True,False
BPCL,Bharat Petroleum Corporation Limited,,EQ,INE029A01011,1995-09-13,BPCL.NS,1990339219.9438324,107,True,False
PARAS,Paras Defence and Space Technologies Limited,,EQ,INE045601023,2021-10-01,PARAS.NS,1985770560.2745361,108,True,False
CUMMINSIND,Cummins India Limited,,EQ,INE298A01020,1995-03-29,CUMMINSIND.NS,1984095580.5,109,True,False
AEGISLOG,Aegis Logistics Limited,,EQ,INE208C01025,1996-04-03,AEGISLOG.NS,1963521406.6195068,110,True,False
MAXHEALTH,Max Healthcare Institute Limited,,EQ,INE027H01010,2020-08-21,MAXHEALTH.NS,1949832078.7666016,111,True,False
BAJAJFINSV,Bajaj Finserv Limited,,EQ,INE918I01026,2008-05-26,BAJAJFINSV.NS,1937482894.260498,112,True,False
NAUKRI,Info Edge (India) Limited,,EQ,INE663F01032,2006-11-21,NAUKRI.NS,1928900066.07193,113,True,False
LODHA,Lodha Developers Limited,,EQ,INE670K01029,2021-04-19,LODHA.NS,1925829628.2875977,114,True,False
ABB,ABB India Limited,,EQ,INE117A01022,1995-02-08,ABB.NS,1911830592.6862793,115,True,False
GRASIM,Grasim Industries Limited,,EQ,INE047A01021,1995-05-10,GRASIM.NS,1909623388.222168,116,True,False
POLICYBZR,PB Fintech Limited,,EQ,INE417T01026,2021-11-15,POLICYBZR.NS,1908238598.0128174,117,True,False
LUPIN,Lupin Limited,,EQ,INE326A01037,2001-09-10,LUPIN.NS,1900754136.7509766,118,True,False
VOGL,Vedanta Oil and Gas Limited,,EQ,INE704J01044,2026-06-15,VOGL.NS,1897969643.3849716,119,True,True
NYKAA,FSN E-Commerce Ventures Limited,,EQ,INE388Y01029,2021-11-10,NYKAA.NS,1897003742.4174347,120,True,False
SOLARINDS,Solar Industries India Limited,,EQ,INE343H01029,2006-04-03,SOLARINDS.NS,1868596237.9785156,121,True,False
DMART,Avenue Supermarts Limited,,EQ,INE192R01011,2017-03-21,DMART.NS,1829392674.5,122,True,False
JSWSTEEL,JSW Steel Limited,,EQ,INE019A01038,2005-03-23,JSWSTEEL.NS,1765334446.7069092,123,True,False
GMRAIRPORT,GMR AIRPORTS LIMITED,,EQ,INE776C01039,2006-08-21,GMRAIRPORT.NS,1748012339.288189,124,True,False
BANDHANBNK,Bandhan Bank Limited,,EQ,INE545U01014,2018-03-27,BANDHANBNK.NS,1746198684.760666,125,True,False
HINDCOPPER,Hindustan Copper Limited,,EQ,INE531E01026,2010-09-15,HINDCOPPER.NS,1727815818.248291,126,True,False
INDIANB,Indian Bank,,EQ,INE562A01011,2007-03-01,INDIANB.NS,1689683825.1018372,127,True,False
TATAPOWER,Tata Power Company Limited,,EQ,INE245A01021,1996-04-03,TATAPOWER.NS,1674462189.6420593,128,True,False
BHARATFORG,Bharat Forge Limited,,EQ,INE465A01025,2003-04-04,BHARATFORG.NS,1656361059.9331055,129,True,False
MAZDOCK,Mazagon Dock Shipbuilders Limited,,EQ,INE249Z01020,2020-10-12,MAZDOCK.NS,1636733859.0332031,130,True,False
LTM,LTM Limited,,EQ,INE214T01019,2016-07-21,LTM.NS,1626635385.640747,131,True,False
INDUSINDBK,IndusInd Bank Limited,,EQ,INE095A01012,1998-01-28,INDUSINDBK.NS,1625695964.688385,132,True,False
HDFCLIFE,HDFC Life Insurance Company Limited,,EQ,INE795G01014,2017-11-17,HDFCLIFE.NS,1613407998.0899048,133,True,False
TATACONSUM,TATA CONSUMER PRODUCTS LIMITED,,EQ,INE192A01025,1998-11-18,TATACONSUM.NS,1602213443.288269,134,True,False
WOCKPHARMA,Wockhardt Limited,,EQ,INE049B01025,2000-02-23,WOCKPHARMA.NS,1597653124.5599976,135,True,False
IOC,Indian Oil Corporation Limited,,EQ,INE242A01010,1996-07-24,IOC.NS,1595962207.0007324,136,True,False
SBILIFE,SBI Life Insurance Company Limited,,EQ,INE123W01016,2017-10-03,SBILIFE.NS,1593717635.3267822,137,True,False
RBLBANK,RBL Bank Limited,,EQ,INE976G01028,2016-08-31,RBLBANK.NS,1586824172.1791382,138,True,False
NMDC,NMDC Limited,,EQ,INE584A01023,2008-03-03,NMDC.NS,1585635291.784565,139,True,False
SAMMAANCAP,Sammaan Capital Limited,,EQ,INE148I01020,2013-07-23,SAMMAANCAP.NS,1585451466.9898987,140,True,False
FORCEMOT,FORCE MOTORS LTD,,EQ,INE451A01017,2024-02-14,FORCEMOT.NS,1571316297.0,141,True,False
CDSL,Central Depository Services (India) Limited,,EQ,INE736A01011,2017-06-30,CDSL.NS,1565402386.321289,142,True,False
TEJASNET,Tejas Networks Limited,,EQ,INE010J01012,2017-06-27,TEJASNET.NS,1558107758.1149292,143,True,False
AUROPHARMA,Aurobindo Pharma Limited,,EQ,INE406A01037,2000-07-19,AUROPHARMA.NS,1537653045.4829102,144,True,False
CIPLA,Cipla Limited,,EQ,INE059A01026,1995-02-08,CIPLA.NS,1531334758.3197021,145,True,False
RECLTD,REC Limited,,EQ,INE020B01018,2008-03-12,RECLTD.NS,1517034160.7226562,146,True,False
LICI,Life Insurance Corporation Of India,,EQ,INE0J1Y01017,2022-05-17,LICI.NS,1491473355.5839539,147,True,False
PNB,Punjab National Bank,,EQ,INE160A01022,2002-04-24,PNB.NS,1490829960.6843452,148,True,False
EXIDEIND,Exide Industries Limited,,EQ,INE302A01020,2003-06-17,EXIDEIND.NS,1487202035.0062103,149,True,False
LTF,L&T Finance Limited,,EQ,INE498L01015,2011-08-12,LTF.NS,1484921994.0139465,150,True,False
GAIL,GAIL (India) Limited,,EQ,INE129A01019,1997-04-02,GAIL.NS,1483218261.1037903,151,True,False
DELHIVERY,Delhivery Limited,,EQ,INE148O01028,2022-05-24,DELHIVERY.NS,1482167800.5773163,152,True,False
AUBANK,AU Small Finance Bank Limited,,EQ,INE949L01017,2017-07-10,AUBANK.NS,1471000409.295227,153,True,False
INDHOTEL,The Indian Hotels Company Limited,,EQ,INE053A01029,1996-07-03,INDHOTEL.NS,1468204912.0,154,True,False
KEI,KEI Industries Limited,,EQ,INE878B01027,2006-03-23,KEI.NS,1462152314.0,155,True,False
ENRIN,Siemens Energy India Limited,,EQ,INE1NPP01017,2025-06-19,ENRIN.NS,1445095688.6074219,156,True,True
SYRMA,Syrma SGS Technology Limited,,EQ,INE0DYJ01015,2022-08-26,SYRMA.NS,1418371842.4299316,157,True,False
MARICO,Marico Limited,,EQ,INE196A01026,1996-05-01,MARICO.NS,1414106722.9111938,158,True,False
BRITANNIA,Britannia Industries Limited,,EQ,INE216A01030,1998-11-05,BRITANNIA.NS,1393233017.739746,159,True,False
IDFCFIRSTB,IDFC First Bank Limited,,EQ,INE092T01019,2015-11-06,IDFCFIRSTB.NS,1388969727.518505,160,True,False
OIL,Oil India Limited,,EQ,INE274J01014,2009-09-30,OIL.NS,1380009935.8921204,161,True,False
GRSE,Garden Reach Shipbuilders & Engineers Limited,,EQ,INE382Z01011,2018-10-10,GRSE.NS,1362397892.4534912,162,True,False
BIOCON,Biocon Limited,,EQ,INE376G01013,2004-04-07,BIOCON.NS,1352065744.7918243,163,True,False
VISL,Vedanta Iron and Steel Limited,,EQ,INE1CLE01013,2026-06-15,VISL.NS,1347279532.2379303,164,True,True
COCHINSHIP,Cochin Shipyard Limited,,EQ,INE704P01025,2017-08-11,COCHINSHIP.NS,1320678224.5089722,165,True,False
CHENNPETRO,Chennai Petroleum Corporation Limited,,EQ,INE178A01016,2000-06-07,CHENNPETRO.NS,1320612042.6064453,166,True,False
ATGL,Adani Total Gas Limited,,EQ,INE399L01023,2018-11-05,ATGL.NS,1305490230.0126648,167,True,False
JSWENERGY,JSW Energy Limited,,EQ,INE121E01018,2010-01-04,JSWENERGY.NS,1281231108.1844482,168,True,False
HYUNDAI,Hyundai Motor India Limited,,EQ,INE0V6F01027,2024-10-22,HYUNDAI.NS,1274080774.2866821,169,True,True
RRKABEL,R R Kabel Limited,,EQ,INE777K01022,2023-09-20,RRKABEL.NS,1253283353.0473633,170,True,False
BOSCHLTD,Bosch Limited,,EQ,INE323A01026,2003-05-12,BOSCHLTD.NS,1251751600.0,171,True,False
PIDILITIND,Pidilite Industries Limited,,EQ,INE318A01026,1995-03-29,PIDILITIND.NS,1246949519.142395,172,True,False
SIEMENS,Siemens Limited,,EQ,INE003A01024,1995-09-06,SIEMENS.NS,1236318918.6159668,173,True,False
ZYDUSLIFE,Zydus Lifesciences Limited,,EQ,INE010B01027,2000-04-18,ZYDUSLIFE.NS,1235053947.887085,174,True,False
TDPOWERSYS,TD Power Systems Limited,,EQ,INE419M01027,2011-09-08,TDPOWERSYS.NS,1219803846.1065674,175,True,False
RVNL,Rail Vikas Nigam Limited,,EQ,INE415G01027,2019-04-11,RVNL.NS,1219648104.6222687,176,True,False
GLAND,Gland Pharma Limited,,EQ,INE068V01023,2020-11-20,GLAND.NS,1217467429.0010986,177,True,False
SONACOMS,Sona BLW Precision Forgings Limited,,EQ,INE073K01018,2021-06-24,SONACOMS.NS,1215818397.4611816,178,True,False
ABCAPITAL,Aditya Birla Capital Limited,,EQ,INE674K01013,2017-09-01,ABCAPITAL.NS,1214172237.905075,179,True,False
VEDPOWER,Vedanta Power Limited,,EQ,INE694L01019,2026-06-15,VEDPOWER.NS,1212309045.6398315,180,True,True
AMBUJACEM,Ambuja Cements Limited,,EQ,INE079A01024,1998-02-18,AMBUJACEM.NS,1185819674.4837646,181,True,False
PREMIERENE,Premier Energies Limited,,EQ,INE0BS701011,2024-09-03,PREMIERENE.NS,1177907691.881897,182,True,True
KPITTECH,KPIT Technologies Limited,,EQ,INE04I401011,2019-04-22,KPITTECH.NS,1171050823.770172,183,True,False
MPHASIS,MphasiS Limited,,EQ,INE356A01018,2004-06-04,MPHASIS.NS,1170771609.1881104,184,True,False
PRESTIGE,Prestige Estates Projects Limited,,EQ,INE811K01011,2010-10-27,PRESTIGE.NS,1168939020.9754503,185,True,False
BDL,Bharat Dynamics Limited,,EQ,INE171Z01026,2018-03-23,BDL.NS,1167336468.4835205,186,True,False
FORTIS,Fortis Healthcare Limited,,EQ,INE061F01013,2007-05-09,FORTIS.NS,1156272498.9690857,187,True,False
TATAELXSI,Tata Elxsi Limited,,EQ,INE670A01012,2003-09-17,TATAELXSI.NS,1150511839.7893066,188,True,False
PGEL,PG Electroplast Limited,,EQ,INE457L01029,2011-09-26,PGEL.NS,1149713329.47406,189,True,False
GODREJPROP,Godrej Properties Limited,,EQ,INE484J01027,2010-01-05,GODREJPROP.NS,1149652107.651062,190,True,False
WELCORP,Welspun Corp Limited,,EQ,INE191B01025,2005-05-24,WELCORP.NS,1141555589.9241943,191,True,False
WABAG,VA Tech Wabag Limited,,EQ,INE956G01038,2010-10-13,WABAG.NS,1139448228.1843872,192,True,False
BANKINDIA,Bank of India,,EQ,INE084A01016,1997-04-30,BANKINDIA.NS,1139058195.3721619,193,True,False
CARTRADE,Cartrade Tech Limited,,EQ,INE290S01011,2021-08-20,CARTRADE.NS,1138240331.5289307,194,True,False
GLENMARK,Glenmark Pharmaceuticals Limited,,EQ,INE935A01035,2000-02-07,GLENMARK.NS,1128407163.8850098,195,True,False
ACUTAAS,Acutaas Chemicals Limited,,EQ,INE00FF01025,2021-09-14,ACUTAAS.NS,1111210868.5943604,196,True,False
PATANJALI,Patanjali Foods Limited,,EQ,INE619A01035,2020-01-24,PATANJALI.NS,1106312613.3003387,197,True,False
JPPOWER,Jaiprakash Power Ventures Limited,,EQ,INE351F01018,2005-04-18,JPPOWER.NS,1089793003.4103518,198,True,False
SRF,SRF Limited,,EQ,INE647A01010,2003-08-18,SRF.NS,1087029966.3013916,199,True,False
RADICO,Radico Khaitan Limited,,EQ,INE944F01028,2003-06-18,RADICO.NS,1070454502.8225098,200,True,False
PCJEWELLER,PC Jeweller Limited,,EQ,INE785M01021,2012-12-27,PCJEWELLER.NS,1068681443.6821303,201,True,False
360ONE,360 ONE WAM LIMITED,,EQ,INE466L01038,2019-09-19,360ONE.NS,1058543155.7786865,202,True,False
NBCC,NBCC (India) Limited,,EQ,INE095N01031,2012-04-12,NBCC.NS,1051255110.0950546,203,True,False
HAVELLS,Havells India Limited,,EQ,INE176B01034,2001-03-21,HAVELLS.NS,1048951285.9006348,204,True,False
THANGAMAYL,Thangamayil Jewellery Limited,,EQ,INE085J01014,2010-02-19,THANGAMAYL.NS,1029068150.2097168,205,True,False
VMM,Vishal Mega Mart Limited,,EQ,INE01EA01019,2024-12-18,VMM.NS,1027495294.6808662,206,True,True
JINDALSTEL,JINDAL STEEL LIMITED,,EQ,INE749A01030,1999-12-29,JINDALSTEL.NS,1017429011.8167114,207,True,False
PHOENIXLTD,The Phoenix Mills Limited,,EQ,INE211B01039,2007-04-23,PHOENIXLTD.NS,1016899898.0,208,True,False
JSWINFRA,JSW Infrastructure Limited,,EQ,INE880J01026,2023-10-03,JSWINFRA.NS,1014224577.1683044,209,True,False
IIFL,IIFL Finance Limited,,EQ,INE530B01024,2005-05-17,IIFL.NS,1011290649.3104553,210,True,False
PAGEIND,Page Industries Limited,,EQ,INE761H01022,2007-03-16,PAGEIND.NS,1002319955.0,211,True,False
MAHABANK,Bank of Maharashtra,,EQ,INE457A01014,2004-04-12,MAHABANK.NS,1000494861.6627922,212,True,False
ICICIGI,ICICI Lombard General Insurance Company Limited,,EQ,INE765G01017,2017-09-27,ICICIGI.NS,995285366.1821289,213,True,False
NHPC,NHPC Limited,,EQ,INE848E01016,2009-09-01,NHPC.NS,994328427.4727707,214,True,False
RAIN,Rain Industries Limited,,EQ,INE855B01025,2008-03-03,RAIN.NS,990380027.3197632,215,True,False
MFSL,Max Financial Services Limited,,EQ,INE180A01020,2000-05-17,MFSL.NS,988194947.5,216,True,False
ASTRAMICRO,Astra Microwave Products Limited,,EQ,INE386C01029,2004-11-01,ASTRAMICRO.NS,986254563.7036743,217,True,False
SCI,Shipping Corporation Of India Limited,,EQ,INE109A01011,1997-08-13,SCI.NS,983356223.3937988,218,True,False
ANANTRAJ,Anant Raj Limited,,EQ,INE242C01024,2006-09-27,ANANTRAJ.NS,982458425.5718994,219,True,False
APLAPOLLO,APL Apollo Tubes Limited,,EQ,INE702C01027,2011-12-14,APLAPOLLO.NS,978379125.9597168,220,True,False
ZENTEC,Zen Technologies Limited,,EQ,INE251B01027,2015-03-30,ZENTEC.NS,978293521.1758423,221,True,False
THERMAX,Thermax Limited,,EQ,INE152A01029,1995-08-30,THERMAX.NS,977931565.078125,222,True,False
NAVINFLUOR,Navin Fluorine International Limited,,EQ,INE048G01026,2007-06-01,NAVINFLUOR.NS,974576368.5771484,223,True,False
ICICIAMC,ICICI Prudential Asset Management Company Limited,,EQ,INE346A01027,2025-12-19,ICICIAMC.NS,963363973.5010986,224,True,True
MANAPPURAM,Manappuram Finance Limited,,EQ,INE522D01027,2014-12-01,MANAPPURAM.NS,956517267.0709991,225,True,False
NAM-INDIA,Nippon Life India Asset Management Limited,,EQ,INE298J01013,2017-11-06,NAM-INDIA.NS,955196122.3424072,226,True,False
VOLTAS,Voltas Limited,,EQ,INE226A01021,1995-04-12,VOLTAS.NS,947207279.2150879,227,True,False
UPL,UPL Limited,,EQ,INE628A01036,2004-01-23,UPL.NS,946967746.9528809,228,True,False
KIRLOSENG,Kirloskar Oil Engines Limited,,EQ,INE146L01010,2010-12-24,KIRLOSENG.NS,932878286.6759033,229,True,False
UNITDSPR,United Spirits Limited,,EQ,INE854D01024,2001-09-27,UNITDSPR.NS,925540308.9573975,230,True,False
AEQUS,Aequs Limited,,EQ,INE947N01017,2025-12-10,AEQUS.NS,915481011.1796417,231,True,True
AZAD,Azad Engineering Limited,,EQ,INE02IJ01035,2023-12-28,AZAD.NS,910503299.026001,232,True,False
JUBLFOOD,Jubilant Foodworks Limited,,EQ,INE797F01020,2010-02-08,JUBLFOOD.NS,907172480.2060852,233,True,False
UNOMINDA,UNO Minda Limited,,EQ,INE405E01023,2007-02-02,UNOMINDA.NS,905810712.1878662,234,True,False
MRPL,Mangalore Refinery and Petrochemicals Limited,,EQ,INE103A01014,2005-01-07,MRPL.NS,870473116.8326721,235,True,False
TATACOMM,Tata Communications Limited,,EQ,INE151A01013,1995-04-12,TATACOMM.NS,866927151.553833,236,True,False
LLOYDSME,Lloyds Metals And Energy Limited,,EQ,INE281B01032,2023-07-17,LLOYDSME.NS,866812806.8266602,237,True,False
EMMVEE,Emmvee Photovoltaic Power Limited,,EQ,INE1C6T01020,2025-11-18,EMMVEE.NS,859114272.7396545,238,True,True
REDINGTON,Redington Limited,,EQ,INE891D01026,2007-02-15,REDINGTON.NS,851723836.3318787,239,True,False
BELRISE,Belrise Industries Limited,,EQ,INE894V01022,2025-05-28,BELRISE.NS,847515716.4581299,240,True,True
INOXWIND,Inox Wind Limited,,EQ,INE066P01011,2015-04-09,INOXWIND.NS,841259704.8487015,241,True,False
M&MFIN,Mahindra & Mahindra Financial Services Limited,,EQ,INE774D01024,2006-03-17,M&MFIN.NS,833430145.0211334,242,True,False
NLCINDIA,NLC India Limited,,EQ,INE589A01014,2000-08-23,NLCINDIA.NS,827445272.5,243,True,False
CAMS,Computer Age Management Services Limited,,EQ,INE596I01020,2021-05-07,CAMS.NS,825120526.8702087,244,True,False
LLOYDSENGG,LLOYDS ENGINEERING WORKS LIMITED,,EQ,INE093R01011,2016-07-18,LLOYDSENGG.NS,823894569.1720047,245,True,False
MANKIND,Mankind Pharma Limited,,EQ,INE634S01028,2023-05-09,MANKIND.NS,823532960.7438965,246,True,False
TATATECH,Tata Technologies Limited,,EQ,INE142M01025,2023-11-30,TATATECH.NS,811328891.0857544,247,True,False
GODREJCP,Godrej Consumer Products Limited,,EQ,INE102D01028,2001-06-20,GODREJCP.NS,792491485.4584961,248,True,False
PWL,Physicswallah Limited,,EQ,INE0LP301011,2025-11-18,PWL.NS,785975981.958313,249,True,True
PAISALO,Paisalo Digital Limited,,EQ,INE420C01059,2011-10-17,PAISALO.NS,780420043.1591873,250,True,False
CEMPRO,Cemindia Projects Limited,,EQ,INE686A01026,1999-02-10,CEMPRO.NS,775489124.5318604,251,True,False
PNBHOUSING,PNB Housing Finance Limited,,EQ,INE572E01012,2016-11-07,PNBHOUSING.NS,769125450.4108276,252,True,False
KFINTECH,Kfin Technologies Limited,,EQ,INE138Y01010,2022-12-29,KFINTECH.NS,767138430.7109375,253,True,False
SANSERA,Sansera Engineering Limited,,EQ,INE953O01021,2021-09-24,SANSERA.NS,750309875.1928711,254,True,False
RPOWER,Reliance Power Limited,,EQ,INE614G01033,2008-02-11,RPOWER.NS,742819116.8288527,255,True,False
UJJIVANSFB,Ujjivan Small Finance Bank Limited,,EQ,INE551W01018,2019-12-12,UJJIVANSFB.NS,739282426.0120239,256,True,False
PPLPHARMA,Piramal Pharma Limited,,EQ,INE0DK501011,2022-10-19,PPLPHARMA.NS,736155650.645752,257,True,False
IRFC,Indian Railway Finance Corporation Limited,,EQ,INE053F01010,2021-01-29,IRFC.NS,725737576.3311996,258,True,False
CPPLUS,Aditya Infotech Limited,,EQ,INE819V01029,2025-08-05,CPPLUS.NS,725149848.5168457,259,True,True
DABUR,Dabur India Limited,,EQ,INE016A01026,1999-04-28,DABUR.NS,720885706.826416,260,True,False
HBLENGINE,HBL Engineering Limited,,EQ,INE292B01021,2007-01-04,HBLENGINE.NS,716137872.320221,261,True,False
ASTRAL,Astral Limited,,EQ,INE006I01046,2007-03-20,ASTRAL.NS,715891166.8410645,262,True,False
GESHIP,The Great Eastern Shipping Company Limited,,EQ,INE017A01032,2006-11-27,GESHIP.NS,713965480.2111816,263,True,False
CONCOR,Container Corporation of India Limited,,EQ,INE111A01025,1997-05-07,CONCOR.NS,702380192.0598907,264,True,False
TIINDIA,Tube Investments of India Limited,,EQ,INE974X01010,2017-11-02,TIINDIA.NS,685386861.2160645,265,True,False
CMPDI,Central Mine Planning & Design Institute Limited,,EQ,INE05HV01027,2026-03-30,CMPDI.NS,682985768.4623802,266,True,True
JYOTICNC,Jyoti CNC Automation Limited,,EQ,INE980O01024,2024-01-16,JYOTICNC.NS,681708923.25,267,True,False
ICICIPRULI,ICICI Prudential Life Insurance Company Limited,,EQ,INE726G01019,2016-09-29,ICICIPRULI.NS,677472403.3622894,268,True,False
NUVAMA,Nuvama Wealth Management Limited,,EQ,INE531F01023,2023-09-26,NUVAMA.NS,677220820.8270264,269,True,False
MOTILALOFS,Motilal Oswal Financial Services Limited,,EQ,INE338I01027,2007-09-11,MOTILALOFS.NS,674805286.9042358,270,True,False
GMDCLTD,Gujarat Mineral Development Corporation Limited,,EQ,INE131A01031,1997-12-17,GMDCLTD.NS,673071800.7979431,271,True,False
AGIIL,Agi Infra Limited,,EQ,INE976R01033,2024-07-15,AGIIL.NS,668203942.4590759,272,True,False
GRANULES,Granules India Limited,,EQ,INE101D01020,2005-06-20,GRANULES.NS,667558111.493103,273,True,False
LICHSGFIN,LIC Housing Finance Limited,,EQ,INE115A01026,1998-07-29,LICHSGFIN.NS,665067089.6282959,274,True,False
SAGILITY,SAGILITY LIMITED,,EQ,INE0W2G01015,2024-11-12,SAGILITY.NS,660642675.2564049,275,True,True
ACMESOLAR,Acme Solar Holdings Limited,,EQ,INE622W01025,2024-11-13,ACMESOLAR.NS,658478972.3102417,276,True,True
AEROFLEX,Aeroflex Industries Limited,,EQ,INE024001021,2023-08-31,AEROFLEX.NS,651639743.8855438,277,True,False
COLPAL,Colgate Palmolive (India) Limited,,EQ,INE259A01022,2007-12-17,COLPAL.NS,649623095.5301514,278,True,False
MRF,MRF Limited,,EQ,INE883A01011,1996-09-18,MRF.NS,648572587.078125,279,True,False
NEULANDLAB,Neuland Laboratories Limited,,EQ,INE794A01010,2008-10-13,NEULANDLAB.NS,632393024.0429688,280,True,False
SOUTHBANK,The South Indian Bank Limited,,EQ,INE683A01023,1998-12-08,SOUTHBANK.NS,628813266.6281109,281,True,False
TIMETECHNO,Time Technoplast Limited,,EQ,INE508G01029,2007-06-13,TIMETECHNO.NS,619469860.2021179,282,True,False
CGCL,Capri Global Capital Limited,,EQ,INE180C01042,2010-10-29,CGCL.NS,617498884.814209,283,True,False
TATACAP,Tata Capital Limited,,EQ,INE976I01016,2025-10-13,TATACAP.NS,616172881.8273468,284,True,True
KISSHT,OnEMI Technology Solutions Limited,,EQ,INE12F801023,2026-05-08,KISSHT.NS,613127933.0493927,285,True,True
ALKEM,Alkem Laboratories Limited,,EQ,INE540L01014,2015-12-23,ALKEM.NS,612438578.9443359,286,True,False
TARIL,Transformers And Rectifiers (India) Limited,,EQ,INE763I01026,2007-12-28,TARIL.NS,611358198.7498016,287,True,False
JAINREC,Jain Resource Recycling Limited,,EQ,INE0YD401026,2025-10-01,JAINREC.NS,610770301.802124,288,True,True
GODFRYPHLP,Godfrey Phillips India Limited,,EQ,INE260B01028,1996-07-24,GODFRYPHLP.NS,605638694.3675537,289,True,False
HCC,Hindustan Construction Company Limited,,EQ,INE549A01026,2003-04-01,HCC.NS,604741542.0708551,290,True,False
PIIND,PI Industries Limited,,EQ,INE603J01030,2011-06-15,PIIND.NS,603907925.9760742,291,True,False
OLECTRA,Olectra Greentech Limited,,EQ,INE260D01016,2002-03-20,OLECTRA.NS,600256080.6489258,292,True,False
SHAILY,Shaily Engineering Plastics Limited,,EQ,INE151G01028,2022-04-04,SHAILY.NS,598064429.7752686,293,True,False
J&KBANK,The Jammu & Kashmir Bank Limited,,EQ,INE168A01041,1998-07-22,J&KBANK.NS,596900890.3618622,294,True,False
ANANDRATHI,Anand Rathi Wealth Limited,,EQ,INE463V01026,2021-12-14,ANANDRATHI.NS,596101367.3770752,295,True,False
KARURVYSYA,Karur Vysya Bank Limited,,EQ,INE036D01028,2000-07-26,KARURVYSYA.NS,593780266.5856018,296,True,False
TFCILTD,Tourism Finance Corporation of India Limited,,EQ,INE305A01023,2000-07-26,TFCILTD.NS,591645566.0305939,297,True,False
KTKBANK,The Karnataka Bank Limited,,EQ,INE614B01018,2000-05-10,KTKBANK.NS,589243844.056076,298,True,False
SBICARD,SBI Cards and Payment Services Limited,,EQ,INE018E01016,2020-03-16,SBICARD.NS,587806086.0878906,299,True,False
IDBI,IDBI Bank Limited,,EQ,INE008A01015,1995-09-20,IDBI.NS,581866347.874073,300,True,False
IREDA,Indian Renewable Energy Development Agency Limited,,EQ,INE202E01016,2023-11-29,IREDA.NS,579720965.3504906,301,True,False
BHARATCOAL,Bharat Coking Coal Limited,,EQ,INE05XR01022,2026-01-19,BHARATCOAL.NS,578254473.1752529,302,True,True
OBEROIRLTY,Oberoi Realty Limited,,EQ,INE093I01010,2010-10-20,OBEROIRLTY.NS,573859299.1851807,303,True,False
CROMPTON,Crompton Greaves Consumer Electricals Limited,,EQ,INE299U01018,2016-05-13,CROMPTON.NS,568911195.0933838,304,True,False
AVALON,Avalon Technologies Limited,,EQ,INE0LCL01028,2023-04-18,AVALON.NS,567026481.0432739,305,True,False
LGEINDIA,LG Electronics India Limited,,EQ,INE324D01010,2025-10-14,LGEINDIA.NS,566721340.979126,306,True,True
SUPREMEIND,Supreme Industries Limited,,EQ,INE195A01028,1995-07-19,SUPREMEIND.NS,562911762.918457,307,True,False
SKYGOLD,SKY GOLD AND DIAMONDS LIMITED,,EQ,INE01IU01018,2023-01-06,SKYGOLD.NS,557781090.3582458,308,True,False
HEG,HEG Limited,,EQ,INE545A01024,1995-05-10,HEG.NS,557491978.845047,309,True,False
NAZARA,Nazara Technologies Limited,,EQ,INE418L01047,2021-03-30,NAZARA.NS,551893252.7964172,310,True,False
ENGINERSIN,Engineers India Limited,,EQ,INE510A01028,1997-08-20,ENGINERSIN.NS,551756449.094017,311,True,False
POONAWALLA,Poonawalla Fincorp Limited,,EQ,INE511C01022,2004-04-27,POONAWALLA.NS,551639913.2106628,312,True,False
FCL,Fineotex Chemical Limited,,EQ,INE045J01034,2015-01-15,FCL.NS,549645960.346756,313,True,False
PREMEXPLN,Premier Explosives Limited,,EQ,INE863B01029,2016-06-17,PREMEXPLN.NS,538219244.6645508,314,True,False
CHOICEIN,Choice International Limited,,EQ,INE102B01014,2022-04-08,CHOICEIN.NS,536484303.3201294,315,True,False
PIRAMALFIN,Piramal Finance Limited,,EQ,INE202B01038,2025-11-07,PIRAMALFIN.NS,528025690.0390625,316,True,True
IEX,Indian Energy Exchange Limited,,EQ,INE022Q01020,2017-10-23,IEX.NS,515809205.45314026,317,True,False
ARE&M,Amara Raja Energy & Mobility Limited,,EQ,INE885A01032,2003-09-05,ARE&M.NS,512974295.4881592,318,True,False
NEWGEN,Newgen Software Technologies Limited,,EQ,INE619B01017,2018-01-29,NEWGEN.NS,511870412.7283325,319,True,False
SHADOWFAX,Shadowfax Technologies Limited,,EQ,INE12UN01015,2026-01-28,SHADOWFAX.NS,509137143.6627197,320,True,True
NH,Narayana Hrudayalaya Ltd.,,EQ,INE410P01011,2016-01-06,NH.NS,506941722.63153076,321,True,False
SHILPAMED,Shilpa Medicare Limited,,EQ,INE790G01031,2009-12-03,SHILPAMED.NS,504969135.6812439,322,True,False
VIYASH,Viyash Scientific Limited,,EQ,INE807F01027,2016-03-10,VIYASH.NS,503347270.5406952,323,True,False
PETRONET,Petronet LNG Limited,,EQ,INE347G01014,2004-03-26,PETRONET.NS,501721329.8967438,324,True,False
SAILIFE,Sai Life Sciences Limited,,EQ,INE570L01029,2024-12-18,SAILIFE.NS,501336207.4088135,325,True,True
BAJAJHLDNG,Bajaj Holdings & Investment Limited,,EQ,INE118A01012,1995-03-15,BAJAJHLDNG.NS,499183337.1269531,326,True,False
CUB,City Union Bank Limited,,EQ,INE491A01021,1998-08-25,CUB.NS,489394428.21551514,327,True,False
GRAPHITE,Graphite India Limited,,EQ,INE371A01025,2003-02-07,GRAPHITE.NS,481663418.4831848,328,True,False
BLUESTARCO,Blue Star Limited,,EQ,INE472A01039,2000-06-15,BLUESTARCO.NS,479403532.3828125,329,True,False
SHYAMMETL,Shyam Metalics and Energy Limited,,EQ,INE810G01011,2021-06-24,SHYAMMETL.NS,475068433.50891113,330,True,False
AVANTIFEED,Avanti Feeds Limited,,EQ,INE871C01038,2015-04-15,AVANTIFEED.NS,470716245.3496094,331,True,False
MOREPENLAB,Morepen Laboratories Limited,,EQ,INE083A01026,1999-11-24,MOREPENLAB.NS,470585152.0073128,332,True,False
MOSCHIP,Moschip Technologies Limited,,EQ,INE935B01025,2025-02-05,MOSCHIP.NS,470510213.9766464,333,True,True
BALAMINES,Balaji Amines Limited,,EQ,INE050E01027,2007-04-05,BALAMINES.NS,463865362.8076172,334,True,False
SHREECEM,SHREE CEMENT LIMITED,,EQ,INE070A01015,1995-04-26,SHREECEM.NS,463383646.09375,335,True,False
INOXINDIA,INOX India Limited,,EQ,INE616N01034,2023-12-21,INOXINDIA.NS,460838099.1888428,336,True,False
TRITURBINE,Triveni Turbine Limited,,EQ,INE152M01016,2011-10-28,TRITURBINE.NS,455324913.4472656,337,True,False
KERNEX,Kernex Microsystems (India) Limited,,EQ,INE202H01019,2005-12-20,KERNEX.NS,453445466.57666016,338,True,False
FLUOROCHEM,Gujarat Fluorochemicals Limited,,EQ,INE09N301011,2019-10-16,FLUOROCHEM.NS,453182390.41967773,339,True,False
DEEPAKFERT,Deepak Fertilizers and Petrochemicals Corporation Limited,,EQ,INE501A01019,2003-01-17,DEEPAKFERT.NS,447479298.06640625,340,True,False
SCHNEIDER,Schneider Electric Infrastructure Limited,,EQ,INE839M01018,2012-03-20,SCHNEIDER.NS,447075198.1138916,341,True,False
TORNTPOWER,Torrent Power Limited,,EQ,INE813H01021,2006-11-28,TORNTPOWER.NS,444982827.572937,342,True,False
SPARC,Sun Pharma Advanced Research Company Limited,,EQ,INE232I01014,2007-07-18,SPARC.NS,444702145.14102936,343,True,False
CRAFTSMAN,Craftsman Automation Limited,,EQ,INE00LO01017,2021-03-25,CRAFTSMAN.NS,433574505.0,344,True,False
PARADEEP,Paradeep Phosphates Limited,,EQ,INE088F01024,2022-05-27,PARADEEP.NS,428839970.2755585,345,True,False
LALPATHLAB,Dr. Lal Path Labs Ltd.,,EQ,INE600L01024,2015-12-23,LALPATHLAB.NS,413869232.26904297,346,True,False
KEC,KEC International Limited,,EQ,INE389H01022,2006-03-10,KEC.NS,411138291.96980286,347,True,False
AWL,AWL Agri Business Limited,,EQ,INE699H01024,2022-02-08,AWL.NS,408797908.04681396,348,True,False
HONASA,Honasa Consumer Limited,,EQ,INE0J5401028,2023-11-07,HONASA.NS,406196633.47206116,349,True,False
MARKSANS,Marksans Pharma Limited,,EQ,INE750C01026,2002-01-21,MARKSANS.NS,405527686.7675476,350,True,False
IRCTC,Indian Railway Catering And Tourism Corporation Limited,,EQ,INE335Y01020,2019-10-14,IRCTC.NS,402800101.9532471,351,True,False
GRWRHITECH,Garware Hi-Tech Films Limited,,EQ,INE291A01017,2022-02-03,GRWRHITECH.NS,400344602.41308594,352,True,False
GABRIEL,Gabriel India Limited,,EQ,INE524A01029,2005-04-20,GABRIEL.NS,399782636.95977783,353,True,False
SHREEJISPG,Shreeji Shipping Global Limited,,EQ,INE1B6101010,2025-08-26,SHREEJISPG.NS,399766611.51686096,354,True,True
KIMS,Krishna Institute of Medical Sciences Limited,,EQ,INE967H01025,2021-06-28,KIMS.NS,393562319.74572754,355,True,False
JKTYRE,JK Tyre & Industries Limited,,EQ,INE573A01042,2007-03-19,JKTYRE.NS,392966961.5198517,356,True,False
CEATLTD,CEAT Limited,,EQ,INE482A01020,2008-02-01,CEATLTD.NS,392833471.3432617,357,True,False
HUDCO,Housing & Urban Development Corporation Limited,,EQ,INE031A01017,2017-05-19,HUDCO.NS,392259051.02254486,358,True,False
EXICOM,Exicom Tele-Systems Limited,,EQ,INE777F01014,2024-03-05,EXICOM.NS,391569018.4664612,359,True,False
ASTERDM,Aster DM Quality Care Limited,,EQ,INE914M01019,2018-02-26,ASTERDM.NS,389578523.75,360,True,False
IOLCP,IOL Chemicals and Pharmaceuticals Limited,,EQ,INE485C01029,2010-11-08,IOLCP.NS,389310442.80820465,361,True,False
ITCHOTELS,ITC Hotels Limited,,EQ,INE379A01028,2025-01-29,ITCHOTELS.NS,386813789.0766449,362,True,True
BBOX,Black Box Limited,,EQ,INE676A01027,2003-07-22,BBOX.NS,385947764.6069336,363,True,False
BSOFT,BIRLASOFT LIMITED,,EQ,INE836A01035,1999-11-24,BSOFT.NS,385027988.2882385,364,True,False
FSL,Firstsource Solutions Limited,,EQ,INE684F01012,2007-02-22,FSL.NS,384064584.8229294,365,True,False
SBC,SBC Exports Limited,,EQ,INE04AK01028,2021-11-23,SBC.NS,382348434.50388336,366,True,False
JINDALSAW,Jindal Saw Limited,,EQ,INE324A01032,2003-04-29,JINDALSAW.NS,382167999.73205566,367,True,False
DALBHARAT,Dalmia Bharat Limited,,EQ,INE00R701025,2019-01-22,DALBHARAT.NS,379432230.92626953,368,True,False
JSL,Jindal Stainless Limited,,EQ,INE220G01021,2003-11-17,JSL.NS,379217588.9678955,369,True,False
ZENSARTECH,Zensar Technologies Limited,,EQ,INE520A01027,2003-07-09,ZENSARTECH.NS,378806683.2860565,370,True,False
VIKRAMSOLR,Vikram Solar Limited,,EQ,INE078V01014,2025-08-26,VIKRAMSOLR.NS,378059833.1561127,371,True,True
COROMANDEL,Coromandel International Limited,,EQ,INE169A01031,1995-05-31,COROMANDEL.NS,377616523.5924072,372,True,False
RUBICON,Rubicon Research Limited,,EQ,INE506V01022,2025-10-16,RUBICON.NS,375647751.0723877,373,True,True
NATCOPHARM,Natco Pharma Limited,,EQ,INE987B01026,1995-12-27,NATCOPHARM.NS,375068985.75,374,True,False
CREDITACC,CREDITACCESS GRAMEEN LIMITED,,EQ,INE741K01010,2018-08-23,CREDITACC.NS,373435197.2495117,375,True,False
WALCHANNAG,Walchandnagar Industries Limited,,EQ,INE711A01022,1996-09-18,WALCHANNAG.NS,364818039.2490921,376,True,False
BEML,BEML Limited,,EQ,INE258A01024,2003-11-05,BEML.NS,362270479.9061279,377,True,False
TITAGARH,TITAGARH RAIL SYSTEMS LIMITED,,EQ,INE615H01020,2008-04-21,TITAGARH.NS,361753749.649292,378,True,False
RATEGAIN,Rategain Travel Technologies Limited,,EQ,INE0CLI01024,2021-12-17,RATEGAIN.NS,356992388.58343506,379,True,False
VOLTAMP,Voltamp Transformers Limited,,EQ,INE540H01012,2006-09-20,VOLTAMP.NS,354405948.0834961,380,True,False
DECNGOLD,Deccan Gold Mines Limited,,EQ,INE945F01025,2026-04-20,DECNGOLD.NS,350305799.64297485,381,True,True
GREAVESCOT,Greaves Cotton Limited,,EQ,INE224A01026,2004-09-09,GREAVESCOT.NS,348706871.6493683,382,True,False
ECLERX,eClerx Services Limited,,EQ,INE738I01010,2007-12-31,ECLERX.NS,348315322.3054199,383,True,False
JAYNECOIND,Jayaswal Neco Industries Limited,,EQ,INE854B01010,1995-05-10,JAYNECOIND.NS,343202516.6743164,384,True,False
GPIL,Godawari Power And Ispat limited,,EQ,INE177H01039,2006-04-25,GPIL.NS,342002775.70751953,385,True,False
SWSOLAR,Sterling and Wilson Renewable Energy Limited,,EQ,INE00M201021,2019-08-20,SWSOLAR.NS,341753903.10152435,386,True,False
ONESOURCE,Onesource Specialty Pharma Limited,,EQ,INE013P01021,2025-01-24,ONESOURCE.NS,337293568.8516846,387,True,True
AETHER,Aether Industries Limited,,EQ,INE0BWX01014,2022-06-03,AETHER.NS,336715254.60668945,388,True,False
LTTS,L&T Technology Services Limited,,EQ,INE010V01017,2016-09-23,LTTS.NS,334508883.92541504,389,True,False
FRACTAL,Fractal Analytics Limited,,EQ,INE212S01015,2026-02-16,FRACTAL.NS,331305142.8645325,390,True,True
JSLL,Jeena Sikho Lifecare Limited,,EQ,INE0J5801029,2025-08-11,JSLL.NS,330291379.02337646,391,True,True
GRAVITA,Gravita India Limited,,EQ,INE024L01027,2010-11-16,GRAVITA.NS,326881255.25,392,True,False
SENORES,Senores Pharmaceuticals Limited,,EQ,INE0RB801010,2024-12-30,SENORES.NS,326403979.7522583,393,True,True
SENCO,Senco Gold Limited,,EQ,INE602W01027,2023-07-14,SENCO.NS,325507583.6508179,394,True,False
BAJAJCON,Bajaj Consumer Care Limited,,EQ,INE933K01021,2010-08-18,BAJAJCON.NS,325282056.9317627,395,True,False
KPRMILL,K.P.R. Mill Limited,,EQ,INE930H01031,2007-08-28,KPRMILL.NS,321056489.37939453,396,True,False
CMRGREEN,CMR Green Technologies Limited,,EQ,INE00WV01027,2026-06-10,CMRGREEN.NS,320145097.09217834,397,True,True
SYNGENE,Syngene International Limited,,EQ,INE398R01022,2015-08-11,SYNGENE.NS,319165340.9760132,398,True,False
GOLDIAM,Goldiam International Limited,,EQ,INE025B01025,2005-08-29,GOLDIAM.NS,318768156.842041,399,True,False
SKIPPER,Skipper Limited,,EQ,INE439E01022,2015-05-27,SKIPPER.NS,317668950.18310547,400,True,False
SUVEN,Suven Life Sciences Limited,,EQ,INE495B01038,2003-10-23,SUVEN.NS,316312027.3720627,401,True,False
RPTECH,Rashi Peripherals Limited,,EQ,INE0J1F01024,2024-02-14,RPTECH.NS,315452075.1105957,402,True,False
GENUSPOWER,Genus Power Infrastructures Limited,,EQ,INE955D01029,2005-07-08,GENUSPOWER.NS,315080719.7038269,403,True,False
AFFLE,Affle 3i Limited,,EQ,INE00WC01027,2019-08-08,AFFLE.NS,314637496.2751465,404,True,False
FINCABLES,Finolex Cables Limited,,EQ,INE235A01022,1995-02-15,FINCABLES.NS,314006728.92541504,405,True,False
GOCOLORS,Go Fashion (India) Limited,,EQ,INE0BJS01011,2021-11-30,GOCOLORS.NS,313845842.5363159,406,True,False
TATACHEM,Tata Chemicals Limited,,EQ,INE092A01019,1999-04-01,TATACHEM.NS,312324230.2300415,407,True,False
ACE,Action Construction Equipment Limited,,EQ,INE731H01025,2006-09-26,ACE.NS,312288538.98657227,408,True,False
ANTHEM,Anthem Biosciences Limited,,EQ,INE0CZ201020,2025-07-21,ANTHEM.NS,311077031.4169922,409,True,True
APOLLOTYRE,Apollo Tyres Limited,,EQ,INE438A01022,1995-05-31,APOLLOTYRE.NS,310697266.91293335,410,True,False
EDELWEISS,Edelweiss Financial Services Limited,,EQ,INE532F01054,2007-12-12,EDELWEISS.NS,310464896.98448944,411,True,False
TENNIND,Tenneco Clean Air India Limited,,EQ,INE19RI01016,2025-11-19,TENNIND.NS,309687912.2619629,412,True,True
ARVIND,Arvind Limited,,EQ,INE034A01011,1995-02-08,ARVIND.NS,309443488.25857544,413,True,False
MSUMI,Motherson Sumi Wiring India Limited,,EQ,INE0FS801015,2022-03-28,MSUMI.NS,308758969.583683,414,True,False
BLUEJET,Blue Jet Healthcare Limited,,EQ,INE0KBH01020,2023-11-01,BLUEJET.NS,308151459.8612671,415,True,False
LEMONTREE,Lemon Tree Hotels Limited,,EQ,INE970X01018,2018-04-09,LEMONTREE.NS,304378426.44538116,416,True,False
MAPMYINDIA,C.E. Info Systems Limited,,EQ,INE0BV301023,2021-12-21,MAPMYINDIA.NS,303924542.2104492,417,True,False
SAREGAMA,Saregama India Limited,,EQ,INE979A01025,1997-07-30,SAREGAMA.NS,302806640.3143616,418,True,False
PCBL,PCBL Chemical Limited,,EQ,INE602A01031,1995-03-29,PCBL.NS,302745185.62779236,419,True,False
ABSLAMC,Aditya Birla Sun Life AMC Limited,,EQ,INE404A01024,2021-10-11,ABSLAMC.NS,300709887.3600464,420,True,False
SEDEMAC,SEDEMAC Mechatronics Limited,,EQ,INE00XB01019,2026-03-11,SEDEMAC.NS,300648921.0740967,421,True,True
AARTIIND,Aarti Industries Limited,,EQ,INE769A01020,1995-02-08,AARTIIND.NS,299609064.1713257,422,True,False
ENDURANCE,Endurance Technologies Limited,,EQ,INE913H01037,2016-10-19,ENDURANCE.NS,298065287.99243164,423,True,False
AJANTPHARM,Ajanta Pharma Limited,,EQ,INE031B01049,2000-05-29,AJANTPHARM.NS,297217000.17626953,424,True,False
ASHAPURMIN,Ashapura Minechem Limited,,EQ,INE348A01023,1995-09-20,ASHAPURMIN.NS,297097904.64038086,425,True,False
EBGNG,GNG Electronics Limited,,EQ,INE18JU01028,2025-07-30,EBGNG.NS,295232862.63217163,426,True,True
JBMA,JBM Auto Limited,,EQ,INE927D01051,2004-12-17,JBMA.NS,294918813.6008301,427,True,False
BORORENEW,BOROSIL RENEWABLES LIMITED,,EQ,INE666D01022,2018-05-25,BORORENEW.NS,294494223.3291321,428,True,False
INDOTHAI,Indo Thai Securities Limited,,EQ,INE337M01021,2011-11-02,INDOTHAI.NS,293907245.0174484,429,True,False
RICOAUTO,Rico Auto Industries Limited,,EQ,INE209B01025,2003-05-12,RICOAUTO.NS,293751828.6899109,430,True,False
BALKRISIND,Balkrishna Industries Limited,,EQ,INE787D01026,2006-01-27,BALKRISIND.NS,293146274.57006836,431,True,False
ESCORTS,Escorts Kubota Limited,,EQ,INE042A01014,1995-03-01,ESCORTS.NS,290136926.6682129,432,True,False
IPCALAB,IPCA Laboratories Limited,,EQ,INE571A01038,1995-02-08,IPCALAB.NS,289491391.2026367,433,True,False
RAYMOND,Raymond Limited,,EQ,INE301A01014,1995-10-18,RAYMOND.NS,289053838.928421,434,True,False
ANURAS,Anupam Rasayan India Limited,,EQ,INE930P01018,2021-03-24,ANURAS.NS,288919568.76416016,435,True,False
NTPCGREEN,NTPC Green Energy Limited,,EQ,INE0ONG01011,2024-11-27,NTPCGREEN.NS,287533259.4783859,436,True,True
CENTRALBK,Central Bank of India,,EQ,INE483A01010,2007-08-21,CENTRALBK.NS,286086581.4843836,437,True,False
URBANCO,Urban Company Limited,,EQ,INE0CAZ01013,2025-09-17,URBANCO.NS,285770223.12415314,438,True,True
AVANTEL,Avantel Limited,,EQ,INE005B01027,2024-07-31,AVANTEL.NS,285482726.9368439,439,True,False
BLS,BLS International Services Limited,,EQ,INE153T01027,2016-06-14,BLS.NS,285387238.6245575,440,True,False
MIDHANI,Mishra Dhatu Nigam Limited,,EQ,INE099Z01011,2018-04-04,MIDHANI.NS,284564976.40411377,441,True,False
RAMCOSYS,Ramco Systems Limited,,EQ,INE246B01019,2000-04-12,RAMCOSYS.NS,284458607.5100708,442,True,False
FIVESTAR,Five-Star Business Finance Limited,,EQ,INE128S01021,2022-11-21,FIVESTAR.NS,280877305.7987671,443,True,False
SHAKTIPUMP,Shakti Pumps (India) Limited,,EQ,INE908D01010,2015-01-29,SHAKTIPUMP.NS,279909937.2914734,444,True,False
VINCOFE,Vintage Coffee And Beverages Limited,,EQ,INE498Q01014,2024-10-18,VINCOFE.NS,277690544.80914307,445,True,True
EIEL,Enviro Infra Engineers Limited,,EQ,INE0LLY01014,2024-11-29,EIEL.NS,277690164.2218323,446,True,True
POCL,Pondy Oxides & Chemicals Limited,,EQ,INE063E01061,2023-03-06,POCL.NS,277485216.5749512,447,True,False
AEGISVOPAK,Aegis Vopak Terminals Limited,,EQ,INE0INX01018,2025-06-02,AEGISVOPAK.NS,275885418.0323944,448,True,True
CYIENT,Cyient Limited,,EQ,INE136B01020,1998-09-30,CYIENT.NS,275520012.2382202,449,True,False
HDBFS,HDB Financial Services Limited,,EQ,INE756I01012,2025-07-02,HDBFS.NS,275149554.83706665,450,True,True
JKCEMENT,JK Cement Limited,,EQ,INE823G01014,2006-03-14,JKCEMENT.NS,274963108.8183594,451,True,False
IGL,Indraprastha Gas Limited,,EQ,INE203G01027,2003-12-26,IGL.NS,274580929.8658447,452,True,False
PACEDIGITK,Pace Digitek Limited,,EQ,INE0S3G01027,2025-10-06,PACEDIGITK.NS,274579555.69319916,453,True,True
SONATSOFTW,Sonata Software Limited,,EQ,INE269A01021,1999-07-28,SONATSOFTW.NS,274318562.3234863,454,True,False
PRICOLLTD,Pricol Limited,,EQ,INE726V01018,2017-02-10,PRICOLLTD.NS,274030611.867157,455,True,False
SBCL,Shivalik Bimetal Controls Limited,,EQ,INE386D01027,2021-06-24,SBCL.NS,273817439.75,456,True,False
BAJAJHFL,Bajaj Housing Finance Limited,,EQ,INE377Y01014,2024-09-16,BAJAJHFL.NS,273645490.21216583,457,True,True
AIAENG,AIA Engineering Limited,,EQ,INE212H01026,2005-12-14,AIAENG.NS,271532192.9836426,458,True,False
SUNDARMFIN,Sundaram Finance Limited,,EQ,INE660A01013,1998-01-07,SUNDARMFIN.NS,271206483.0480957,459,True,False
JMFINANCIL,JM Financial Limited,,EQ,INE780C01023,2006-10-10,JMFINANCIL.NS,270417824.82881165,460,True,False
ZFCVINDIA,ZF Commercial Vehicle Control Systems India Limited,,EQ,INE342J01019,2008-10-01,ZFCVINDIA.NS,270215033.3477783,461,True,False
RKFORGE,Ramkrishna Forgings Limited,,EQ,INE399G01023,2004-05-05,RKFORGE.NS,270031297.875,462,True,False
STARHEALTH,Star Health and Allied Insurance Company Limited,,EQ,INE575P01011,2021-12-10,STARHEALTH.NS,269473234.53067017,463,True,False
RAYMONDREL,Raymond Realty Limited,,EQ,INE1SY401010,2025-07-01,RAYMONDREL.NS,264248417.8432312,464,True,True
GOKEX,Gokaldas Exports Limited,,EQ,INE887G01027,2005-04-27,GOKEX.NS,260373976.26654053,465,True,False
KSHINTL,KSH International Limited,,EQ,INE987S01020,2025-12-23,KSHINTL.NS,260310122.4723816,466,True,True
SMLMAH,SML Mahindra Limited,,EQ,INE294B01019,2003-08-29,SMLMAH.NS,260228166.4654541,467,True,False
KAJARIACER,Kajaria Ceramics Limited,,EQ,INE217B01036,2004-06-01,KAJARIACER.NS,257954129.05541992,468,True,False
MEDANTA,Global Health Limited,,EQ,INE474Q01031,2022-11-16,MEDANTA.NS,257780517.84753418,469,True,False
LLOYDSENT,Lloyds Enterprises Limited,,EQ,INE080I01025,2024-10-17,LLOYDSENT.NS,256554089.27707672,470,True,True
GVPIL,GE Power India Limited,,EQ,INE878A01011,2000-04-19,GVPIL.NS,256206183.4691162,471,True,False
INTELLECT,Intellect Design Arena Limited,,EQ,INE306R01017,2014-12-18,INTELLECT.NS,255569706.91558838,472,True,False
JSFB,Jana Small Finance Bank Limited,,EQ,INE953L01027,2024-02-14,JSFB.NS,254830040.99710083,473,True,False
MOTISONS,Motisons Jewellers Limited,,EQ,INE0FRK01020,2023-12-26,MOTISONS.NS,254738804.30194616,474,True,False
KWIL,Kwality Wall's (India) Limited,,EQ,INE2KCE01013,2026-02-16,KWIL.NS,251391191.20545387,475,True,True
AXISCADES,AXISCADES Technologies Limited,,EQ,INE555B01013,2000-12-21,AXISCADES.NS,251219166.77941895,476,True,False
TBZ,Tribhovandas Bhimji Zaveri Limited,,EQ,INE760L01018,2012-05-09,TBZ.NS,250721105.39588928,477,True,False
BLUESTONE,BlueStone Jewellery and Lifestyle Limited,,EQ,INE304W01038,2025-08-19,BLUESTONE.NS,250538617.655365,478,True,True
MSTCLTD,Mstc Limited,,EQ,INE255X01014,2019-03-29,MSTCLTD.NS,249879636.75161743,479,True,False
BALRAMCHIN,Balrampur Chini Mills Limited,,EQ,INE119A01028,1995-02-08,BALRAMCHIN.NS,249032651.19482422,480,True,False
HAPPSTMNDS,Happiest Minds Technologies Limited,,EQ,INE419U01012,2020-09-17,HAPPSTMNDS.NS,247672942.13739014,481,True,False
JWL,Jupiter Wagons Limited,,EQ,INE209L01016,2010-10-18,JWL.NS,245419405.129364,482,True,False
EMCURE,Emcure Pharmaceuticals Limited,,EQ,INE168P01015,2024-07-10,EMCURE.NS,245264574.43737793,483,True,False
TANLA,Tanla Platforms Limited,,EQ,INE483C01032,2007-01-05,TANLA.NS,245190207.8227234,484,True,False
MINDACORP,Minda Corporation Limited,,EQ,INE842C01021,2014-10-16,MINDACORP.NS,242954674.68121338,485,True,False
ATALREAL,Atal Realtech Limited,,EQ,INE0ALR01029,2023-05-12,ATALREAL.NS,242638597.76517487,486,True,False
DEEPAKNTR,Deepak Nitrite Limited,,EQ,INE288B01029,2010-09-29,DEEPAKNTR.NS,239489749.46643066,487,True,False
CAPLIPOINT,Caplin Point Laboratories Limited,,EQ,INE475E01026,2014-06-23,CAPLIPOINT.NS,238680040.975708,488,True,False
CLEANMAX,Clean Max Enviro Energy Solutions Limited,,EQ,INE647U01026,2026-03-02,CLEANMAX.NS,237206142.47320557,489,True,True
JUBLINGREA,Jubilant Ingrevia Limited,,EQ,INE0BY001018,2021-03-19,JUBLINGREA.NS,235145314.316864,490,True,False
JSWCEMENT,JSW Cement Limited,,EQ,INE718I01012,2025-08-14,JSWCEMENT.NS,235066450.70713043,491,True,True
WELSPUNLIV,Welspun Living Limited,,EQ,INE192B01031,2003-12-04,WELSPUNLIV.NS,232623161.12186432,492,True,False
NCC,NCC Limited,,EQ,INE868B01028,2003-10-14,NCC.NS,231943354.96878815,493,True,False
HEXT,Hexaware Technologies Limited,,EQ,INE093A01041,2025-02-19,HEXT.NS,231864617.76605225,494,True,True
SUPRIYA,Supriya Lifescience Limited,,EQ,INE07RO01027,2021-12-28,SUPRIYA.NS,230345735.45825195,495,True,False
PRAJIND,Praj Industries Limited,,EQ,INE074A01025,1995-10-11,PRAJIND.NS,229059875.10908508,496,True,False
CHOLAHLDNG,Cholamandalam Financial Holdings Limited,,EQ,INE149A01033,2017-09-25,CHOLAHLDNG.NS,228536535.82855225,497,True,False
IKS,Inventurus Knowledge Solutions Limited,,EQ,INE115Q01022,2024-12-19,IKS.NS,228321562.9328003,498,True,True
ABBOTINDIA,Abbott India Limited,,EQ,INE358A01014,2010-01-08,ABBOTINDIA.NS,228018187.75,499,True,False
DREDGECORP,Dredging Corporation of India Limited,,EQ,INE506A01018,2004-01-15,DREDGECORP.NS,224862323.72113037,500,True,False
APTUS,Aptus Value Housing Finance India Limited,,EQ,INE852O01025,2021-08-24,APTUS.NS,224253393.9746704,501,True,False
JAMNAAUTO,Jamna Auto Industries Limited,,EQ,INE039C01032,2010-12-10,JAMNAAUTO.NS,223676285.8102951,502,True,False
ABFRL,Aditya Birla Fashion and Retail Limited,,EQ,INE647O01011,2013-07-17,ABFRL.NS,223522481.47128296,503,True,False
BRIGADE,Brigade Enterprises Limited,,EQ,INE791I01019,2007-12-31,BRIGADE.NS,221844455.73153687,504,True,False
WEWORK,WeWork India Management Limited,,EQ,INE085001019,2025-10-10,WEWORK.NS,220360217.0222168,505,True,True
CHAMBLFERT,Chambal Fertilizers & Chemicals Limited,,EQ,INE085A01013,1995-06-14,CHAMBLFERT.NS,217210700.2331543,506,True,False
VIJAYA,Vijaya Diagnostic Centre Limited,,EQ,INE043W01024,2021-09-14,VIJAYA.NS,216888871.5830078,507,True,False
ACC,ACC Limited,,EQ,INE012A01025,1996-11-20,ACC.NS,216321086.22180176,508,True,False
LUMAXTECH,Lumax Auto Technologies Limited,,EQ,INE872H01027,2007-01-16,LUMAXTECH.NS,216226738.010437,509,True,False
EIDPARRY,EID Parry India Limited,,EQ,INE126A01031,1995-05-10,EIDPARRY.NS,215843643.2991333,510,True,False
RBA,Restaurant Brands Asia Limited,,EQ,INE07T201019,2020-12-14,RBA.NS,215350957.44589233,511,True,False
RELIGARE,Religare Enterprises Limited,,EQ,INE621H01010,2007-11-21,RELIGARE.NS,214842618.7852478,512,True,False
V2RETAIL,V2 Retail Limited,,EQ,INE945H01021,2007-07-04,V2RETAIL.NS,214346851.65731812,513,True,False
EPACKPEB,EPack Prefab Technologies Limited,,EQ,INE0MLS01022,2025-10-01,EPACKPEB.NS,212765276.32577515,514,True,True
GUJENERGY,GUJARAT ENERGY LIMITED,,EQ,INE844O01030,2015-09-15,GUJENERGY.NS,212066350.50164795,515,True,False
KIRLPNU,Kirloskar Pneumatic Company Limited,,EQ,INE811A01020,2023-04-26,KIRLPNU.NS,211886045.99926758,516,True,False
COHANCE,Cohance Lifesciences Limited,,EQ,INE03QK01018,2020-03-09,COHANCE.NS,211606578.1823883,517,True,False
EQUITASBNK,Equitas Small Finance Bank Limited,,EQ,INE063P01018,2020-11-02,EQUITASBNK.NS,211135584.98132324,518,True,False
UNIVCABLES,Universal Cables Limited,,EQ,INE279A01012,1995-05-17,UNIVCABLES.NS,210123487.522583,519,True,False
KPIGREEN,KPI Green Energy Limited,,EQ,INE542W01025,2021-07-27,KPIGREEN.NS,209559782.98646545,520,True,False
IXIGO,Le Travenues Technology Limited,,EQ,INE0HV901016,2024-06-18,IXIGO.NS,208510482.55229187,521,True,False
CCL,CCL Products (India) Limited,,EQ,INE421D01022,2004-06-07,CCL.NS,207592341.5236206,522,True,False
SANDHAR,Sandhar Technologies Limited,,EQ,INE278H01035,2018-04-02,SANDHAR.NS,207547798.22039795,523,True,False
SCHAEFFLER,Schaeffler India Limited,,EQ,INE513A01022,2000-11-29,SCHAEFFLER.NS,207467848.37768555,524,True,False
ELECON,Elecon Engineering Company Limited,,EQ,INE205B01031,2006-09-29,ELECON.NS,207021574.85705566,525,True,False
SUDARSCHEM,Sudarshan Chemical Industries Limited,,EQ,INE659A01023,1995-05-25,SUDARSCHEM.NS,205824998.65142822,526,True,False
BALUFORGE,Balu Forge Industries Limited,,EQ,INE011E01029,2024-04-29,BALUFORGE.NS,205355227.8022461,527,True,False
PTCIL,PTC Industries Limited,,EQ,INE596F01018,2023-06-09,PTCIL.NS,205153497.0,528,True,False
REFEX,Refex Industries Limited,,EQ,INE056I01025,2009-12-03,REFEX.NS,204856441.99726868,529,True,False
PVRINOX,PVR INOX Limited,,EQ,INE191H01014,2006-01-04,PVRINOX.NS,202463627.37548828,530,True,False
SWANCORP,SWAN CORP LIMITED,,EQ,INE665A01038,2012-05-29,SWANCORP.NS,200575808.14559937,531,True,False
JNKINDIA,JNK India Limited,,EQ,INE0OAF01028,2024-04-30,JNKINDIA.NS,199286179.25369263,532,True,False
WEBELSOLAR,Websol Energy System Limited,,EQ,INE855C01023,2007-05-15,WEBELSOLAR.NS,198744439.82251358,533,True,False
POWERMECH,Power Mech Projects Limited,,EQ,INE211R01019,2015-08-26,POWERMECH.NS,198674937.75,534,True,False
CESC,CESC Limited,,EQ,INE486A01021,1995-02-08,CESC.NS,197001621.31900787,535,True,False
IRB,IRB Infrastructure Developers Limited,,EQ,INE821I01022,2008-02-25,IRB.NS,196186339.69854355,536,True,False
THYROCARE,Thyrocare Technologies Limited,,EQ,INE594H01019,2016-05-09,THYROCARE.NS,195534957.0280609,537,True,False
IDEAFORGE,Ideaforge Technology Limited,,EQ,INE349Y01013,2023-07-07,IDEAFORGE.NS,195372930.75,538,True,False
LATENTVIEW,Latent View Analytics Limited,,EQ,INE0I7C01011,2021-11-23,LATENTVIEW.NS,195317636.34690857,539,True,False
PRIVISCL,Privi Speciality Chemicals Limited,,EQ,INE959A01019,2015-05-08,PRIVISCL.NS,194802233.73266602,540,True,False
SUMICHEM,Sumitomo Chemical India Limited,,EQ,INE258G01013,2020-01-27,SUMICHEM.NS,194603693.24205017,541,True,False
ARFIN,Arfin India Limited,,EQ,INE784R01023,2025-07-22,ARFIN.NS,194246677.75509644,542,True,True
BECTORFOOD,Mrs. Bectors Food Specialities Limited,,EQ,INE495P01020,2020-12-24,BECTORFOOD.NS,193898207.7384262,543,True,False
SIGNATURE,Signatureglobal (India) Limited,,EQ,INE903U01023,2023-09-27,SIGNATURE.NS,193894884.99041748,544,True,False
MANORAMA,Manorama Industries Limited,,EQ,INE00VM01036,2022-07-01,MANORAMA.NS,193585224.5628662,545,True,False
YATHARTH,Yatharth Hospital & Trauma Care Services Limited,,EQ,INE0JO301016,2023-08-07,YATHARTH.NS,192760863.41461182,546,True,False
MARINE,Marine Electricals (India) Limited,,EQ,INE01JE01028,2020-12-02,MARINE.NS,192416483.28327942,547,True,False
CCAVENUE,AvenuesAI Limited,,EQ,INE483S01020,2016-04-04,CCAVENUE.NS,192231911.91033268,548,True,False
CRISIL,Crisil Limited,,EQ,INE007A01025,1995-06-28,CRISIL.NS,192009329.9489746,549,True,False
HOMEFIRST,Home First Finance Company India Limited,,EQ,INE481N01025,2021-02-03,HOMEFIRST.NS,191265011.0703125,550,True,False
STAR,Strides Pharma Science Limited,,EQ,INE939A01011,2000-02-02,STAR.NS,190852086.33032227,551,True,False
BLACKBUCK,BLACKBUCK LIMITED,,EQ,INE0UIZ01018,2024-11-22,BLACKBUCK.NS,190658961.9295349,552,True,True
KPIL,Kalpataru Projects International Limited,,EQ,INE220B01022,2000-12-15,KPIL.NS,190459538.21087646,553,True,False
PARKHOSPS,Park Medi World Limited,,EQ,INE119201023,2025-12-17,PARKHOSPS.NS,188983783.59887695,554,True,True
IGIL,International Gemological Institute Limited,,EQ,INE0Q9301021,2024-12-20,IGIL.NS,188173546.86549377,555,True,True
USHAMART,Usha Martin Limited,,EQ,INE228A01035,2000-10-11,USHAMART.NS,188106232.79296488,556,True,False
NIBE,NIBE Limited,,EQ,INE149O01018,2025-02-07,NIBE.NS,186307703.30065918,557,True,True
TIMEX,Timex Group India Limited,,EQ,INE064A01026,2026-04-20,TIMEX.NS,185421013.375,558,True,True
GLAXO,GlaxoSmithKline Pharmaceuticals Limited,,EQ,INE159A01016,2000-12-15,GLAXO.NS,185411277.84631348,559,True,False
IRCON,Ircon International Limited,,EQ,INE962Y01021,2018-09-28,IRCON.NS,184828464.56868744,560,True,False
SKMEGGPROD,SKM Egg Products Export (India) Limited,,EQ,INE411D01023,1997-03-14,SKMEGGPROD.NS,184815885.0278778,561,True,False
HONAUT,Honeywell Automation India Limited,,EQ,INE671A01010,2003-07-18,HONAUT.NS,184680452.265625,562,True,False
GANDHAR,Gandhar Oil Refinery (India) Limited,,EQ,INE717W01049,2023-11-30,GANDHAR.NS,184224572.6601181,563,True,False
OMNI,Omnitech Engineering Limited,,EQ,INE0UH301010,2026-03-05,OMNI.NS,183719599.5098877,564,True,True
SJS,S.J.S. Enterprises Limited,,EQ,INE284S01014,2021-11-15,SJS.NS,183071355.13781738,565,True,False
POLYMED,Poly Medicure Limited,,EQ,INE205C01021,2011-12-07,POLYMED.NS,182948039.85131836,566,True,False
TRANSRAILL,Transrail Lighting Limited,,EQ,INE454P01035,2024-12-27,TRANSRAILL.NS,182937704.5078125,567,True,True
NRBBEARING,NRB Bearing Limited,,EQ,INE349A01021,2000-03-08,NRBBEARING.NS,181934381.93225098,568,True,False
TI,Tilaknagar Industries Limited,,EQ,INE133E01013,2010-07-16,TI.NS,181668298.62872314,569,True,False
BHARTIHEXA,Bharti Hexacom Limited,,EQ,INE343G01021,2024-04-12,BHARTIHEXA.NS,181563309.49108887,570,True,False
OSWALPUMPS,Oswal Pumps Limited,,EQ,INE0BYP01024,2025-06-20,OSWALPUMPS.NS,181193839.25245667,571,True,True
SHRIPISTON,SPR Auto Technologies Limited,,EQ,INE526E01018,2016-06-02,SHRIPISTON.NS,180926515.7935791,572,True,False
FIRSTCRY,Brainbees Solutions Limited,,EQ,INE02RE01045,2024-08-13,FIRSTCRY.NS,179499463.4878769,573,True,True
ABDL,Allied Blenders and Distillers Limited,,EQ,INE552Z01027,2024-07-02,ABDL.NS,178178010.24975586,574,True,False
MGL,Mahanagar Gas Limited,,EQ,INE002S01010,2016-07-01,MGL.NS,177848360.5979004,575,True,False
TEXRAIL,Texmaco Rail & Engineering Limited,,EQ,INE621L01012,2011-03-03,TEXRAIL.NS,177814385.87329865,576,True,False
MOBIKWIK,One Mobikwik Systems Limited,,EQ,INE0HLU01028,2024-12-18,MOBIKWIK.NS,177644456.17245483,577,True,True
SUDEEPPHRM,Sudeep Pharma Limited,,EQ,INE0QPI01025,2025-11-28,SUDEEPPHRM.NS,176615773.3717041,578,True,True
NEOGEN,Neogen Chemicals Limited,,EQ,INE136S01016,2019-05-08,NEOGEN.NS,176432286.33612347,579,True,False
CONCORDBIO,Concord Biotech Limited,,EQ,INE338H01029,2023-08-18,CONCORDBIO.NS,176380258.72265625,580,True,False
WHIRLPOOL,Whirlpool of India Limited,,EQ,INE716A01013,2010-04-06,WHIRLPOOL.NS,176067174.1906128,581,True,False
CYIENTDLM,Cyient DLM Limited,,EQ,INE055S01018,2023-07-10,CYIENTDLM.NS,175756446.07382202,582,True,False
CASTROLIND,Castrol India Limited,,EQ,INE172A01027,2014-03-14,CASTROLIND.NS,175512534.23510742,583,True,False
CONFIPET,Confidence Petroleum India Limited,,EQ,INE552D01024,2019-06-13,CONFIPET.NS,174897183.49713516,584,True,False
TECHNOE,Techno Electric & Engineering Company Limited,,EQ,INE285K01026,2018-12-04,TECHNOE.NS,174736017.0,585,True,False
NELCO,NELCO Limited,,EQ,INE045B01015,2003-05-28,NELCO.NS,173059000.69210815,586,True,False
GOODLUCK,Goodluck India Limited,,EQ,INE127I01024,2015-01-08,GOODLUCK.NS,172850238.5462036,587,True,False
RAILTEL,Railtel Corporation Of India Limited,,EQ,INE0DD101019,2021-02-26,RAILTEL.NS,172261335.79616022,588,True,False
RATNAVEER,Ratnaveer Precision Engineering Limited,,EQ,INE05CZ01011,2023-09-11,RATNAVEER.NS,171588670.73421478,589,True,False
KMEW,Knowledge Marine & Engineering Works Limited,,EQ,INE0CJD01029,2024-11-14,KMEW.NS,171364994.77819824,590,True,True
EMAMILTD,Emami Limited,,EQ,INE548C01032,2006-08-03,EMAMILTD.NS,171122283.4496765,591,True,False
SANDUMA,Sandur Manganese & Iron Ores Limited,,EQ,INE149K01016,2023-09-07,SANDUMA.NS,169319111.7149353,592,True,False
MARSONS,Marsons Limited,,EQ,INE415B01044,2026-03-13,MARSONS.NS,169073065.35182953,593,True,True
ELGIEQUIP,Elgi Equipments Limited,,EQ,INE285A01027,1995-11-22,ELGIEQUIP.NS,167795457.48214722,594,True,False
WAAREERTL,Waaree Renewable Technologies Limited,,EQ,INE299N01021,2025-04-09,WAAREERTL.NS,167571361.5894165,595,True,True
INDIAMART,Indiamart Intermesh Limited,,EQ,INE933S01016,2019-07-04,INDIAMART.NS,167566647.5,596,True,False
RHETAN,Rhetan TMT Limited,,EQ,INE0KKN01029,2025-09-26,RHETAN.NS,167511583.39913464,597,True,True
BERGEPAINT,Berger Paints (I) Limited,,EQ,INE463A01038,1999-11-24,BERGEPAINT.NS,167391159.97602844,598,True,False
TRIVENI,Triveni Engineering & Industries Limited,,EQ,INE256C01024,2005-12-13,TRIVENI.NS,165438774.14762878,599,True,False
MANINFRA,Man Infraconstruction Limited,,EQ,INE949H01023,2010-03-11,MANINFRA.NS,165068227.50341034,600,True,False
ABREL,Aditya Birla Real Estate Limited,,EQ,INE055A01016,2003-06-27,ABREL.NS,165040436.8446045,601,True,False
IMFA,Indian Metals & Ferro Alloys Limited,,EQ,INE919H01018,2010-07-23,IMFA.NS,164113517.5361328,602,True,False
RHIM,RHI MAGNESITA INDIA LIMITED,,EQ,INE743M01012,2012-03-12,RHIM.NS,163914754.713974,603,True,False
NSLNISP,NMDC Steel Limited,,EQ,INE0NNS01018,2023-02-20,NSLNISP.NS,163301284.52192688,604,True,False
SSWL,Steel Strips Wheels Limited,,EQ,INE802C01033,2005-06-06,SSWL.NS,163247341.65603638,605,True,False
CANFINHOME,Can Fin Homes Limited,,EQ,INE477A01020,1995-05-10,CANFINHOME.NS,163108045.00457764,606,True,False
GPPL,Gujarat Pipavav Port Limited,,EQ,INE517F01014,2010-09-09,GPPL.NS,162617504.02383423,607,True,False
GNFC,Gujarat Narmada Valley Fertilizers and Chemicals Limited,,EQ,INE113A01013,1995-05-17,GNFC.NS,162267745.6185913,608,True,False
MANINDS,Man Industries (India) Limited,,EQ,INE993A01026,2005-06-24,MANINDS.NS,162166125.81115723,609,True,False
SHANTIGOLD,Shanti Gold International Limited,,EQ,INE06ZD01017,2025-08-01,SHANTIGOLD.NS,161856134.3870468,610,True,True
SHARDACROP,Sharda Cropchem Limited,,EQ,INE221J01015,2014-09-23,SHARDACROP.NS,159531229.59155273,611,True,False
TMB,Tamilnad Mercantile Bank Limited,,EQ,INE668A01016,2022-09-15,TMB.NS,159486245.2270813,612,True,False
DEVYANI,Devyani International Limited,,EQ,INE872J01023,2021-08-16,DEVYANI.NS,159107953.0513687,613,True,False
SANGHVIMOV,Sanghvi Movers Limited,,EQ,INE989A01032,2007-01-24,SANGHVIMOV.NS,158791589.7900238,614,True,False
NORTHARC,Northern Arc Capital Limited,,EQ,INE850M01015,2024-09-24,NORTHARC.NS,158292508.18032837,615,True,True
ROLEXRINGS,Rolex Rings Limited,,EQ,INE645S01024,2021-08-09,ROLEXRINGS.NS,157915509.97329712,616,True,False
KRISHNADEF,Krishna Defence And Allied Industries Limited,,EQ,INE0J5601015,2025-12-30,KRISHNADEF.NS,157902656.4741211,617,True,True
KIRLOSBROS,Kirloskar Brothers Limited,,EQ,INE732A01036,2010-04-20,KIRLOSBROS.NS,156492258.31445312,618,True,False
TBOTEK,TBO Tek Limited,,EQ,INE673O01025,2024-05-15,TBOTEK.NS,156461433.0807495,619,True,False
IONEXCHANG,ION Exchange (India) Limited,,EQ,INE570A01022,2022-02-22,IONEXCHANG.NS,156394409.8432312,620,True,False
QPOWER,Quality Power Electrical Equipments Limited,,EQ,INE0SII01026,2025-02-24,QPOWER.NS,155924665.69055176,621,True,True
DCBBANK,DCB Bank Limited,,EQ,INE503A01015,2006-10-27,DCBBANK.NS,155838076.99580383,622,True,False
GICRE,General Insurance Corporation of India,,EQ,INE481Y01014,2017-10-25,GICRE.NS,154628715.82043457,623,True,False
PNGJL,P N Gadgil Jewellers Limited,,EQ,INE953R01016,2024-09-17,PNGJL.NS,154374904.80230713,624,True,True
ATUL,Atul Limited,,EQ,INE100A01010,1998-05-06,ATUL.NS,153767882.67382812,625,True,False
LTFOODS,LT Foods Limited,,EQ,INE818H01020,2006-12-18,LTFOODS.NS,153434191.5383911,626,True,False
KRISHANA,Krishana Phoschem Limited,,EQ,INE506W01020,2019-08-22,KRISHANA.NS,153110934.75097656,627,True,False
POWERICA,Powerica Limited,,EQ,INE921L01032,2026-04-02,POWERICA.NS,152351702.5093994,628,True,True
TATAINVEST,Tata Investment Corporation Limited,,EQ,INE672A01026,1998-06-24,TATAINVEST.NS,152173779.1408081,629,True,False
JTLIND,JTL INDUSTRIES LIMITED,,EQ,INE391J01032,2023-06-12,JTLIND.NS,151694901.92263794,630,True,False
JINDRILL,Jindal Drilling And Industries Limited,,EQ,INE742C01031,2006-12-22,JINDRILL.NS,151350603.0303955,631,True,False
IBULLSLTD,Indiabulls Limited,,EQ,INE126M01010,2011-08-18,IBULLSLTD.NS,150872635.2823143,632,True,False
ICIL,Indo Count Industries Limited,,EQ,INE483B01026,2005-09-12,ICIL.NS,150628436.86567688,633,True,False
FILATEX,Filatex India Limited,,EQ,INE816B01035,2011-08-29,FILATEX.NS,149920950.05109406,634,True,False
NIACL,The New India Assurance Company Limited,,EQ,INE470Y01017,2017-11-13,NIACL.NS,149795603.05517578,635,True,False
UBL,United Breweries Limited,,EQ,INE686F01025,2008-07-28,UBL.NS,148295727.01538086,636,True,False
ATLANTAELE,Atlanta Electricals Limited,,EQ,INE0Z4F01028,2025-09-29,ATLANTAELE.NS,147843919.52331543,637,True,True
NAVA,NAVA LIMITED,,EQ,INE725A01030,1996-04-03,NAVA.NS,147063715.34985352,638,True,False
ZYDUSWELL,Zydus Wellness Limited,,EQ,INE768C01028,2009-11-13,ZYDUSWELL.NS,146450741.39982605,639,True,False
CEIGALL,Ceigall India Limited,,EQ,INE0AG901020,2024-08-08,CEIGALL.NS,146343713.0335846,640,True,False
AADHARHFC,Aadhar Housing Finance Limited,,EQ,INE883F01010,2024-05-15,AADHARHFC.NS,146236823.1019287,641,True,False
SURYAROSNI,Surya Roshni Limited,,EQ,INE335A01020,1995-05-10,SURYAROSNI.NS,145921265.01882935,642,True,False
SJVN,SJVN Limited,,EQ,INE002L01015,2010-05-20,SJVN.NS,145603647.5388832,643,True,False
SFL,Sheela Foam Limited,,EQ,INE916U01025,2016-12-09,SFL.NS,145301891.12298584,644,True,False
SETL,Standard Engineering Technology Limited,,EQ,INE0M4D01010,2025-01-13,SETL.NS,144691029.05949402,645,True,True
SGFIN,SG Finserve Limited,,EQ,INE618R01015,2025-08-05,SGFIN.NS,143959524.16949463,646,True,True
VIKRAN,Vikran Engineering Limited,,EQ,INE01R501028,2025-09-03,VIKRAN.NS,143466249.25059128,647,True,True
AIIL,Authum Investment & Infrastructure Limited,,EQ,INE206F01022,2024-04-23,AIIL.NS,143445280.76434326,648,True,False
SOTL,Savita Oil Technologies Limited,,EQ,INE035D01020,1995-06-28,SOTL.NS,142983248.21572876,649,True,False
TIPSMUSIC,Tips Music Limited,,EQ,INE716B01029,2000-11-10,TIPSMUSIC.NS,142129317.63183594,650,True,False
PROTEAN,Protean eGov Technologies Limited,,EQ,INE004A01022,2025-02-06,PROTEAN.NS,141742538.8826599,651,True,True
VTL,Vardhman Textiles Limited,,EQ,INE825A01020,2003-01-14,VTL.NS,141078039.3982544,652,True,False
DYNAMATECH,Dynamatic Technologies Limited,,EQ,INE221B01012,2006-09-14,DYNAMATECH.NS,140524658.5,653,True,False
LINDEINDIA,Linde India Limited,,EQ,INE473A01011,1999-06-16,LINDEINDIA.NS,139369456.2236328,654,True,False
EMIL,Electronics Mart India Limited,,EQ,INE02YR01019,2022-10-17,EMIL.NS,139279645.8054886,655,True,False
CARBORUNIV,Carborundum Universal Limited,,EQ,INE120A01034,1996-04-03,CARBORUNIV.NS,139143603.23461914,656,True,False
PARACABLES,Paramount Communications Limited,,EQ,INE074B01023,2007-01-03,PARACABLES.NS,139105147.12757874,657,True,False
JAYBARMARU,Jay Bharat Maruti Limited,,EQ,INE571B01036,1996-01-03,JAYBARMARU.NS,138379877.14312744,658,True,False
RCF,Rashtriya Chemicals and Fertilizers Limited,,EQ,INE027A01015,1998-01-07,RCF.NS,138338891.10499573,659,True,False
CENTUM,Centum Electronics Limited,,EQ,INE320B01020,2007-10-05,CENTUM.NS,137862319.2294922,660,True,False
CLEAN,Clean Science and Technology Limited,,EQ,INE227W01023,2021-07-19,CLEAN.NS,137636829.3479004,661,True,False
INDSWFTLAB,Ind-Swift Laboratories Limited,,EQ,INE915B01019,1997-07-02,INDSWFTLAB.NS,137409030.2607193,662,True,False
FEDFINA,Fedbank Financial Services Limited,,EQ,INE007N01010,2023-11-30,FEDFINA.NS,136583176.03051758,663,True,False
AYE,Aye Finance Limited,,EQ,INE501X01029,2026-02-16,AYE.NS,136175047.1899109,664,True,True
EMBDL,Embassy Developments Limited,,EQ,INE069I01010,2007-03-23,EMBDL.NS,136003464.26730156,665,True,False
GODREJIND,Godrej Industries Limited,,EQ,INE233A01035,2003-02-25,GODREJIND.NS,136001134.81158447,666,True,False
SAMHI,Samhi Hotels Limited,,EQ,INE08U801020,2023-09-22,SAMHI.NS,135124900.71211243,667,True,False
ZAGGLE,Zaggle Prepaid Ocean Services Limited,,EQ,INE07K301024,2023-09-22,ZAGGLE.NS,134711053.8582306,668,True,False
AFCONS,Afcons Infrastructure Limited,,EQ,INE101I01011,2024-11-04,AFCONS.NS,134669402.49887085,669,True,True
MUFIN,Mufin Green Finance Limited,,EQ,INE08KJ01020,2023-11-06,MUFIN.NS,134539918.14126205,670,True,False
PGIL,Pearl Global Industries Limited,,EQ,INE940H01022,2007-02-15,PGIL.NS,134275626.57824707,671,True,False
ASIANTILES,Asian Granito India Limited,,EQ,INE022I01019,2007-08-23,ASIANTILES.NS,134169796.36428833,672,True,False
ITDC,India Tourism Development Corporation Limited,,EQ,INE353K01014,2016-12-30,ITDC.NS,133926748.04858398,673,True,False
WHEELS,Wheels India Limited,,EQ,INE715A01015,2000-04-07,WHEELS.NS,133072408.09185791,674,True,False
GANECOS,Ganesha Ecosphere Limited,,EQ,INE845D01014,2015-03-09,GANECOS.NS,132051920.2258606,675,True,False
TIMKEN,Timken India Limited,,EQ,INE325A01013,2007-02-06,TIMKEN.NS,131240290.50805664,676,True,False
ALKYLAMINE,Alkyl Amines Chemicals Limited,,EQ,INE150B01039,2007-11-26,ALKYLAMINE.NS,131034631.64581299,677,True,False
GILLETTE,Gillette India Limited,,EQ,INE322A01010,2003-07-30,GILLETTE.NS,130953098.0,678,True,False
PRECWIRE,Precision Wires India Limited,,EQ,INE372C01037,1995-09-06,PRECWIRE.NS,130721689.78175354,679,True,False
SARDAEN,Sarda Energy & Minerals Limited,,EQ,INE385C01021,2009-12-03,SARDAEN.NS,130054354.47506714,680,True,False
JYOTHYLAB,Jyothy Labs Limited,,EQ,INE668F01031,2007-12-19,JYOTHYLAB.NS,130052998.18856812,681,True,False
SAPPHIRE,Sapphire Foods India Limited,,EQ,INE806T01020,2021-11-18,SAPPHIRE.NS,129978013.83328247,682,True,False
GSPCROP,GSP Crop Science Limited,,EQ,INE713R01022,2026-03-24,GSPCROP.NS,129806102.5,683,True,True
SOBHA,Sobha Limited,,EQ,INE671H01015,2006-12-20,SOBHA.NS,129435648.5769043,684,True,False
DCXINDIA,DCX Systems Limited,,EQ,INE0KL801015,2022-11-11,DCXINDIA.NS,128721560.66368866,685,True,False
VIDYAWIRES,Vidya Wires Limited,,EQ,INE14UN01029,2025-12-10,VIDYAWIRES.NS,128200936.41146088,686,True,True
QUADFUTURE,Quadrant Future Tek Limited,,EQ,INE0LRY01011,2025-01-14,QUADFUTURE.NS,127839375.7243042,687,True,True
UNIMECH,Unimech Aerospace and Manufacturing Limited,,EQ,INE0U3I01011,2024-12-31,UNIMECH.NS,126444995.6986084,688,True,True
AMAGI,Amagi Media Labs Limited,,EQ,INE121R01077,2026-01-21,AMAGI.NS,126227527.4619751,689,True,True
NACLIND,NACL Industries Limited,,EQ,INE295D01020,2017-04-07,NACLIND.NS,124441607.89266968,690,True,False
VENUSPIPES,Venus Pipes & Tubes Limited,,EQ,INE0JA001018,2022-05-24,VENUSPIPES.NS,124209654.01159668,691,True,False
MBAPL,Madhya Bharat Agro Products Limited,,EQ,INE900L01028,2019-08-22,MBAPL.NS,124067951.82739258,692,True,False
RALLIS,Rallis India Limited,,EQ,INE613A01020,1999-04-01,RALLIS.NS,124045031.80223846,693,True,False
EASEMYTRIP,Easy Trip Planners Limited,,EQ,INE07O001026,2021-03-19,EASEMYTRIP.NS,123407427.60781288,694,True,False
AKUMS,Akums Drugs and Pharmaceuticals Limited,,EQ,INE09XN01023,2024-08-06,AKUMS.NS,123406313.2965393,695,True,False
SHRINGARMS,Shringar House of Mangalsutra Limited,,EQ,INE1B3L01017,2025-09-17,SHRINGARMS.NS,123332130.61431885,696,True,True
KNRCON,KNR Constructions Limited,,EQ,INE634I01029,2008-02-18,KNRCON.NS,122392575.36161041,697,True,False
MOIL,MOIL Limited,,EQ,INE490G01020,2010-12-15,MOIL.NS,122312044.54144287,698,True,False
GENESYS,Genesys International Corporation Limited,,EQ,INE727B01026,2003-01-23,GENESYS.NS,122217008.0779419,699,True,False
GRMOVER,GRM Overseas Limited,,EQ,INE192H01020,2022-09-07,GRMOVER.NS,121985313.60914612,700,True,False
RAMCOCEM,The Ramco Cements Limited,,EQ,INE331A01037,1997-04-09,RAMCOCEM.NS,121841897.74794325,701,True,False
UTIAMC,UTI Asset Management Company Limited,,EQ,INE094J01016,2020-10-12,UTIAMC.NS,121740801.84539795,702,True,False
THELEELA,Leela Palaces Hotels & Resorts Limited,,EQ,INE0AQ201015,2025-06-02,THELEELA.NS,120575366.93649292,703,True,True
PGHH,Procter & Gamble Hygiene and Health Care Limited,,EQ,INE179A01014,2004-07-07,PGHH.NS,120046098.0,704,True,False
WELENT,Welspun Enterprises Limited,,EQ,INE625G01013,2004-11-04,WELENT.NS,119835993.55419922,705,True,False
TRUALT,TruAlt Bioenergy Limited,,EQ,INE0MWH01014,2025-10-03,TRUALT.NS,119524586.72387695,706,True,True
ELECTCAST,Electrosteel Castings Limited,,EQ,INE086A01029,2003-06-20,ELECTCAST.NS,118672195.94493103,707,True,False
GNA,GNA Axles Limited,,EQ,INE934S01014,2016-09-26,GNA.NS,118061771.23727417,708,True,False
SEPC,SEPC Limited,,EQ,INE964H01014,2008-02-20,SEPC.NS,117889532.6167891,709,True,False
RAINBOW,Rainbow Childrens Medicare Limited,,EQ,INE961O01016,2022-05-10,RAINBOW.NS,117804054.08526611,710,True,False
IIFLCAPS,IIFL Capital Services Limited,,EQ,INE489L01022,2019-09-20,IIFLCAPS.NS,117290225.64816284,711,True,False
YATRA,Yatra Online Limited,,EQ,INE0JR601024,2023-09-28,YATRA.NS,117203540.6278038,712,True,False
VIMTALABS,Vimta Labs Limited,,EQ,INE579C01029,2005-12-15,VIMTALABS.NS,117158998.4357605,713,True,False
CMSINFO,CMS Info Systems Limited,,EQ,INE925R01014,2021-12-31,CMSINFO.NS,116986706.23931885,714,True,False
GAEL,Gujarat Ambuja Exports Limited,,EQ,INE036B01030,2000-10-11,GAEL.NS,116729424.97259521,715,True,False
MEDPLUS,Medplus Health Services Limited,,EQ,INE804L01022,2021-12-23,MEDPLUS.NS,116695693.33428955,716,True,False
MMTC,MMTC Limited,,EQ,INE123F01029,2012-04-09,MMTC.NS,116141830.56072235,717,True,False
BATAINDIA,Bata India Limited,,EQ,INE176A01028,2003-06-18,BATAINDIA.NS,116085149.98101807,718,True,False
HAPPYFORGE,Happy Forgings Limited,,EQ,INE330T01021,2023-12-27,HAPPYFORGE.NS,116034886.26159668,719,True,False
PTC,PTC India Limited,,EQ,INE877F01012,2004-04-07,PTC.NS,115879543.34944916,720,True,False
FUSION,Fusion Finance Limited,,EQ,INE139R01012,2022-11-15,FUSION.NS,115575183.4137268,721,True,False
KRBL,KRBL Limited,,EQ,INE001B01026,2002-01-21,KRBL.NS,115359912.44892883,722,True,False
63MOONS,63 moons technologies limited,,EQ,INE111B01023,2005-06-20,63MOONS.NS,115142738.51593018,723,True,False
HIRECT,Hind Rectifiers Limited,,EQ,INE835D01023,2006-12-26,HIRECT.NS,115065765.67486572,724,True,False
KRN,KRN Heat Exchanger and Refrigeration Limited,,EQ,INE0Q3J01015,2024-10-03,KRN.NS,114914436.0,725,True,True
LXCHEM,Laxmi Organic Industries Limited,,EQ,INE576O01020,2021-03-25,LXCHEM.NS,114445122.84793854,726,True,False
PATELENG,Patel Engineering Limited,,EQ,INE244B01030,2005-02-24,PATELENG.NS,114282243.87751484,727,True,False
CSBBANK,CSB Bank Limited,,EQ,INE679A01013,2019-12-04,CSBBANK.NS,112270276.21440125,728,True,False
EPACK,EPACK Durable Limited,,EQ,INE0G5901015,2024-01-30,EPACK.NS,111890987.45082092,729,True,False
OPTIEMUS,Optiemus Infracom Limited,,EQ,INE350C01017,2017-08-08,OPTIEMUS.NS,111564925.77798462,730,True,False
DEEPINDS,Deep Industries Limited,,EQ,INE0FHS01024,2021-04-27,DEEPINDS.NS,111509939.57931519,731,True,False
SAKSOFT,Saksoft Limited,,EQ,INE667G01023,2005-05-09,SAKSOFT.NS,110634054.40885162,732,True,False
VINDHYATEL,Vindhya Telelinks Limited,,EQ,INE707A01012,1995-02-08,VINDHYATEL.NS,110043824.27075195,733,True,False
ADVAIT,Advait Energy Transitions Limited,,EQ,INE0ALI01010,2026-01-20,ADVAIT.NS,109984764.17919922,734,True,True
SIRCA,Sirca Paints India Limited,,EQ,INE792Z01011,2019-07-22,SIRCA.NS,109612564.20037842,735,True,False
THOMASCOOK,Thomas Cook  (India)  Limited,,EQ,INE332A01027,2000-06-07,THOMASCOOK.NS,109534718.1855812,736,True,False
UCOBANK,UCO Bank,,EQ,INE691A01018,2003-10-09,UCOBANK.NS,109000275.10615635,737,True,False
STOVEKRAFT,Stove Kraft Limited,,EQ,INE00IN01015,2021-02-05,STOVEKRAFT.NS,108980610.18734741,738,True,False
AAVAS,Aavas Financiers Limited,,EQ,INE216P01012,2018-10-08,AAVAS.NS,108342954.78375244,739,True,False
ASIANENE,Asian Energy Services Limited,,EQ,INE276G01015,2021-12-09,ASIANENE.NS,108339958.0,740,True,False
NETWORK18,Network18 Media & Investments Limited,,EQ,INE870H01013,2007-02-02,NETWORK18.NS,108229212.13619614,741,True,False
KSB,Ksb Limited,,EQ,INE999A01023,1995-02-08,KSB.NS,108225156.1182251,742,True,False
PANACEABIO,Panacea Biotec Limited,,EQ,INE922B01023,1996-04-17,PANACEABIO.NS,108056776.53363037,743,True,False
CIEINDIA,CIE Automotive India Limited,,EQ,INE536H01010,2007-08-30,CIEINDIA.NS,107491480.54321289,744,True,False
ANTELOPUS,Antelopus Selan Energy Limited,,EQ,INE818A01017,2006-09-26,ANTELOPUS.NS,107245546.77609253,745,True,False
QUESS,Quess Corp Limited,,EQ,INE615P01015,2016-07-12,QUESS.NS,107108828.97407532,746,True,False
RELAXO,Relaxo Footwears Limited,,EQ,INE131B01039,2011-06-17,RELAXO.NS,106763483.03512573,747,True,False
METROPOLIS,Metropolis Healthcare Limited,,EQ,INE112L01020,2019-04-15,METROPOLIS.NS,106696708.8623352,748,True,False
SAMBHV,Sambhv Steel Tubes Limited,,EQ,INE12NJ01018,2025-07-02,SAMBHV.NS,106045047.49894333,749,True,True
AARTIPHARM,Aarti Pharmalabs Limited,,EQ,INE0LRU01027,2023-01-30,AARTIPHARM.NS,106013563.18475342,750,True,False
SATIN,Satin Creditcare Network Limited,,EQ,INE836B01017,2015-08-26,SATIN.NS,105977560.33184052,751,True,False
JUSTDIAL,Just Dial Limited,,EQ,INE599M01018,2013-06-05,JUSTDIAL.NS,105865524.87133789,752,True,False
CARYSIL,CARYSIL LIMITED,,EQ,INE482D01024,2021-01-14,CARYSIL.NS,105603219.394104,753,True,False
PANAMAPET,Panama Petrochem Limited,,EQ,INE305C01029,2011-09-30,PANAMAPET.NS,104582766.9765625,754,True,False
PFOCUS,Prime Focus Limited,,EQ,INE367G01038,2006-06-20,PFOCUS.NS,104464633.30293274,755,True,False
SUNTV,Sun TV Network Limited,,EQ,INE424H01027,2006-04-24,SUNTV.NS,104238683.48858643,756,True,False
UTLSOLAR,Fujiyama Power Systems Limited,,EQ,INE12UR01024,2025-11-20,UTLSOLAR.NS,104234631.74098206,757,True,True
SAKAR,Sakar Healthcare Limited,,EQ,INE732S01012,2019-04-11,SAKAR.NS,103313996.4873352,758,True,False
AVL,Aditya Vision Limited,,EQ,INE679V01027,2024-11-06,AVL.NS,103185942.2762146,759,True,True
SGMART,SG Mart Limited,,EQ,INE385F01024,2025-09-12,SGMART.NS,102977307.48898315,760,True,True
JKPAPER,JK Paper Limited,,EQ,INE789E01012,2005-06-16,JKPAPER.NS,102885640.59378052,761,True,False
DOMS,DOMS Industries Limited,,EQ,INE321T01012,2023-12-20,DOMS.NS,102634949.984375,762,True,False
RITES,RITES Limited,,EQ,INE320J01015,2018-07-02,RITES.NS,102592544.76070404,763,True,False
3MINDIA,3M India Limited,,EQ,INE470A01017,2004-08-13,3MINDIA.NS,102511893.94921875,764,True,False
ENTERO,Entero Healthcare Solutions Limited,,EQ,INE010601016,2024-02-16,ENTERO.NS,102384511.24603271,765,True,False
SAIPARENT,Sai Parenterals Limited,,EQ,INE0H9F01037,2026-04-02,SAIPARENT.NS,102334323.24584961,766,True,True
GRINDWELL,Grindwell Norton Limited,,EQ,INE536A01023,2006-09-11,GRINDWELL.NS,102038180.1809082,767,True,False
WAKEFIT,Wakefit Innovations Limited,,EQ,INE0E7301029,2025-12-15,WAKEFIT.NS,101840577.0567627,768,True,True
DYCL,Dynamic Cables Limited,,EQ,INE600Y01019,2022-07-27,DYCL.NS,101604319.08306885,769,True,False
FACT,Fertilizers and Chemicals Travancore Limited,,EQ,INE188A01015,1995-04-12,FACT.NS,101576386.93597412,770,True,False
EMSLIMITED,EMS Limited,,EQ,INE0OV601013,2023-09-21,EMSLIMITED.NS,100996758.06321716,771,True,False
TRIDENT,Trident Limited,,EQ,INE064C01022,2001-02-21,TRIDENT.NS,100763169.28950787,772,True,False
BANCOINDIA,Banco Products (I) Limited,,EQ,INE213C01025,2006-12-22,BANCOINDIA.NS,100343148.46121216,773,True,False
PICCADIL,Piccadily Agro Industries Limited,,EQ,INE546C01010,2025-07-02,PICCADIL.NS,100305255.35717773,774,True,True
BAYERCROP,Bayer Cropscience Limited,,EQ,INE462A01022,2010-01-08,BAYERCROP.NS,100006523.0756836,775,True,False
STYLAMIND,Stylam Industries Limited,,EQ,INE239C01020,2021-08-02,STYLAMIND.NS,99532802.02258301,776,True,False
IZMO,IZMO Limited,,EQ,INE848A01014,2007-02-05,IZMO.NS,99294177.45684814,777,True,False
ARSSBL,Anand Rathi Share and Stock Brokers Limited,,EQ,INE549H01021,2025-09-30,ARSSBL.NS,99034911.47070312,778,True,True
VMART,V-Mart Retail Limited,,EQ,INE665J01013,2013-02-20,VMART.NS,98990254.67034912,779,True,False
NEPHROPLUS,Nephrocare Health Services Limited,,EQ,INE428V01029,2025-12-17,NEPHROPLUS.NS,98853110.64273071,780,True,True
CAMLINFINE,Camlin Fine Sciences Limited,,EQ,INE052I01032,2015-01-20,CAMLINFINE.NS,98739453.16369629,781,True,False
SASKEN,Sasken Technologies Limited,,EQ,INE231F01020,2005-09-09,SASKEN.NS,98302025.38452148,782,True,False
PNCINFRA,PNC Infratech Limited,,EQ,INE195J01029,2015-05-26,PNCINFRA.NS,98183494.2138977,783,True,False
TEGA,Tega Industries Limited,,EQ,INE011K01018,2021-12-13,TEGA.NS,97772568.6595459,784,True,False
BLSE,BLS E-Services Limited,,EQ,INE0NLT01010,2024-02-06,BLSE.NS,97639056.71315765,785,True,False
AURIONPRO,Aurionpro Solutions Limited,,EQ,INE132H01018,2005-10-25,AURIONPRO.NS,97610322.55441284,786,True,False
ARVINDFASN,Arvind Fashions Limited,,EQ,INE955V01021,2019-03-08,ARVINDFASN.NS,97276228.37779236,787,True,False
RTNPOWER,RattanIndia Power Limited,,EQ,INE399K01017,2009-10-30,RTNPOWER.NS,97136659.10882092,788,True,False
MAYURUNIQ,Mayur Uniquoters Ltd,,EQ,INE040D01038,2012-09-25,MAYURUNIQ.NS,96328667.1739502,789,True,False
SPAL,S. P. Apparels Limited,,EQ,INE212I01016,2016-08-12,SPAL.NS,96031302.82232666,790,True,False
NUVOCO,Nuvoco Vistas Corporation Limited,,EQ,INE118D01016,2021-08-23,NUVOCO.NS,95741699.55606079,791,True,False
PFIZER,Pfizer Limited,,EQ,INE182A01018,1999-04-28,PFIZER.NS,95214575.55322266,792,True,False
HUBTOWN,Hubtown Limited,,EQ,INE703H01016,2007-02-07,HUBTOWN.NS,95209299.44550323,793,True,False
GMRP&UI,GMR Power and Urban Infra Limited,,EQ,INE0CU601026,2022-03-23,GMRP&UI.NS,93979071.43886185,794,True,False
RENUKA,Shree Renuka Sugars Limited,,EQ,INE087H01022,2005-10-31,RENUKA.NS,93353286.1491108,795,True,False
FIEMIND,Fiem Industries Limited,,EQ,INE737H01014,2006-10-19,FIEMIND.NS,93311290.10192871,796,True,False
PSPPROJECT,PSP Projects Limited,,EQ,INE488V01015,2017-05-29,PSPPROJECT.NS,93284804.72488403,797,True,False
GODIGIT,Go Digit General Insurance Limited,,EQ,INE03JT01014,2024-05-23,GODIGIT.NS,92945337.13879395,798,True,False
ITI,ITI Limited,,EQ,INE248A01017,2003-09-15,ITI.NS,92346413.07498169,799,True,False
IOB,Indian Overseas Bank,,EQ,INE565A01014,2000-12-07,IOB.NS,91478407.70748329,800,True,False
UNIPARTS,Uniparts India Limited,,EQ,INE244O01017,2022-12-12,UNIPARTS.NS,91430496.51220703,801,True,False
INDIAGLYCO,India Glycols Limited,,EQ,INE560A01023,2005-07-01,INDIAGLYCO.NS,90524965.05584717,802,True,False
HARDWYN,Hardwyn India Limited,,EQ,INE626Z01029,2022-04-12,HARDWYN.NS,90495054.29602814,803,True,False
LANDMARK,Landmark Cars Limited,,EQ,INE559R01029,2022-12-23,LANDMARK.NS,90400363.42619324,804,True,False
INDGN,Indegene Limited,,EQ,INE065X01017,2024-05-13,INDGN.NS,90241501.24041748,805,True,False
RAYMONDLSL,Raymond Lifestyle Limited,,EQ,INE02ID01020,2024-09-05,RAYMONDLSL.NS,90167134.44482422,806,True,True
HINDOILEXP,Hindustan Oil Exploration Company Limited,,EQ,INE345A01011,2003-09-23,HINDOILEXP.NS,89612768.30238342,807,True,False
SOLARA,Solara Active Pharma Sciences Limited,,EQ,INE624Z01016,2018-06-27,SOLARA.NS,89242576.8503418,808,True,False
ERIS,Eris Lifesciences Limited,,EQ,INE406M01024,2017-06-29,ERIS.NS,89116727.27105713,809,True,False
SHILCTECH,Shilchar Technologies Limited,,EQ,INE024F01011,2025-11-24,SHILCTECH.NS,88645079.1496582,810,True,True
JUBLPHARMA,Jubilant Pharmova Limited,,EQ,INE700A01033,2003-06-16,JUBLPHARMA.NS,88260855.81106567,811,True,False
DEEDEV,DEE Development Engineers Limited,,EQ,INE841L01016,2024-06-26,DEEDEV.NS,88110622.60180664,812,True,False
SILVERTUC,Silver Touch Technologies Limited,,EQ,INE625X01026,2022-05-12,SILVERTUC.NS,87823278.44828796,813,True,False
HCG,Healthcare Global Enterprises Limited,,EQ,INE075I01017,2016-03-30,HCG.NS,87796233.76116943,814,True,False
VADILALIND,Vadilal Industries Limited,,EQ,INE694D01016,2011-06-15,VADILALIND.NS,87409766.70629883,815,True,False
MCLOUD,Magellanic Cloud Limited,,EQ,INE613C01026,2025-02-07,MCLOUD.NS,87355935.66608143,816,True,True
BAJAJHIND,Bajaj Hindusthan Sugar Limited,,EQ,INE306A01021,1995-05-10,BAJAJHIND.NS,87103118.73577595,817,True,False
HARIOMPIPE,Hariom Pipe Industries Limited,,EQ,INE00EV01017,2022-04-13,HARIOMPIPE.NS,86753336.35185242,818,True,False
SERVOTECH,Servotech Renewable Power System Limited,,EQ,INE782X01033,2021-09-02,SERVOTECH.NS,85426091.94964218,819,True,False
FDC,FDC Limited,,EQ,INE258B01022,1997-08-07,FDC.NS,85150274.94213867,820,True,False
ASHOKA,Ashoka Buildcon Limited,,EQ,INE442H01029,2010-10-14,ASHOKA.NS,84869371.81723022,821,True,False
CHALET,Chalet Hotels Limited,,EQ,INE427F01016,2019-02-07,CHALET.NS,83419885.5541687,822,True,False
COCKERILL,John Cockerill India Limited,,EQ,INE515A01019,2026-04-20,COCKERILL.NS,82261041.5,823,True,True
INTERARCH,Interarch Building Solutions Limited,,EQ,INE00M901018,2024-08-26,INTERARCH.NS,81826464.67712402,824,True,True
AQYLON,Aqylon Nexus Limited,,EQ,INE416A01051,2024-04-01,AQYLON.NS,81528652.86765862,825,True,False
FINPIPE,Finolex Industries Limited,,EQ,INE183A01024,1995-02-08,FINPIPE.NS,81389098.61894226,826,True,False
BEPL,Bhansali Engineering Polymers Limited,,EQ,INE922A01025,2005-03-21,BEPL.NS,80784672.2775124,827,True,False
PARAGMILK,Parag Milk Foods Limited,,EQ,INE883N01014,2016-05-19,PARAGMILK.NS,80740714.48342896,828,True,False
VAIBHAVGBL,Vaibhav Global Limited,,EQ,INE884A01027,2004-04-05,VAIBHAVGBL.NS,80566975.54785919,829,True,False
ORCHPHARMA,Orchid Pharma Limited,,EQ,INE191A01027,2020-11-02,ORCHPHARMA.NS,80504519.98846436,830,True,False
EPL,EPL Limited,,EQ,INE255A01020,2002-02-11,EPL.NS,80420099.24957275,831,True,False
HERITGFOOD,Heritage Foods Limited,,EQ,INE978A01027,1996-11-27,HERITGFOOD.NS,80290496.59881592,832,True,False
TEMBO,Tembo Global Industries Limited,,EQ,INE869Y01028,2021-04-23,TEMBO.NS,79821440.12023926,833,True,False
AEROPLANE,Amir Chand Jagdish Kumar (Exports) Limited,,EQ,INE05TO01019,2026-04-02,AEROPLANE.NS,79776166.54589081,834,True,True
DELTACORP,Delta Corp Limited,,EQ,INE124G01033,2007-11-02,DELTACORP.NS,79708402.04702377,835,True,False
RISHABH,Rishabh Instruments Limited,,EQ,INE0N2P01017,2023-09-11,RISHABH.NS,79532997.76599121,836,True,False
ALIVUS,Alivus Life Sciences Limited,,EQ,INE03Q201024,2021-08-06,ALIVUS.NS,79492226.70806885,837,True,False
SBFC,SBFC Finance Limited,,EQ,INE423Y01016,2023-08-16,SBFC.NS,79363234.45329285,838,True,False
SKFINDUS,SKF India (Industrial) Limited,,EQ,INE2J8701016,2025-12-05,SKFINDUS.NS,79295927.65563965,839,True,True
ICRA,ICRA Limited,,EQ,INE725G01011,2007-04-13,ICRA.NS,79295429.95678711,840,True,False
IFBIND,IFB Industries Limited,,EQ,INE559A01017,1995-03-29,IFBIND.NS,78767768.1505127,841,True,False
VARROC,Varroc Engineering Limited,,EQ,INE665L01035,2018-07-06,VARROC.NS,78683235.01245117,842,True,False
MUTHOOTMF,Muthoot Microfin Limited,,EQ,INE046W01019,2023-12-26,MUTHOOTMF.NS,78057421.46736145,843,True,False
GALLANTT,Gallantt Ispat Limited,,EQ,INE297H01019,2006-04-04,GALLANTT.NS,77859057.09436035,844,True,False
RSYSTEMS,R Systems International Limited,,EQ,INE411H01032,2006-04-26,RSYSTEMS.NS,77778293.03236389,845,True,False
ACI,Archean Chemical Industries Limited,,EQ,INE128X01021,2022-11-21,ACI.NS,77663293.73904419,846,True,False
MASTEK,Mastek Limited,,EQ,INE759A01021,1995-05-10,MASTEK.NS,77617365.91223145,847,True,False
RPEL,Raghav Productivity Enhancers Limited,,EQ,INE912T01018,2024-08-08,RPEL.NS,76400037.43762207,848,True,False
GKENERGY,GK Energy Limited,,EQ,INE1AG301022,2025-09-26,GKENERGY.NS,75987632.10027313,849,True,True
ELLEN,Ellenbarrie Industrial Gases Limited,,EQ,INE236E01022,2025-07-01,ELLEN.NS,75941880.90081787,850,True,True
CELLO,Cello World Limited,,EQ,INE0LMW01024,2023-11-06,CELLO.NS,75891921.682724,851,True,False
KITEX,Kitex Garments Limited,,EQ,INE602G01020,2012-09-25,KITEX.NS,75520870.24240112,852,True,False
ROUTE,ROUTE MOBILE LIMITED,,EQ,INE450U01017,2020-09-21,ROUTE.NS,74808666.92694092,853,True,False
SUNFLAG,Sunflag Iron And Steel Company Limited,,EQ,INE947A01014,2005-09-29,SUNFLAG.NS,74557487.46482849,854,True,False
NIVABUPA,Niva Bupa Health Insurance Company Limited,,EQ,INE995S01015,2024-11-14,NIVABUPA.NS,74375857.9236641,855,True,True
GSFC,Gujarat State Fertilizers & Chemicals Limited,,EQ,INE026A01025,1995-09-06,GSFC.NS,74243900.9641571,856,True,False
COSMOFIRST,COSMO FIRST LIMITED,,EQ,INE757A01017,1995-05-25,COSMOFIRST.NS,74136274.03637695,857,True,False
CANHLIFE,Canara HSBC Life Insurance Company Limited,,EQ,INE01TY01017,2025-10-17,CANHLIFE.NS,73634422.0680542,858,True,True
CAMPUS,Campus Activewear Limited,,EQ,INE278Y01022,2022-05-09,CAMPUS.NS,73080664.18743134,859,True,False
BIKAJI,Bikaji Foods International Limited,,EQ,INE00E101023,2022-11-16,BIKAJI.NS,72989500.65774536,860,True,False
SPORTKING,Sportking India Limited,,EQ,INE885H01029,2022-08-24,SPORTKING.NS,72930754.11514282,861,True,False
PGHL,Procter & Gamble Health Limited,,EQ,INE199A01012,1996-04-24,PGHL.NS,72861313.0,862,True,False
IVALUE,Ivalue Infosolutions Limited,,EQ,INE056801025,2025-09-25,IVALUE.NS,72545307.90470886,863,True,True
SUNTECK,Sunteck Realty Limited,,EQ,INE805D01034,2009-11-13,SUNTECK.NS,72383379.5148468,864,True,False
GHCL,GHCL Limited,,EQ,INE539A01019,2003-07-31,GHCL.NS,72269103.3651886,865,True,False
SPANDANA,Spandana Sphoorty Financial Limited,,EQ,INE572J01011,2019-08-19,SPANDANA.NS,71921382.92781067,866,True,False
SEIL,Shanti Educational Initiatives Limited,,EQ,INE440T01028,2026-04-20,SEIL.NS,71569942.26922607,867,True,True
KDDL,KDDL Limited,,EQ,INE291D01011,2016-03-23,KDDL.NS,71569260.47229004,868,True,False
FISCHER,Fischer Medical Ventures Limited,,EQ,INE771F01041,2025-07-10,FISCHER.NS,71524444.2608242,869,True,True
SEAMECLTD,Seamec Limited,,EQ,INE497B01018,1995-06-28,SEAMECLTD.NS,71493614.50579834,870,True,False
YASHO,Yasho Industries Limited,,EQ,INE616Z01012,2023-08-21,YASHO.NS,71289811.05932617,871,True,False
GULFOILLUB,Gulf Oil Lubricants India Limited,,EQ,INE635Q01029,2014-07-31,GULFOILLUB.NS,71189885.18890381,872,True,False
CRAMC,Canara Robeco Asset Management Company Limited,,EQ,INE218I01013,2025-10-16,CRAMC.NS,71073027.82913208,873,True,True
TTML,Tata Teleservices (Maharashtra) Limited,,EQ,INE517B01013,2000-10-20,TTML.NS,71040156.2131424,874,True,False
ALGOQUANT,Algoquant Fintech Limited,,EQ,INE598D01035,2026-01-06,ALGOQUANT.NS,70830550.20277786,875,True,True
CAPACITE,Capacit'e Infraprojects Limited,,EQ,INE264T01014,2017-09-25,CAPACITE.NS,70746116.60256958,876,True,False
APLLTD,Alembic Pharmaceuticals Limited,,EQ,INE901L01018,2011-09-20,APLLTD.NS,70532381.08032227,877,True,False
DENTA,Denta Water and Infra Solutions Limited,,EQ,INE0R4L01018,2025-01-29,DENTA.NS,70153243.75027466,878,True,True
ARIS,Arisinfra Solutions Limited,,EQ,INE0H9P01028,2025-06-25,ARIS.NS,69843285.32272339,879,True,True
GMMPFAUDLR,GMM Pfaudler Limited,,EQ,INE541A01023,2018-03-05,GMMPFAUDLR.NS,69730624.86328125,880,True,False
SHAREINDIA,Share India Securities Limited,,EQ,INE932X01026,2020-09-21,SHAREINDIA.NS,69450117.46376038,881,True,False
BBL,Bharat Bijlee Limited,,EQ,INE464A01036,2006-11-21,BBL.NS,68943941.80664062,882,True,False
SURYODAY,Suryoday Small Finance Bank Limited,,EQ,INE428Q01011,2021-03-26,SURYODAY.NS,68939215.35128784,883,True,False
PRUDENT,Prudent Corporate Advisory Services Limited,,EQ,INE00F201020,2022-05-20,PRUDENT.NS,68492607.80859375,884,True,False
GOKULAGRO,Gokul Agro Resources Limited,,EQ,INE314T01033,2016-03-11,GOKULAGRO.NS,68341868.67043304,885,True,False
INDIGOPNTS,Indigo Paints Limited,,EQ,INE09VQ01012,2021-02-02,INDIGOPNTS.NS,68234047.9367981,886,True,False
SANOFI,Sanofi India Limited,,EQ,INE058A01010,2003-05-19,SANOFI.NS,68181817.61791992,887,True,False
AWFIS,Awfis Space Solutions Limited,,EQ,INE108V01019,2024-05-30,AWFIS.NS,67513775.28694153,888,True,False
POLYPLEX,Polyplex Corporation Limited,,EQ,INE633B01018,2003-04-11,POLYPLEX.NS,67284412.20178223,889,True,False
MANYAVAR,Vedant Fashions Limited,,EQ,INE825V01034,2022-02-16,MANYAVAR.NS,67270618.53622437,890,True,False
RAMRAT,Ram Ratna Wires Limited,,EQ,INE207E01023,2022-07-29,RAMRAT.NS,67241240.60064697,891,True,False
KIRIINDUS,Kiri Industries Limited,,EQ,INE415I01015,2008-04-22,KIRIINDUS.NS,67205661.09985352,892,True,False
NIITLTD,NIIT Limited,,EQ,INE161A01038,2004-08-16,NIITLTD.NS,67202895.31439972,893,True,False
ASAHIINDIA,Asahi India Glass Limited,,EQ,INE439A01020,1998-03-18,ASAHIINDIA.NS,67005094.238861084,894,True,False
JASH,Jash Engineering Limited,,EQ,INE039O01029,2019-10-30,JASH.NS,66912032.93249512,895,True,False
BOMDYEING,Bombay Dyeing & Mfg Company Limited,,EQ,INE032A01023,1995-04-26,BOMDYEING.NS,66779194.71932602,896,True,False
INDOTECH,Indo Tech Transformers Limited,,EQ,INE332H01014,2006-03-16,INDOTECH.NS,66408364.419433594,897,True,False
GTLINFRA,GTL Infrastructure Limited,,EQ,INE221H01019,2006-11-09,GTLINFRA.NS,66287055.61802751,898,True,False
ASKAUTOLTD,ASK Automotive Limited,,EQ,INE491J01022,2023-11-15,ASKAUTOLTD.NS,66007800.78140259,899,True,False
TALBROAUTO,Talbros Automotive Components Limited,,EQ,INE187D01029,2006-09-29,TALBROAUTO.NS,65859095.41169739,900,True,False
KPL,Kwality Pharmaceuticals Limited,,EQ,INE552U01010,2026-04-20,KPL.NS,65835584.11376953,901,True,True
SAFARI,Safari Industries (India) Limited,,EQ,INE429E01023,2019-09-12,SAFARI.NS,65544502.16503906,902,True,False
JKLAKSHMI,JK Lakshmi Cement Limited,,EQ,INE786A01032,2006-06-19,JKLAKSHMI.NS,65054220.66833496,903,True,False
DATAMATICS,Datamatics Global Services Limited,,EQ,INE365B01017,2004-05-07,DATAMATICS.NS,64952237.91534424,904,True,False
HLEGLAS,HLE Glascoat Limited,,EQ,INE461D01028,2023-02-09,HLEGLAS.NS,64478407.5912323,905,True,False
WSTCSTPAPR,West Coast Paper Mills Limited,,EQ,INE976A01021,2001-01-17,WSTCSTPAPR.NS,64455833.06454468,906,True,False
AGI,AGI Greenpac Limited,,EQ,INE415A01038,2000-05-31,AGI.NS,64453114.26037598,907,True,False
SMSPHARMA,SMS Pharmaceuticals Limited,,EQ,INE812G01025,2007-02-28,SMSPHARMA.NS,64346555.49771118,908,True,False
KALAMANDIR,Sai Silks (Kalamandir) Limited,,EQ,INE438K01021,2023-09-27,KALAMANDIR.NS,64120744.925922394,909,True,False
INDIASHLTR,India Shelter Finance Corporation Limited,,EQ,INE922K01024,2023-12-20,INDIASHLTR.NS,64119945.09326172,910,True,False
RATNAMANI,Ratnamani Metals & Tubes Limited,,EQ,INE703B01027,2006-05-09,RATNAMANI.NS,63905486.38964844,911,True,False
RELTD,Ravindra Energy Limited,,EQ,INE206N01018,2024-07-30,RELTD.NS,63837792.61521149,912,True,False
TVSSCS,TVS Supply Chain Solutions Limited,,EQ,INE395N01027,2023-08-23,TVSSCS.NS,63828954.50704956,913,True,False
ZOTA,Zota Health Care LImited,,EQ,INE358U01012,2019-08-19,ZOTA.NS,63408454.548461914,914,True,False
LUMAXIND,Lumax Industries Limited,,EQ,INE162B01018,1995-09-06,LUMAXIND.NS,63357592.373291016,915,True,False
KPEL,K.P. Energy Limited,,EQ,INE127T01021,2024-11-14,KPEL.NS,63305069.1330719,916,True,True
GLOBUSSPR,Globus Spirits Limited,,EQ,INE615I01010,2009-09-23,GLOBUSSPR.NS,62623146.52493286,917,True,False
POKARNA,Pokarna Limited,,EQ,INE637C01025,2016-07-07,POKARNA.NS,62188569.59185791,918,True,False
AEROENTER,Aeroflex Enterprises Limited,,EQ,INE065D01027,2022-11-21,AEROENTER.NS,61798092.24578476,919,True,False
KSCL,Kaveri Seed Company Limited,,EQ,INE455I01029,2007-10-04,KSCL.NS,61690175.73220825,920,True,False
EUREKAFORB,Eureka Forbes Limited,,EQ,INE0KCE01017,2024-09-11,EUREKAFORB.NS,61633507.40710449,921,True,True
TINNARUBR,Tinna Rubber and Infrastructure Limited,,EQ,INE015C01016,2025-04-17,TINNARUBR.NS,61371165.88320923,922,True,True
JISLJALEQS,Jain Irrigation Systems Limited,,EQ,INE175A01038,2001-08-13,JISLJALEQS.NS,61354687.05747986,923,True,False
TIRUMALCHM,Thirumalai Chemicals Limited,,EQ,INE338A01024,2003-05-14,TIRUMALCHM.NS,60820627.986198425,924,True,False
MANCREDIT,Mangal Credit and Fincorp Limited,,EQ,INE545L01039,2024-08-16,MANCREDIT.NS,60785002.90525818,925,True,True
CHEMPLASTS,Chemplast Sanmar Limited,,EQ,INE488A01050,2021-08-24,CHEMPLASTS.NS,60713277.45477295,926,True,False
SUNDRMFAST,Sundram Fasteners Limited,,EQ,INE387A01021,2000-06-07,SUNDRMFAST.NS,60463510.71838379,927,True,False
HARSHA,Harsha Engineers International Limited,,EQ,INE0JUS01029,2022-09-26,HARSHA.NS,60402653.41015625,928,True,False
VINATIORGA,Vinati Organics Limited,,EQ,INE410B01037,2009-07-28,VINATIORGA.NS,60167124.26257324,929,True,False
APOLLOPIPE,Apollo Pipes Limited,,EQ,INE126J01016,2019-11-11,APOLLOPIPE.NS,60162854.50286865,930,True,False
DLINKINDIA,D-Link (India) Limited,,EQ,INE250K01012,2009-12-18,DLINKINDIA.NS,60105947.253341675,931,True,False
ABLBL,Aditya Birla Lifestyle Brands Limited,,EQ,INE14LE01019,2025-06-23,ABLBL.NS,59977161.37876892,932,True,True
VGUARD,V-Guard Industries Limited,,EQ,INE951I01027,2008-03-13,VGUARD.NS,59975297.06947327,933,True,False
AJMERA,Ajmera Realty & Infra India Limited,,EQ,INE298G01035,2009-06-16,AJMERA.NS,59878914.22517395,934,True,False
TATVA,Tatva Chintan Pharma Chem Limited,,EQ,INE0GK401011,2021-07-29,TATVA.NS,59827767.763916016,935,True,False
ONEPOINT,One Point One Solutions Limited,,EQ,INE840Y01029,2019-05-09,ONEPOINT.NS,59821719.11835098,936,True,False
MAHLOG,Mahindra Logistics Limited,,EQ,INE766P01016,2017-11-10,MAHLOG.NS,59670454.306640625,937,True,False
INGERRAND,Ingersoll Rand (India) Limited,,EQ,INE177A01018,1999-04-15,INGERRAND.NS,59531029.99169922,938,True,False
DSSL,Dynacons Systems & Solutions Limited,,EQ,INE417B01040,2011-12-01,DSSL.NS,59322782.8203125,939,True,False
GHCLTEXTIL,GHCL Textiles Limited,,EQ,INE0PA801013,2023-06-12,GHCLTEXTIL.NS,59032406.786533356,940,True,False
EFCIL,EFC (I) Limited,,EQ,INE886D01026,2025-08-20,EFCIL.NS,58694541.20439911,941,True,True
CARRARO,Carraro India Limited,,EQ,INE0V7W01012,2024-12-30,CARRARO.NS,58674695.484313965,942,True,True
VSTIND,VST Industries Limited,,EQ,INE710A01016,2003-09-05,VSTIND.NS,58349492.58529663,943,True,False
SUPRAJIT,Suprajit Engineering Limited,,EQ,INE399C01030,2005-02-18,SUPRAJIT.NS,58218035.06765747,944,True,False
APCOTEXIND,Apcotex Industries Limited,,EQ,INE116A01032,1995-09-06,APCOTEXIND.NS,57866938.153274536,945,True,False
VIPIND,VIP Industries Limited,,EQ,INE054A01027,2005-03-02,VIPIND.NS,57858769.252471924,946,True,False
ARMANFIN,Arman Financial Services Limited,,EQ,INE109C01017,2016-06-14,ARMANFIN.NS,57594861.982788086,947,True,False
ADVENZYMES,Advanced Enzyme Technologies Limited,,EQ,INE837H01020,2016-08-01,ADVENZYMES.NS,57289161.86955261,948,True,False
SOUTHWEST,South West Pinnacle Exploration Limited,,EQ,INE980Y01015,2019-04-18,SOUTHWEST.NS,57257791.484054565,949,True,False
STYLEBAAZA,Baazar Style Retail Limited,,EQ,INE01FR01028,2024-09-06,STYLEBAAZA.NS,57155590.23132324,950,True,True
HIKAL,Hikal Limited,,EQ,INE475B01022,2001-02-14,HIKAL.NS,56670859.7481308,951,True,False
BASF,BASF India Limited,,EQ,INE373A01013,1995-05-17,BASF.NS,56575372.35498047,952,True,False
INA,Insolation Energy Limited,,EQ,INE0LGX01024,2026-03-09,INA.NS,56522313.109111786,953,True,True
VERANDA,Veranda Learning Solutions Limited,,EQ,INE0IQ001011,2022-04-11,VERANDA.NS,56467518.80052948,954,True,False
INDIACEM,The India Cements Limited,,EQ,INE383A01012,2000-05-31,INDIACEM.NS,56345627.14978027,955,True,False
BETA,Beta Drugs Limited,,EQ,INE351Y01019,2025-11-24,BETA.NS,55931096.165893555,956,True,True
SHK,S H Kelkar and Company Limited,,EQ,INE500L01026,2015-11-16,SHK.NS,55545765.25897217,957,True,False
INDOBORAX,Indo Borax & Chemicals Limited,,EQ,INE803D01021,2022-03-29,INDOBORAX.NS,55432982.91691589,958,True,False
BIRLACORPN,Birla Corporation Limited,,EQ,INE340A01012,1995-04-12,BIRLACORPN.NS,55267615.62084961,959,True,False
ALOKINDS,Alok Industries Limited,,EQ,INE270A01029,2020-02-19,ALOKINDS.NS,55135151.68215132,960,True,False
UTKARSHBNK,Utkarsh Small Finance Bank Limited,,EQ,INE735W01017,2023-07-21,UTKARSHBNK.NS,55021327.31553984,961,True,False
JSWDULUX,JSW Dulux Limited,,EQ,INE133A01011,2001-06-28,JSWDULUX.NS,54762311.92529297,962,True,False
JYOTISTRUC,Jyoti Structures Limited,,EQ,INE197A01024,1995-07-19,JYOTISTRUC.NS,54583266.742733,963,True,False
AHCL,Anlon Healthcare Limited,,EQ,INE0Y8W01025,2025-09-03,AHCL.NS,54517385.359303,964,True,True
NITCO,Nitco Limited,,EQ,INE858F01012,2006-03-21,NITCO.NS,54495906.50317383,965,True,False
MARKOLINES,Markolines Pavement Technologies Limited,,EQ,INE0FW001016,2025-10-14,MARKOLINES.NS,54487973.971328735,966,True,True
WANBURY,Wanbury Limited,,EQ,INE107F01022,2007-01-29,WANBURY.NS,54484473.75442505,967,True,False
PNBGILTS,PNB Gilts Limited,,EQ,INE859A01011,2000-09-18,PNBGILTS.NS,54244581.871292114,968,True,False
GREENPLY,Greenply Industries Limited,,EQ,INE461C01038,1996-03-06,GREENPLY.NS,54212918.94236755,969,True,False
CRIZAC,Crizac Limited,,EQ,INE0S4R01014,2025-07-09,CRIZAC.NS,53997339.2762146,970,True,True
PRINCEPIPE,Prince Pipes And Fittings Limited,,EQ,INE689W01016,2019-12-30,PRINCEPIPE.NS,53798160.75909424,971,True,False
CARERATING,CARE Ratings Limited,,EQ,INE752H01013,2012-12-26,CARERATING.NS,53694375.74346924,972,True,False
NIITMTS,NIIT Learning Systems Limited,,EQ,INE342G01023,2023-08-08,NIITMTS.NS,53673438.77650452,973,True,False
BCG,Brightcom Group Limited,,EQ,INE425B01027,2015-05-08,BCG.NS,53663211.345541,974,True,False
AARTIDRUGS,Aarti Drugs Limited,,EQ,INE767A01016,2003-09-19,AARTIDRUGS.NS,53541455.58639526,975,True,False
JINDWORLD,Jindal Worldwide Limited,,EQ,INE247D01039,2010-11-25,JINDWORLD.NS,53290159.472709656,976,True,False
HITECH,Hi-Tech Pipes Limited,,EQ,INE106T01025,2018-05-07,HITECH.NS,52953145.68217087,977,True,False
INDRAMEDCO,Indraprastha Medical Corporation Limited,,EQ,INE681B01017,1997-04-17,INDRAMEDCO.NS,52935251.95968628,978,True,False
ATULAUTO,Atul Auto Limited,,EQ,INE951D01028,2013-06-26,ATULAUTO.NS,52850785.40817261,979,True,False
BLUSPRING,Bluspring Enterprises Limited,,EQ,INE0U4101014,2025-06-11,BLUSPRING.NS,52404842.97164154,980,True,True
ANUP,The Anup Engineering Limited,,EQ,INE294Z01018,2019-03-01,ANUP.NS,52097480.71386719,981,True,False
BAJAJHCARE,Bajaj Healthcare Limited,,EQ,INE411U01027,2021-11-25,BAJAJHCARE.NS,51299142.09008789,982,True,False
GARUDA,Garuda Construction and Engineering Limited,,EQ,INE0JVO01026,2024-10-15,GARUDA.NS,50951999.215545654,983,True,True
MOLDTKPAC,Mold-Tek Packaging Limited,,EQ,INE893J01029,2015-02-23,MOLDTKPAC.NS,50893702.04852295,984,True,False
NOCIL,NOCIL Limited,,EQ,INE163A01018,1996-01-17,NOCIL.NS,50813146.98095703,985,True,False
INFOBEAN,InfoBeans Technologies Limited,,EQ,INE344S01016,2019-07-15,INFOBEAN.NS,50779677.74925995,986,True,False
PENIND,Pennar Industries Limited,,EQ,INE932A01024,2010-11-25,PENIND.NS,50357283.3112793,987,True,False
KANSAINER,Kansai Nerolac Paints Limited,,EQ,INE531A01024,2003-09-15,KANSAINER.NS,50278416.08757019,988,True,False
FINOPB,Fino Payments Bank Limited,,EQ,INE02NC01014,2021-11-12,FINOPB.NS,50205787.98335266,989,True,False
MAHSEAMLES,Maharashtra Seamless Limited,,EQ,INE271B01025,2004-08-25,MAHSEAMLES.NS,49838926.61743164,990,True,False
JARO,Jaro Institute of Technology Management and Research Limited,,EQ,INE00YJ01010,2025-09-30,JARO.NS,49706190.60546875,991,True,True
RTNINDIA,RattanIndia Enterprises Limited,,EQ,INE834M01019,2012-07-30,RTNINDIA.NS,49623722.32585907,992,True,False
APEX,Apex Frozen Foods Limited,,EQ,INE346W01013,2017-09-04,APEX.NS,49138337.21890259,993,True,False
NITINSPIN,Nitin Spinners Limited,,EQ,INE229H01012,2006-02-02,NITINSPIN.NS,49043923.86090088,994,True,False
RAMCOIND,Ramco Industries Limited,,EQ,INE614A01028,1996-11-06,RAMCOIND.NS,48769991.69232178,995,True,False
EUROPRATIK,Euro Pratik Sales Limited,,EQ,INE198501012,2025-09-23,EUROPRATIK.NS,48688781.10745239,996,True,True
DBL,Dilip Buildcon Limited,,EQ,INE917M01012,2016-08-11,DBL.NS,48268034.07115173,997,True,False
FINEORG,Fine Organic Industries Limited,,EQ,INE686Y01026,2018-07-02,FINEORG.NS,48151294.53955078,998,True,False
STYRENIX,Styrenix Performance Materials Limited,,EQ,INE189B01011,1995-03-29,STYRENIX.NS,48093143.724609375,999,True,False
XPROINDIA,Xpro India Limited,,EQ,INE445C01015,2004-04-27,XPROINDIA.NS,47867579.857177734,1000,True,False
BHARATSE,Bharat Seats Limited,,EQ,INE415D01024,2025-03-24,BHARATSE.NS,47631159.94113159,1004,False,True
CORONA,CORONA Remedies Limited,,EQ,INE02ZQ01018,2025-12-15,CORONA.NS,47319163.0456543,1008,False,True
STYL,Seshaasai Technologies Limited,,EQ,INE04VU01023,2025-09-30,STYL.NS,47195893.005340576,1010,False,True
KROSS,Kross Limited,,EQ,INE0O6601022,2024-09-16,KROSS.NS,46989900.74407959,1012,False,True
BUILDPRO,Shankara Buildpro Limited,,EQ,INE24OJ01011,2026-01-09,BUILDPRO.NS,46420578.83062744,1014,False,True
ELITECON,Elitecon International Limited,,EQ,INE669R01026,2026-04-20,ELITECON.NS,45600591.57697964,1021,False,True
GALAPREC,Gala Precision Engineering Limited,,EQ,INE0RE001014,2024-09-09,GALAPREC.NS,44734294.86129761,1028,False,True
FERMENTA,Fermenta Biotech Limited,,EQ,INE225B01021,2026-08-04,FERMENTA.NS,43524613.62753296,1043,False,True
DIFFNKG,Diffusion Engineers Limited,,EQ,INE184O01015,2024-10-04,DIFFNKG.NS,42866086.926712036,1046,False,True
SAATVIKGL,Saatvik Green Energy Limited,,EQ,INE13B501022,2025-09-26,SAATVIKGL.NS,42239504.44564819,1050,False,True
NPST,Network People Services Technologies Limited,,EQ,INE0FFK01017,2025-04-30,NPST.NS,42230063.50061035,1051,False,True
SOLARWORLD,Solarworld Energy Solutions Limited,,EQ,INE0TY101024,2025-09-30,SOLARWORLD.NS,40961892.26911163,1058,False,True
PNGSREVA,PNGS Reva Diamond Jewellery Limited,,EQ,INE1RDG01013,2026-03-04,PNGSREVA.NS,40844045.5289917,1060,False,True
TRAVELFOOD,Travel Food Services Limited,,EQ,INE103V01028,2025-07-14,TRAVELFOOD.NS,40839373.30358887,1061,False,True
CEINSYS,Ceinsys Tech Limited,,EQ,INE016Q01014,2026-02-19,CEINSYS.NS,40583964.29205322,1063,False,True
EXCELSOFT,Excelsoft Technologies Limited,,EQ,INE606N01019,2025-11-26,EXCELSOFT.NS,40311898.90538788,1067,False,True
MBEL,M & B Engineering Limited,,EQ,INE08N601015,2025-08-06,MBEL.NS,40206643.33218384,1069,False,True
DAMCAPITAL,Dam Capital Advisors Limited,,EQ,INE284H01025,2024-12-27,DAMCAPITAL.NS,38960358.51875305,1077,False,True
RSL,Rajputana Stainless Limited,,EQ,INE313L01016,2026-03-19,RSL.NS,37159692.259628296,1088,False,True
ORIENTTECH,Orient Technologies Limited,,EQ,INE0PPK01015,2024-08-28,ORIENTTECH.NS,36381007.2036438,1094,False,True
ARKADE,Arkade Developers Limited,,EQ,INE0QRL01017,2024-09-24,ARKADE.NS,34316246.91532898,1109,False,True
NOVARTIND,Novartis India Limited,,EQ,INE234A01025,2026-04-20,NOVARTIND.NS,33517669.83569336,1116,False,True
AGARWALEYE,Dr. Agarwal's Health Care Limited,,EQ,INE943P01029,2025-02-04,AGARWALEYE.NS,31869953.30770874,1126,False,True
SCODATUBES,Scoda Tubes Limited,,EQ,INE090501011,2025-06-04,SCODATUBES.NS,31514622.135261536,1127,False,True
DDEVPLSTIK,Ddev Plastiks Industries Limited,,EQ,INE0HR601026,2025-01-15,DDEVPLSTIK.NS,30570880.389808655,1137,False,True
KIRLFER,Kirloskar Ferrous Industries Limited,,EQ,INE884B01025,2026-04-20,KIRLFER.NS,30351838.285125732,1142,False,True
WELSPLSOL,Welspun Specialty Solutions Limited,,EQ,INE731F01037,2026-04-20,WELSPLSOL.NS,29003339.33158493,1153,False,True
SMARTWORKS,Smartworks Coworking Spaces Limited,,EQ,INE0NAZ01010,2025-07-17,SMARTWORKS.NS,27962858.341812134,1158,False,True
RACLGEAR,RACL Geartech Limited,,EQ,INE704B01017,2024-11-27,RACLGEAR.NS,27423785.924987793,1162,False,True
GUJTHEM,Gujarat Themis Biosyn Limited,,EQ,INE942C01045,2025-02-25,GUJTHEM.NS,27253656.730316162,1163,False,True
KENNAMET,Kennametal India Limited,,EQ,INE717A01029,2026-04-20,KENNAMET.NS,26629768.985961914,1171,False,True
CEWATER,Concord Enviro Systems Limited,,EQ,INE037Z01029,2024-12-27,CEWATER.NS,26628890.55441284,1172,False,True
SIKA,Sika Interplant Systems Limited,,EQ,INE438E01032,2026-04-20,SIKA.NS,25576615.327453613,1188,False,True
KLBRENG-B,Kilburn Engineering Limited,,EQ,INE338F01015,2026-04-20,KLBRENG-B.NS,25436698.707321167,1190,False,True
ADVANCE,Advance Agrolife Limited,,EQ,INE1B0W01010,2025-10-08,ADVANCE.NS,24984100.003967285,1195,False,True
ORKLAINDIA,Orkla India Limited,,EQ,INE16NZ01023,2025-11-06,ORKLAINDIA.NS,24859204.323547363,1197,False,True
JAYKAY,Jaykay Enterprises Limited,,EQ,INE903A01025,2025-12-03,JAYKAY.NS,24665248.27394867,1199,False,True
GKSL,Gujarat Kidney And Super Speciality Limited,,EQ,INE0V0W01025,2025-12-30,GKSL.NS,24374337.61001587,1204,False,True
KOVAI,Kovai Medical Center & Hospital Limited,,EQ,INE177F01017,2026-04-20,KOVAI.NS,24302519.25,1205,False,True
FRONTSP,Frontier Springs Limited,,EQ,INE572D01014,2026-04-20,FRONTSP.NS,23913327.868041992,1210,False,True
CAPILLARY,Capillary Technologies India Limited,,EQ,INE0ILV01024,2025-11-21,CAPILLARY.NS,23674276.872650146,1214,False,True
OMPOWER,Om Power Transmission Limited,,EQ,INE25E901019,2026-04-17,OMPOWER.NS,23569438.674087524,1215,False,True
FEDDERSHOL,Fedders Holding Limited,,EQ,INE417D01020,2026-04-20,FEDDERSHOL.NS,23310660.606409073,1220,False,True
DIGITIDE,Digitide Solutions Limited,,EQ,INE0U4701011,2025-06-11,DIGITIDE.NS,22763240.20323944,1225,False,True
AJAXENGG,Ajax Engineering Limited,,EQ,INE274Y01021,2025-02-17,AJAXENGG.NS,22275103.972961426,1228,False,True
INDOFARM,Indo Farm Equipment Limited,,EQ,INE622H01018,2025-01-07,INDOFARM.NS,22076363.072174072,1232,False,True
UNIECOM,Unicommerce Esolutions Limited,,EQ,INE00U401027,2024-08-13,UNIECOM.NS,22040183.496017456,1233,False,True
LAXMIDENTL,Laxmi Dental Limited,,EQ,INE0WO601020,2025-01-20,LAXMIDENTL.NS,21656381.913085938,1238,False,True
PROSTARM,Prostarm Info Systems Limited,,EQ,INE0BX301013,2025-06-03,PROSTARM.NS,21501406.396499634,1239,False,True
MAMATA,Mamata Machinery Limited,,EQ,INE0TO701015,2024-12-27,MAMATA.NS,20937120.14440918,1242,False,True
SUYOG,Suyog Telematics Limited,,EQ,INE442P01014,2024-08-20,SUYOG.NS,20340145.64743042,1248,False,True
NITTAGELA,Nitta Gelatin India Limited,,EQ,INE265B01019,2026-04-20,NITTAGELA.NS,20289988.727783203,1251,False,True
MASTERTR,Master Trust Limited,,EQ,INE677D01037,2024-11-12,MASTERTR.NS,20050236.713184357,1255,False,True
ADVENTHTL,Advent Hotels International Limited,,EQ,INE28GN01010,2025-11-13,ADVENTHTL.NS,19088691.33290863,1263,False,True
SHINDL,Sharat Industries Limited,,EQ,INE220Z01013,2026-04-20,SHINDL.NS,18982380.46069336,1266,False,True
STUDDS,Studds Accessories Limited,,EQ,INE00Q601028,2025-11-07,STUDDS.NS,18725950.33695984,1267,False,True
PATELRMART,Patel Retail Limited,,EQ,INE0R8B01010,2025-08-26,PATELRMART.NS,18483017.520370483,1273,False,True
GEMAROMA,Gem Aromatics Limited,,EQ,INE06XZ01023,2025-08-26,GEMAROMA.NS,18235828.518859863,1275,False,True
MIDWESTLTD,Midwest Limited,,EQ,INE0XAD01024,2025-10-24,MIDWESTLTD.NS,17058348.10986328,1288,False,True
SANOFICONR,Sanofi Consumer Healthcare India Limited,,EQ,INE0UOS01011,2024-09-13,SANOFICONR.NS,16938395.282714844,1290,False,True
STLNETWORK,STL Networks Limited,,EQ,INE1VXE01018,2025-09-04,STLNETWORK.NS,16657505.319103241,1293,False,True
GRAUWEIL,Grauer & Weil India Limited,,EQ,INE266D01021,2026-04-20,GRAUWEIL.NS,16495767.44114685,1294,False,True
KALPATARU,Kalpataru Limited,,EQ,INE227J01012,2025-07-01,KALPATARU.NS,16484112.0,1295,False,True
WPIL,WPIL Limited,,EQ,INE765D01022,2026-04-20,WPIL.NS,15884802.012329102,1302,False,True
PRAVEG,Praveg Limited,,EQ,INE722B01019,2026-04-20,PRAVEG.NS,15525052.849380493,1307,False,True
FABTECH,Fabtech Technologies Limited,,EQ,INE0HF201011,2025-10-07,FABTECH.NS,14896378.036697388,1316,False,True
ABINFRA,A B Infrabuild Limited,,EQ,INE00YB01025,2024-11-08,ABINFRA.NS,13962564.591692448,1328,False,True
MWL,Mangalam Worldwide Limited,,EQ,INE0JYY01029,2025-09-18,MWL.NS,13951484.46798706,1329,False,True
GANESHCP,Ganesh Consumer Products Limited,,EQ,INE652V01016,2025-09-29,GANESHCP.NS,13644376.361045837,1334,False,True
LEMERITE,Le Merite Exports Limited,,EQ,INE0G1L01025,2025-12-12,LEMERITE.NS,12563146.60885048,1348,False,True
MANBA,Manba Finance Limited,,EQ,INE939X01013,2024-09-30,MANBA.NS,12539728.572593689,1349,False,True
VENTIVE,Ventive Hospitality Limited,,EQ,INE781S01027,2024-12-30,VENTIVE.NS,11798271.308013916,1354,False,True
SANATHAN,Sanathan Textiles Limited,,EQ,INE0JPD01013,2024-12-27,SANATHAN.NS,11475145.714019775,1358,False,True
ALLTIME,All Time Plastics Limited,,EQ,INE0GV601021,2025-08-14,ALLTIME.NS,11263248.481063843,1363,False,True
3BBLACKBIO,3B Blackbio Dx Limited,,EQ,INE994E01018,2026-04-20,3BBLACKBIO.NS,10621033.839233398,1369,False,True
PAUSHAKLTD,Paushak Limited,,EQ,INE111F01024,2025-12-01,PAUSHAKLTD.NS,10260213.03704834,1378,False,True
HAWKINCOOK,Hawkins Cookers Limited,,EQ,INE979B01015,2026-04-20,HAWKINCOOK.NS,9496569.77758789,1389,False,True
JUBLCPL,Jubilant Agri and Consumer Products Limited,,EQ,INE03CC01015,2025-02-14,JUBLCPL.NS,9365430.413208008,1396,False,True
RMC,RMC Switchgears Limited,,EQ,INE655V01019,2026-04-01,RMC.NS,9178728.386932373,1400,False,True
ELANTAS,Elantas Beck India Limited,,EQ,INE280B01018,2026-04-20,ELANTAS.NS,9152026.25,1402,False,True
BORANA,Borana Weaves Limited,,EQ,INE16SF01016,2025-05-27,BORANA.NS,8516615.484085083,1406,False,True
GNRL,Gujarat Natural Resources Limited,,EQ,INE207H01018,2026-04-20,GNRL.NS,8357210.252868652,1409,False,True
TAALTECH,Taal Tech Limited,,EQ,INE524T01011,2026-04-20,TAALTECH.NS,7944824.150756836,1414,False,True
IGCL,Indogulf Cropsciences Limited,,EQ,INE05J901018,2025-07-03,IGCL.NS,7703964.194755554,1420,False,True
SURAKSHA,Suraksha Diagnostic Limited,,EQ,INE877V01027,2024-12-06,SURAKSHA.NS,7561707.714111328,1426,False,True
ELPROINTL,Elpro International Limited,,EQ,INE579B01039,2026-04-20,ELPROINTL.NS,7493898.558135986,1430,False,True
MODIS,Modis Navnirman Limited,,EQ,INE0L0L01012,2025-11-14,MODIS.NS,6734420.748779297,1443,False,True
GOODYEAR,Goodyear India Limited,,EQ,INE533A01012,2026-04-20,GOODYEAR.NS,6582765.111938477,1447,False,True
ULTRAMAR,Ultramarine & Pigments Limited,,EQ,INE405A01021,2026-04-20,ULTRAMAR.NS,6549095.058349609,1448,False,True
HALDER,Halder Venture Limited,,EQ,INE115S01010,2026-01-19,HALDER.NS,6368539.453483582,1453,False,True
INNOVISION,Innovision Limited,,EQ,INE0ADB01012,2026-03-23,INNOVISION.NS,6274656.798980713,1454,False,True
ACSTECH,ACS Technologies Limited,,EQ,INE366C01021,2026-04-20,ACSTECH.NS,6245503.833864212,1455,False,True
DISAQ,Disa India Limited,,EQ,INE131C01011,2026-04-20,DISAQ.NS,6159545.0048828125,1460,False,True
INDIQUBE,Indiqube Spaces Limited,,EQ,INE06ST01018,2025-07-30,INDIQUBE.NS,6021423.633888245,1467,False,True
KAMAHOLD,Kama Holdings Limited,,EQ,INE411F01010,2026-04-20,KAMAHOLD.NS,6004956.571533203,1468,False,True
PASHUPATI,Pashupati Cotspin Limited,,EQ,INE124Y01028,2025-07-17,PASHUPATI.NS,5750680.650970459,1471,False,True
TCC,TCC Concept Limited,,EQ,INE887D01016,2026-02-25,TCC.NS,5551730.646072388,1479,False,True
BAJAJINDEF,Indef Manufacturing Limited,,EQ,INE0O9T01021,2025-02-21,BAJAJINDEF.NS,5462701.058280945,1482,False,True
BRIGHOTEL,Brigade Hotel Ventures Limited,,EQ,INE03NU01014,2025-07-31,BRIGHOTEL.NS,5417971.7416267395,1484,False,True
ANNAPURNA,Annapurna Swadisht Limited,,EQ,INE0MGM01017,2026-08-12,ANNAPURNA.NS,5286862.680435181,1486,False,True
MEIL,Mangal Electrical Industries Limited,,EQ,INE0PKD01011,2025-08-28,MEIL.NS,5282355.857574463,1487,False,True
GICL,Globe International Carriers Limited,,EQ,INE947T01022,2026-02-18,GICL.NS,5020927.256284714,1502,False,True
MAFATIND,Mafatlal Industries Limited,,EQ,INE270B01035,2026-04-20,MAFATIND.NS,4936260.265640259,1503,False,True
BAJAJST,Bajaj Steel Industries Limited,,EQ,INE704G01024,2026-04-20,BAJAJST.NS,4852129.405029297,1506,False,True
TOLINS,Tolins Tyres Limited,,EQ,INE0RWQ01014,2024-09-16,TOLINS.NS,4820323.645774841,1508,False,True
NILE,Nile Limited,,EQ,INE445D01013,2026-04-20,NILE.NS,4746842.833374023,1510,False,True
WCIL,Western Carriers (India) Limited,,EQ,INE0CJF01024,2024-09-24,WCIL.NS,4468757.117744446,1519,False,True
DRAGARWQ,Dr Agarwals Eye Hospital Limited,,EQ,INE934C01018,2026-04-20,DRAGARWQ.NS,4423701.742431641,1520,False,True
PRABHA,Prabha Energy Limited,,EQ,INE0I0M01023,2025-03-19,PRABHA.NS,4173363.034690857,1534,False,True
MENNPIS,Menon Pistons Limited,,EQ,INE650G01029,2026-04-20,MENNPIS.NS,3937695.284500122,1538,False,True
BMWVENTLTD,BMW Ventures Limited,,EQ,INE965W01036,2025-10-01,BMWVENTLTD.NS,3794832.2131843567,1543,False,True
BLIL,Balmer Lawrie Investments Limited,,EQ,INE525F01025,2026-04-20,BLIL.NS,3364998.547317505,1557,False,True
PRIMO,Primo Chemicals Limited,,EQ,INE607A01022,2025-04-22,PRIMO.NS,3257067.703444481,1561,False,True
ANUHPHR,Anuh Pharma Limited,,EQ,INE489G01022,2024-12-20,ANUHPHR.NS,3206310.9021492004,1568,False,True
MERCURYEV,Mercury Ev-Tech Limited,,EQ,INE763M01028,2026-06-02,MERCURYEV.NS,3102511.941520691,1573,False,True
ARIHANT,Arihant Foundations & Housing Limited,,EQ,INE413D01011,2026-04-20,ARIHANT.NS,3092707.9213867188,1574,False,True
RNBDENIMS,R&B Denims Limited,,EQ,INE012Q01039,2025-09-04,RNBDENIMS.NS,3063659.3616256714,1575,False,True
SINGERIND,Singer India Limited,,EQ,INE638A01035,2026-03-19,SINGERIND.NS,2993748.228038788,1578,False,True
AKCAPIT,AK Capital Services Limited,,EQ,INE701G01012,2026-04-20,AKCAPIT.NS,2914800.9388427734,1581,False,True
NIRLON,Nirlon Limited,,EQ,INE910A01012,2026-04-20,NIRLON.NS,2823229.5,1589,False,True
DEVX,Dev Accelerator Limited,,EQ,INE0VOV01021,2025-09-17,DEVX.NS,2769220.6174850464,1593,False,True
AMBALALSA,Ambalal Sarabhai Enterprises Limited,,EQ,INE432A01017,2026-04-20,AMBALALSA.NS,2376706.6638240814,1616,False,True
BELLACASA,Bella Casa Fashion & Retail Limited,,EQ,INE344T01014,2025-07-18,BELLACASA.NS,2106400.587135315,1637,False,True
ZFSTEERING,ZF Steering Gear (India) Limited,,EQ,INE116C01012,2026-04-20,ZFSTEERING.NS,2039200.4909667969,1642,False,True
BATLIBOI,Batliboi Limited,,EQ,INE177C01022,2026-04-20,BATLIBOI.NS,1914845.342250824,1650,False,True
CIFL,Capital India Finance Limited,,EQ,INE345H01024,2025-04-17,CIFL.NS,1909589.4440431595,1652,False,True
KNAGRI,KN Agri Resources Limited,,EQ,INE0KNW01016,2025-12-09,KNAGRI.NS,1864475.9315948486,1656,False,True
FINKURVE,Finkurve Financial Services Limited,,EQ,INE734I01027,2025-10-01,FINKURVE.NS,1804476.1416778564,1661,False,True
INDOUS,Indo Us Biotech Limited,,EQ,INE250Z01010,2024-09-27,INDOUS.NS,1543808.613910675,1674,False,True
HILINFRA,Highway Infrastructure Limited,,EQ,INE00RL01028,2025-08-12,HILINFRA.NS,1538042.2539787292,1676,False,True
SRTL,Shree Ram Twistex Limited,,EQ,INE19GK01015,2026-03-02,SRTL.NS,1530982.8157196045,1677,False,True
TECHNVISN,TechNVision Ventures Limited,,EQ,INE314H01012,2026-04-20,TECHNVISN.NS,1522738.1831054688,1678,False,True
BENGALASM,Bengal & Assam Company Limited,,EQ,INE083K01017,2026-04-20,BENGALASM.NS,1466820.5,1682,False,True
KRISHIVAL,Krishival Foods Limited,,EQ,INE0GGO01015,2025-06-20,KRISHIVAL.NS,1394334.1141204834,1690,False,True
AARNAV,Aarnav Fashions Limited,,EQ,INE750R01016,2026-02-25,AARNAV.NS,1383701.295721054,1692,False,True
QMSMEDI,QMS Medical Allied Services Limited,,EQ,INE0FMW01018,2026-06-18,QMSMEDI.NS,1315185.35181427,1698,False,True
XTGLOBAL,Xtglobal Infotech Limited,,EQ,INE547B01028,2024-09-16,XTGLOBAL.NS,1295127.8573675156,1701,False,True
ELCIDIN,EL CID Investments Limited,,EQ,INE927X01018,2026-04-20,ELCIDIN.NS,1278267.16015625,1703,False,True
KOTIC,Kothari Industrial Corporation Limited,,EQ,INE972A01020,2026-04-20,KOTIC.NS,1269415.387840271,1706,False,True
BIRLAPREC,Birla Precision Technologies Limited,,EQ,INE372E01025,2026-04-20,BIRLAPREC.NS,1206387.1748428345,1715,False,True
INNOVANA,Innovana Thinklabs Limited,,EQ,INE403Y01018,2024-12-17,INNOVANA.NS,1176126.9753723145,1717,False,True
CPEDU,Career Point Edutech Limited,,EQ,INE0P6P01016,2025-09-05,CPEDU.NS,1159682.7944869995,1720,False,True
JKIPL,Jinkushal Industries Limited,,EQ,INE1FF001016,2025-10-03,JKIPL.NS,1151411.1597557068,1721,False,True
COMFINTE,Comfort Intech Limited,,EQ,INE819A01049,2026-04-20,COMFINTE.NS,1119966.902570486,1731,False,True
EUROBOND,Euro Panel Products Limited,,EQ,INE505V01016,2025-08-01,EUROBOND.NS,1079655.611831665,1733,False,True
MONEYBOXX,Moneyboxx Finance Limited,,EQ,INE296Q01012,2025-10-15,MONEYBOXX.NS,1072044.410873413,1735,False,True
SUPREME,Supreme Holdings & Hospitality (India) Limited,,EQ,INE822E01011,2025-02-03,SUPREME.NS,1061878.3215198517,1736,False,True
SSDL,Saraswati Saree Depot Limited,,EQ,INE0PQ101010,2024-08-20,SSDL.NS,1004189.0700073242,1747,False,True
RAJPALAYAM,Rajapalayam Mills Limited,,EQ,INE296E01026,2026-04-20,RAJPALAYAM.NS,984126.9426269531,1750,False,True
MADHAVIPL,Madhav Infra Projects Limited,,EQ,INE631R01026,2026-04-20,MADHAVIPL.NS,970280.9374432564,1751,False,True
GRADIENTE,Gradiente Infotainment Limited,,EQ,INE361K01017,2026-05-08,GRADIENTE.NS,901601.4827501774,1765,False,True
GLOBECIVIL,Globe Civil Projects Limited,,EQ,INE0V3U01015,2025-07-01,GLOBECIVIL.NS,886521.9750900269,1767,False,True
SRD,Shankar Lal Rampal Dye-Chem Limited,,EQ,INE01NE01012,2024-10-09,SRD.NS,856969.1125640869,1770,False,True
VMSTMT,VMS TMT Limited,,EQ,INE0SJA01013,2025-09-24,VMSTMT.NS,818831.2544555664,1776,False,True
NATCAPSUQ,Natural Capsules Limited,,EQ,INE936B01015,2025-02-14,NATCAPSUQ.NS,765908.6674804688,1784,False,True
BCPL,BCPL Railway Infrastructure Limited,,EQ,INE00SW01015,2026-03-27,BCPL.NS,747455.595211029,1787,False,True
SHBAJRG,Shri Bajrang Alliance Limited,,EQ,INE402H01015,2026-04-20,SHBAJRG.NS,728178.5188064575,1792,False,True
DAICHI,Dai-Ichi Karkaria Limited,,EQ,INE928C01010,2026-04-20,DAICHI.NS,705177.7725830078,1794,False,True
ISHANCH,Ishan Dyes and Chemicals Limited,,EQ,INE561M01018,2025-03-24,ISHANCH.NS,691376.1624259949,1795,False,True
SAHLIBHFI,Shalibhadra Finance Limited,,EQ,INE861D01011,2026-04-10,SAHLIBHFI.NS,683180.3646354675,1796,False,True
BALAJEE,Shree Tirupati Balajee Agro Trading Company Limited,,EQ,INE0S2G01011,2024-09-12,BALAJEE.NS,617605.320479393,1814,False,True
BEEKAY,Beekay Steel Industries Limited,,EQ,INE213D01015,2026-04-20,BEEKAY.NS,615542.7253570557,1816,False,True
SURYALA,Suryalata Spinning Mills Limited,,EQ,INE132C01027,2026-04-20,SURYALA.NS,590797.4289855957,1825,False,True
KIRANVYPAR,Kiran Vyapar Limited,,EQ,INE555P01013,2026-04-20,KIRANVYPAR.NS,543341.7549972534,1836,False,True
BNAGROCHEM,BN Agrochem Limited,,EQ,INE00HZ01011,2026-04-20,BNAGROCHEM.NS,531288.6923217773,1841,False,True
SICAGEN,Sicagen India Limited,,EQ,INE176J01011,2026-04-20,SICAGEN.NS,511265.6422805786,1848,False,True
RRIL,RRIL Limited,,EQ,INE951M01037,2026-04-20,RRIL.NS,469914.37195301056,1856,False,True
ABMKNO,ABM Knowledgeware Limited,,EQ,INE850B01026,2026-04-20,ABMKNO.NS,432179.693611145,1869,False,True
RVTH,Revathi Equipment India Limited,,EQ,INE0DAB01012,2024-09-11,RVTH.NS,421710.703704834,1873,False,True
GRANDOAK,Grand Oak Canyons Distillery Limited,,EQ,INE926B01016,2026-04-20,GRANDOAK.NS,419810.4271068573,1875,False,True
NATIONSTD,National Standard (India) Limited,,EQ,INE166R01015,2026-04-20,NATIONSTD.NS,387838.10858154297,1887,False,True
RUDRA,Rudra Global Infra Products Limited,,EQ,INE027T01023,2025-12-19,RUDRA.NS,387132.1283092499,1888,False,True
ORCHASP,Orchasp Limited,,EQ,INE215B01022,2025-02-07,ORCHASP.NS,371759.59908509254,1893,False,True
ODIGMA,Odigma Consultancy Solutions Limited,,EQ,INE054301028,2024-12-12,ODIGMA.NS,346868.00414180756,1900,False,True
BIMETAL,Bimetal Bearings Limited,,EQ,INE469A01019,2026-04-20,BIMETAL.NS,346586.7781677246,1901,False,True
BI,Bilcare Limited,,EQ,INE986A01012,2026-04-20,BI.NS,340581.8969783783,1903,False,True
KSR,KSR Footwear Limited,,EQ,INE1SPP01016,2025-11-27,KSR.NS,330440.16588783264,1909,False,True
MMWL,Media Matrix Worldwide Limited,,EQ,INE200D01020,2026-04-20,MMWL.NS,288248.085670948,1922,False,True
BONLON,Bonlon Industries Limited,,EQ,INE0B9A01018,2026-02-20,BONLON.NS,272413.91049575806,1932,False,True
ZSARACOM,Saraswati Commercial India Limited,,EQ,INE967G01019,2026-04-20,ZSARACOM.NS,267319.0,1934,False,True
KANCHI,Kanchi Karpooram Limited,,EQ,INE081G01019,2026-04-20,KANCHI.NS,256515.37536621094,1937,False,True
NIMBSPROJ,Nimbus Projects Limited,,EQ,INE875B01015,2026-04-06,NIMBSPROJ.NS,230121.2502670288,1949,False,True
SAPPL,Shree Ajit Pulp & Paper Limited,,EQ,INE185C01017,2026-04-20,SAPPL.NS,216445.64736938477,1955,False,True
ABANSENT,Abans Enterprises Limited,,EQ,INE365O01028,2026-04-20,ABANSENT.NS,209380.56060791016,1957,False,True
AEPL,Artemis Electricals and Projects Limited,,EQ,INE757T01025,2026-03-12,AEPL.NS,182866.6659936905,1964,False,True
PREMCO,Premco Global Limited,,EQ,INE001E01012,2026-04-20,PREMCO.NS,182441.90301513672,1965,False,True
INDPRUD,Industrial & Prudential Investment Company Limited,,EQ,INE620D01011,2026-04-20,INDPRUD.NS,182085.86865234375,1966,False,True
PML,Paul Merchants Limited,,EQ,INE291E01019,2026-04-20,PML.NS,177386.625,1968,False,True
LAHOTIOV,Lahoti Overseas Limited,,EQ,INE515C01023,2026-04-20,LAHOTIOV.NS,146775.4026260376,1987,False,True
METROGLOBL,Metroglobal Limited,,EQ,INE085D01033,2026-04-20,METROGLOBL.NS,143205.60216522217,1992,False,True
IWP,The Indian Wood Products Company Limited,,EQ,INE586E01020,2026-04-20,IWP.NS,132407.11380386353,1996,False,True
SHIVAUM,Shiv Aum Steels Limited,,EQ,INE719F01016,2025-11-14,SHIVAUM.NS,127834.79901123047,2000,False,True
QUINT,Quint Digital Limited,,EQ,INE641R01017,2026-04-20,QUINT.NS,96187.7733039856,2015,False,True
MCCHRLS-B,Mac Charles India Limited,,EQ,INE435D01014,2026-04-20,MCCHRLS-B.NS,87254.34826660156,2021,False,True
HBESD,HB Estate Developers Limited,,EQ,INE640B01021,2026-04-20,HBESD.NS,86395.00463104248,2022,False,True
MERCANTILE,Mercantile Ventures Limited,,EQ,INE689O01013,2026-04-20,MERCANTILE.NS,85648.96893692017,2023,False,True
MFML,Mahalaxmi Fabric Mills Limited,,EQ,INE0US801024,2024-08-27,MFML.NS,68720.03410816193,2037,False,True
GRAVISSHO,Graviss Hospitality Limited,,EQ,INE214F01026,2026-04-20,GRAVISSHO.NS,60104.750619888306,2041,False,True
GLOBALE,Globale Tessile Limited,,EQ,INE0URU01010,2024-08-27,GLOBALE.NS,59054.59911632538,2042,False,True
SHRIKRISH,Shri Krishna Devcon Limited,,EQ,INE997I01012,2026-04-20,SHRIKRISH.NS,44964.746101379395,2050,False,True
ASTAR,Asian Star Company Limited,,EQ,INE194D01017,2026-04-20,ASTAR.NS,43365.0,2052,False,True
NEAGI,Neelamalai Agro Industries Limited,,EQ,INE605D01012,2026-04-20,NEAGI.NS,30464.6142578125,2056,False,True
SAYAJIHOTL,Sayaji Hotels Limited,,EQ,INE318C01014,2026-04-20,SAYAJIHOTL.NS,5909.5001220703125,2065,False,True
SONAL,Sonal Mercantile Limited,,EQ,INE321M01017,2026-04-20,SONAL.NS,3999.0,2066,False,True
AASTHA,Aastha Spintex Limited,,EQ,INE2FMX01012,2026-07-06,AASTHA.NS,,,False,True
ABCOTS,A B Cotspin India Limited,,EQ,INE08PH01015,2025-09-24,ABCOTS.NS,,,False,True
AGL,Allcargo Global Limited,,EQ,INE1YPB01014,2026-07-03,AGL.NS,,,False,True
ALPINETEX,Alpine Texworld Limited,,EQ,INE1JCQ01037,2026-07-21,ALPINETEX.NS,,,False,True
ARDEE,Ardee Industries Limited,,EQ,INE0XNF01022,2026-08-12,ARDEE.NS,,,False,True
CMLL,Caliber Mining and Logistics Limited,,EQ,INE11XY01018,2026-07-24,CMLL.NS,,,False,True
CORDELIA,Waterways Leisure Tourism Limited,,EQ,INE0LZF01013,2026-07-01,CORDELIA.NS,,,False,True
CPL,Captain Polyplast Limited,,EQ,INE536P01021,2026-07-23,CPL.NS,,,False,True
CSM,CSM Technologies Limited,,EQ,INE0ZK601013,2026-07-02,CSM.NS,,,False,True
CURAA,Cura Technologies Limited,,EQ,INE117B01020,2025-03-21,CURAA.NS,,,False,True
GCSL,Gretex Corporate Services Limited,,EQ,INE199P01028,2025-09-04,GCSL.NS,,,False,True
GODAVARIB,Godavari Biorefineries Limited,,EQ,INE497S01012,2024-10-30,GODAVARIB.NS,,,False,True
GYFTR,Gyftr Limited,,EQ,INE724A01017,2026-07-10,GYFTR.NS,,,False,True
INDOMIM,INDO-MIM Limited,,EQ,INE084101034,2026-07-30,INDOMIM.NS,,,False,True
JNPR,Juniper Green Energy Limited,,EQ,INE05C901015,2026-08-06,JNPR.NS,,,False,True
KNACK,Knack Packaging Limited,,EQ,INE17QZ01016,2026-07-08,KNACK.NS,,,False,True
KUSUMGAR,Kusumgar Limited,,EQ,INE0ISX01025,2026-07-15,KUSUMGAR.NS,,,False,True
LASERPOWER,Laser Power & Infra Limited,,EQ,INE17IR01028,2026-07-16,LASERPOWER.NS,,,False,True
LCL,Lohia Corp Limited,,EQ,INE0QJW01029,2026-07-30,LCL.NS,,,False,True
MANIPALHOS,Manipal Health Enterprises Limited,,EQ,INE459N01021,2026-08-05,MANIPALHOS.NS,,,False,True
MVELECTRO,MV Electrosystems Limited,,EQ,INE0OWZ01020,2026-08-06,MVELECTRO.NS,,,False,True
RAMBHAJO,Advit Jewels Limited,,EQ,INE1SJO01012,2026-07-01,RAMBHAJO.NS,,,False,True
RIR,RIR Power Electronics Limited,,EQ,INE302D01024,2026-07-16,RIR.NS,,,False,True
ROSSTECH,Rossell Techsys Limited,,EQ,INE0OJW01016,2024-12-09,ROSSTECH.NS,,,False,True
SBIFUNDS,SBI Funds Management Limited,,EQ,INE640G01020,2026-07-21,SBIFUNDS.NS,,,False,True
SHUKRAPHAR,Shukra Pharmaceuticals Limited,,EQ,INE551C01044,2026-08-14,SHUKRAPHAR.NS,,,False,True
SOLEX,Solex Energy Limited,,EQ,INE880Y01017,2025-10-08,SOLEX.NS,,,False,True
SURAJLTD,Suraj Limited,,EQ,INE713C01016,2024-08-29,SURAJLTD.NS,,,False,True
SWARAJ,Swaraj Suiting Limited,,EQ,INE0GMR01016,2026-08-13,SWARAJ.NS,,,False,True
THAKDEV,Thakkers Developers Limited,,EQ,INE403F01017,2026-04-20,THAKDEV.NS,,,False,True
TURTLEMINT,Turtlemint Fintech Solutions Limited,,EQ,INE0OC301013,2026-06-29,TURTLEMINT.NS,,,False,True
VOEPL,Virtuoso Optoelectronics Limited,,EQ,INE0I0T01010,2026-07-01,VOEPL.NS,,,False,True
XTRANET,Xtranet Technologies Limited,,EQ,INE0NG701011,2026-07-30,XTRANET.NS,,,False,True
